node_id,date,metric_name,value,delay_flag
SUP_01,2025-01-01,Delivery To Distributor,377.16,0
SUP_01,2025-01-02,Delivery To Distributor,304.25,0
SUP_01,2025-01-03,Delivery To Distributor,512.67,0
SUP_01,2025-01-04,Delivery To Distributor,411.75,0
SUP_01,2025-01-05,Delivery To Distributor,464.39,0
SUP_01,2025-01-06,Delivery To Distributor,476.89,0
SUP_01,2025-01-07,Delivery To Distributor,426.16,0
SUP_01,2025-01-08,Delivery To Distributor,392.61,0
SUP_01,2025-01-09,Delivery To Distributor,382.01,0
SUP_01,2025-01-10,Delivery To Distributor,464.89,0
SUP_01,2025-01-11,Delivery To Distributor,430.78,0
SUP_01,2025-01-12,Delivery To Distributor,435.58,0
SUP_01,2025-01-13,Delivery To Distributor,382.99,0
SUP_01,2025-01-14,Delivery To Distributor,322.45,0
SUP_01,2025-01-15,Delivery To Distributor,497.24,0
SUP_01,2025-01-16,Delivery To Distributor,391.53,0
SUP_01,2025-01-17,Delivery To Distributor,477.83,0
SUP_01,2025-01-18,Delivery To Distributor,540.71,0
SUP_01,2025-01-19,Delivery To Distributor,567.82,0
SUP_01,2025-01-20,Delivery To Distributor,398.03,0
SUP_01,2025-01-21,Delivery To Distributor,310.82,0
SUP_01,2025-01-22,Delivery To Distributor,374.06,0
SUP_01,2025-01-23,Delivery To Distributor,549.88,0
SUP_01,2025-01-24,Delivery To Distributor,415.42,0
SUP_01,2025-01-25,Delivery To Distributor,454.35,0
SUP_01,2025-01-26,Delivery To Distributor,438.56,0
SUP_01,2025-01-27,Delivery To Distributor,406.4,0
SUP_01,2025-01-28,Delivery To Distributor,482.1,0
SUP_01,2025-01-29,Delivery To Distributor,536.5,0
SUP_01,2025-01-30,Delivery To Distributor,577.43,0
SUP_01,2025-01-31,Delivery To Distributor,447.73,0
SUP_01,2025-02-01,Delivery To Distributor,338.67,0
SUP_01,2025-02-02,Delivery To Distributor,476.27,0
SUP_01,2025-02-03,Delivery To Distributor,412.38,0
SUP_01,2025-02-04,Delivery To Distributor,389.86,0
SUP_01,2025-02-05,Delivery To Distributor,282.92,0
SUP_01,2025-02-06,Delivery To Distributor,495.73,0
SUP_01,2025-02-07,Delivery To Distributor,465.68,0
SUP_01,2025-02-08,Delivery To Distributor,428.28,0
SUP_01,2025-02-09,Delivery To Distributor,414.74,0
SUP_01,2025-02-10,Delivery To Distributor,473.38,0
SUP_01,2025-02-11,Delivery To Distributor,385.51,0
SUP_01,2025-02-12,Delivery To Distributor,482.07,0
SUP_01,2025-02-13,Delivery To Distributor,527.38,0
SUP_01,2025-02-14,Delivery To Distributor,442.35,0
SUP_01,2025-02-15,Delivery To Distributor,470.5,0
SUP_01,2025-02-16,Delivery To Distributor,292.49,0
SUP_01,2025-02-17,Delivery To Distributor,407.89,0
SUP_01,2025-02-18,Delivery To Distributor,294.76,0
SUP_01,2025-02-19,Delivery To Distributor,433.51,0
SUP_01,2025-02-20,Delivery To Distributor,467.01,0
SUP_01,2025-02-21,Delivery To Distributor,439.24,0
SUP_01,2025-02-22,Delivery To Distributor,402.16,0
SUP_01,2025-02-23,Delivery To Distributor,486.44,0
SUP_01,2025-02-24,Delivery To Distributor,409.25,0
SUP_01,2025-02-25,Delivery To Distributor,432.06,0
SUP_01,2025-02-26,Delivery To Distributor,425.0,0
SUP_01,2025-02-27,Delivery To Distributor,323.6,0
SUP_01,2025-02-28,Delivery To Distributor,401.29,0
SUP_01,2025-03-01,Delivery To Distributor,431.39,0
SUP_01,2025-03-02,Delivery To Distributor,394.86,0
SUP_01,2025-03-03,Delivery To Distributor,414.94,0
SUP_01,2025-03-04,Delivery To Distributor,508.22,0
SUP_01,2025-03-05,Delivery To Distributor,413.56,0
SUP_01,2025-03-06,Delivery To Distributor,423.86,0
SUP_01,2025-03-07,Delivery To Distributor,413.23,0
SUP_01,2025-03-08,Delivery To Distributor,329.76,0
SUP_01,2025-03-09,Delivery To Distributor,513.69,0
SUP_01,2025-03-10,Delivery To Distributor,413.15,0
SUP_01,2025-03-11,Delivery To Distributor,436.13,0
SUP_01,2025-03-12,Delivery To Distributor,381.29,0
SUP_01,2025-03-13,Delivery To Distributor,343.18,0
SUP_01,2025-03-14,Delivery To Distributor,369.52,0
SUP_01,2025-03-15,Delivery To Distributor,517.96,0
SUP_01,2025-03-16,Delivery To Distributor,488.72,0
SUP_01,2025-03-17,Delivery To Distributor,341.37,0
SUP_01,2025-03-18,Delivery To Distributor,379.13,0
SUP_01,2025-03-19,Delivery To Distributor,455.26,0
SUP_01,2025-03-20,Delivery To Distributor,514.59,0
SUP_01,2025-03-21,Delivery To Distributor,391.41,0
SUP_01,2025-03-22,Delivery To Distributor,359.18,0
SUP_01,2025-03-23,Delivery To Distributor,402.52,0
SUP_01,2025-03-24,Delivery To Distributor,411.11,0
SUP_01,2025-03-25,Delivery To Distributor,557.07,0
SUP_01,2025-03-26,Delivery To Distributor,447.05,0
SUP_01,2025-03-27,Delivery To Distributor,412.65,0
SUP_01,2025-03-28,Delivery To Distributor,398.58,0
SUP_01,2025-03-29,Delivery To Distributor,379.53,0
SUP_01,2025-03-30,Delivery To Distributor,395.57,0
SUP_01,2025-03-31,Delivery To Distributor,423.37,0
SUP_01,2025-04-01,Delivery To Distributor,465.52,0
SUP_01,2025-04-02,Delivery To Distributor,324.05,0
SUP_01,2025-04-03,Delivery To Distributor,443.47,0
SUP_01,2025-04-04,Delivery To Distributor,439.71,0
SUP_01,2025-04-05,Delivery To Distributor,400.7,0
SUP_01,2025-04-06,Delivery To Distributor,449.8,0
SUP_01,2025-04-07,Delivery To Distributor,458.14,0
SUP_01,2025-04-08,Delivery To Distributor,326.1,0
SUP_01,2025-04-09,Delivery To Distributor,430.48,0
SUP_01,2025-04-10,Delivery To Distributor,418.68,0
SUP_02,2025-01-01,Delivery To Distributor,662.74,0
SUP_02,2025-01-02,Delivery To Distributor,445.14,0
SUP_02,2025-01-03,Delivery To Distributor,549.97,0
SUP_02,2025-01-04,Delivery To Distributor,292.19,0
SUP_02,2025-01-05,Delivery To Distributor,527.52,0
SUP_02,2025-01-06,Delivery To Distributor,578.42,0
SUP_02,2025-01-07,Delivery To Distributor,525.98,0
SUP_02,2025-01-08,Delivery To Distributor,319.28,0
SUP_02,2025-01-09,Delivery To Distributor,586.72,0
SUP_02,2025-01-10,Delivery To Distributor,260.0,0
SUP_02,2025-01-11,Delivery To Distributor,477.8,0
SUP_02,2025-01-12,Delivery To Distributor,466.4,0
SUP_02,2025-01-13,Delivery To Distributor,400.07,0
SUP_02,2025-01-14,Delivery To Distributor,340.86,0
SUP_02,2025-01-15,Delivery To Distributor,423.66,0
SUP_02,2025-01-16,Delivery To Distributor,370.9,0
SUP_02,2025-01-17,Delivery To Distributor,696.26,0
SUP_02,2025-01-18,Delivery To Distributor,601.25,0
SUP_02,2025-01-19,Delivery To Distributor,657.9,0
SUP_02,2025-01-20,Delivery To Distributor,430.62,0
SUP_02,2025-01-21,Delivery To Distributor,429.47,0
SUP_02,2025-01-22,Delivery To Distributor,466.89,0
SUP_02,2025-01-23,Delivery To Distributor,526.52,0
SUP_02,2025-01-24,Delivery To Distributor,480.32,0
SUP_02,2025-01-25,Delivery To Distributor,277.97,0
SUP_02,2025-01-26,Delivery To Distributor,397.59,0
SUP_02,2025-01-27,Delivery To Distributor,552.11,0
SUP_02,2025-01-28,Delivery To Distributor,794.73,0
SUP_02,2025-01-29,Delivery To Distributor,358.45,0
SUP_02,2025-01-30,Delivery To Distributor,373.07,0
SUP_02,2025-01-31,Delivery To Distributor,378.21,0
SUP_02,2025-02-01,Delivery To Distributor,616.91,0
SUP_02,2025-02-02,Delivery To Distributor,455.93,0
SUP_02,2025-02-03,Delivery To Distributor,389.91,0
SUP_02,2025-02-04,Delivery To Distributor,430.89,0
SUP_02,2025-02-05,Delivery To Distributor,438.58,0
SUP_02,2025-02-06,Delivery To Distributor,464.22,0
SUP_02,2025-02-07,Delivery To Distributor,503.01,0
SUP_02,2025-02-08,Delivery To Distributor,526.66,0
SUP_02,2025-02-09,Delivery To Distributor,554.19,0
SUP_02,2025-02-10,Delivery To Distributor,626.12,0
SUP_02,2025-02-11,Delivery To Distributor,390.19,0
SUP_02,2025-02-12,Delivery To Distributor,409.76,0
SUP_02,2025-02-13,Delivery To Distributor,375.05,0
SUP_02,2025-02-14,Delivery To Distributor,469.63,0
SUP_02,2025-02-15,Delivery To Distributor,531.89,0
SUP_02,2025-02-16,Delivery To Distributor,503.22,0
SUP_02,2025-02-17,Delivery To Distributor,421.06,0
SUP_02,2025-02-18,Delivery To Distributor,308.72,0
SUP_02,2025-02-19,Delivery To Distributor,292.6,0
SUP_02,2025-02-20,Delivery To Distributor,299.4,0
SUP_02,2025-02-21,Delivery To Distributor,331.86,0
SUP_02,2025-02-22,Delivery To Distributor,394.4,0
SUP_02,2025-02-23,Delivery To Distributor,560.3,0
SUP_02,2025-02-24,Delivery To Distributor,521.75,0
SUP_02,2025-02-25,Delivery To Distributor,233.54,0
SUP_02,2025-02-26,Delivery To Distributor,236.66,0
SUP_02,2025-02-27,Delivery To Distributor,388.4,0
SUP_02,2025-02-28,Delivery To Distributor,523.16,0
SUP_02,2025-03-01,Delivery To Distributor,405.08,0
SUP_02,2025-03-02,Delivery To Distributor,426.3,0
SUP_02,2025-03-03,Delivery To Distributor,376.92,0
SUP_02,2025-03-04,Delivery To Distributor,536.56,0
SUP_02,2025-03-05,Delivery To Distributor,471.44,0
SUP_02,2025-03-06,Delivery To Distributor,405.4,0
SUP_02,2025-03-07,Delivery To Distributor,243.1,0
SUP_02,2025-03-08,Delivery To Distributor,447.16,0
SUP_02,2025-03-09,Delivery To Distributor,376.09,0
SUP_02,2025-03-10,Delivery To Distributor,443.91,0
SUP_02,2025-03-11,Delivery To Distributor,217.11,0
SUP_02,2025-03-12,Delivery To Distributor,641.62,0
SUP_02,2025-03-13,Delivery To Distributor,441.36,0
SUP_02,2025-03-14,Delivery To Distributor,573.97,0
SUP_02,2025-03-15,Delivery To Distributor,517.23,0
SUP_02,2025-03-16,Delivery To Distributor,532.77,0
SUP_02,2025-03-17,Delivery To Distributor,362.48,0
SUP_02,2025-03-18,Delivery To Distributor,341.88,0
SUP_02,2025-03-19,Delivery To Distributor,245.2,0
SUP_02,2025-03-20,Delivery To Distributor,518.97,0
SUP_02,2025-03-21,Delivery To Distributor,466.28,0
SUP_02,2025-03-22,Delivery To Distributor,501.95,0
SUP_02,2025-03-23,Delivery To Distributor,303.28,0
SUP_02,2025-03-24,Delivery To Distributor,417.62,0
SUP_02,2025-03-25,Delivery To Distributor,274.65,0
SUP_02,2025-03-26,Delivery To Distributor,201.66,0
SUP_02,2025-03-27,Delivery To Distributor,425.43,0
SUP_02,2025-03-28,Delivery To Distributor,233.73,0
SUP_02,2025-03-29,Delivery To Distributor,878.89,0
SUP_02,2025-03-30,Delivery To Distributor,489.13,0
SUP_02,2025-03-31,Delivery To Distributor,587.82,0
SUP_02,2025-04-01,Delivery To Distributor,543.34,0
SUP_02,2025-04-02,Delivery To Distributor,457.53,0
SUP_02,2025-04-03,Delivery To Distributor,282.15,0
SUP_02,2025-04-04,Delivery To Distributor,456.98,0
SUP_02,2025-04-05,Delivery To Distributor,650.76,0
SUP_02,2025-04-06,Delivery To Distributor,307.18,0
SUP_02,2025-04-07,Delivery To Distributor,569.6,0
SUP_02,2025-04-08,Delivery To Distributor,399.55,0
SUP_02,2025-04-09,Delivery To Distributor,541.26,0
SUP_02,2025-04-10,Delivery To Distributor,339.51,0
SUP_03,2025-01-01,Delivery To Distributor,570.61,0
SUP_03,2025-01-02,Delivery To Distributor,605.78,0
SUP_03,2025-01-03,Delivery To Distributor,397.86,0
SUP_03,2025-01-04,Delivery To Distributor,440.01,0
SUP_03,2025-01-05,Delivery To Distributor,502.83,0
SUP_03,2025-01-06,Delivery To Distributor,518.39,0
SUP_03,2025-01-07,Delivery To Distributor,621.6,0
SUP_03,2025-01-08,Delivery To Distributor,412.34,0
SUP_03,2025-01-09,Delivery To Distributor,406.16,0
SUP_03,2025-01-10,Delivery To Distributor,438.79,0
SUP_03,2025-01-11,Delivery To Distributor,477.72,0
SUP_03,2025-01-12,Delivery To Distributor,226.79,0
SUP_03,2025-01-13,Delivery To Distributor,512.1,0
SUP_03,2025-01-14,Delivery To Distributor,590.2,0
SUP_03,2025-01-15,Delivery To Distributor,450.09,0
SUP_03,2025-01-16,Delivery To Distributor,481.9,0
SUP_03,2025-01-17,Delivery To Distributor,363.42,0
SUP_03,2025-01-18,Delivery To Distributor,475.1,0
SUP_03,2025-01-19,Delivery To Distributor,409.79,0
SUP_03,2025-01-20,Delivery To Distributor,449.88,0
SUP_03,2025-01-21,Delivery To Distributor,332.66,0
SUP_03,2025-01-22,Delivery To Distributor,499.23,0
SUP_03,2025-01-23,Delivery To Distributor,593.94,0
SUP_03,2025-01-24,Delivery To Distributor,376.14,0
SUP_03,2025-01-25,Delivery To Distributor,447.42,0
SUP_03,2025-01-26,Delivery To Distributor,584.26,0
SUP_03,2025-01-27,Delivery To Distributor,400.62,0
SUP_03,2025-01-28,Delivery To Distributor,278.66,0
SUP_03,2025-01-29,Delivery To Distributor,502.74,0
SUP_03,2025-01-30,Delivery To Distributor,398.29,0
SUP_03,2025-01-31,Delivery To Distributor,472.98,0
SUP_03,2025-02-01,Delivery To Distributor,415.57,0
SUP_03,2025-02-02,Delivery To Distributor,475.32,0
SUP_03,2025-02-03,Delivery To Distributor,412.56,0
SUP_03,2025-02-04,Delivery To Distributor,354.56,0
SUP_03,2025-02-05,Delivery To Distributor,567.02,0
SUP_03,2025-02-06,Delivery To Distributor,400.06,0
SUP_03,2025-02-07,Delivery To Distributor,523.9,0
SUP_03,2025-02-08,Delivery To Distributor,660.56,0
SUP_03,2025-02-09,Delivery To Distributor,337.4,0
SUP_03,2025-02-10,Delivery To Distributor,405.53,0
SUP_03,2025-02-11,Delivery To Distributor,436.29,0
SUP_03,2025-02-12,Delivery To Distributor,395.82,0
SUP_03,2025-02-13,Delivery To Distributor,501.48,0
SUP_03,2025-02-14,Delivery To Distributor,280.7,0
SUP_03,2025-02-15,Delivery To Distributor,270.44,0
SUP_03,2025-02-16,Delivery To Distributor,360.94,0
SUP_03,2025-02-17,Delivery To Distributor,455.64,0
SUP_03,2025-02-18,Delivery To Distributor,502.9,0
SUP_03,2025-02-19,Delivery To Distributor,507.36,0
SUP_03,2025-02-20,Delivery To Distributor,385.09,0
SUP_03,2025-02-21,Delivery To Distributor,175.46,0
SUP_03,2025-02-22,Delivery To Distributor,512.91,0
SUP_03,2025-02-23,Delivery To Distributor,324.13,0
SUP_03,2025-02-24,Delivery To Distributor,474.44,0
SUP_03,2025-02-25,Delivery To Distributor,415.71,0
SUP_03,2025-02-26,Delivery To Distributor,288.23,0
SUP_03,2025-02-27,Delivery To Distributor,472.23,0
SUP_03,2025-02-28,Delivery To Distributor,456.19,0
SUP_03,2025-03-01,Delivery To Distributor,544.78,0
SUP_03,2025-03-02,Delivery To Distributor,454.33,0
SUP_03,2025-03-03,Delivery To Distributor,705.85,0
SUP_03,2025-03-04,Delivery To Distributor,306.36,0
SUP_03,2025-03-05,Delivery To Distributor,711.22,0
SUP_03,2025-03-06,Delivery To Distributor,666.26,0
SUP_03,2025-03-07,Delivery To Distributor,382.94,0
SUP_03,2025-03-08,Delivery To Distributor,253.03,0
SUP_03,2025-03-09,Delivery To Distributor,363.09,0
SUP_03,2025-03-10,Delivery To Distributor,380.35,0
SUP_03,2025-03-11,Delivery To Distributor,504.96,0
SUP_03,2025-03-12,Delivery To Distributor,510.63,0
SUP_03,2025-03-13,Delivery To Distributor,512.96,0
SUP_03,2025-03-14,Delivery To Distributor,175.69,0
SUP_03,2025-03-15,Delivery To Distributor,150.38,0
SUP_03,2025-03-16,Delivery To Distributor,449.65,0
SUP_03,2025-03-17,Delivery To Distributor,610.1,0
SUP_03,2025-03-18,Delivery To Distributor,446.01,0
SUP_03,2025-03-19,Delivery To Distributor,681.96,0
SUP_03,2025-03-20,Delivery To Distributor,268.5,0
SUP_03,2025-03-21,Delivery To Distributor,436.24,0
SUP_03,2025-03-22,Delivery To Distributor,590.37,0
SUP_03,2025-03-23,Delivery To Distributor,445.26,0
SUP_03,2025-03-24,Delivery To Distributor,616.41,0
SUP_03,2025-03-25,Delivery To Distributor,556.11,0
SUP_03,2025-03-26,Delivery To Distributor,384.08,0
SUP_03,2025-03-27,Delivery To Distributor,384.79,0
SUP_03,2025-03-28,Delivery To Distributor,236.07,0
SUP_03,2025-03-29,Delivery To Distributor,435.77,0
SUP_03,2025-03-30,Delivery To Distributor,696.8,0
SUP_03,2025-03-31,Delivery To Distributor,202.75,0
SUP_03,2025-04-01,Delivery To Distributor,409.72,0
SUP_03,2025-04-02,Delivery To Distributor,576.42,0
SUP_03,2025-04-03,Delivery To Distributor,467.29,0
SUP_03,2025-04-04,Delivery To Distributor,182.08,0
SUP_03,2025-04-05,Delivery To Distributor,412.31,0
SUP_03,2025-04-06,Delivery To Distributor,501.36,0
SUP_03,2025-04-07,Delivery To Distributor,453.01,0
SUP_03,2025-04-08,Delivery To Distributor,385.3,0
SUP_03,2025-04-09,Delivery To Distributor,429.23,0
SUP_03,2025-04-10,Delivery To Distributor,622.2,0
SUP_04,2025-01-01,Delivery To Distributor,393.44,0
SUP_04,2025-01-02,Delivery To Distributor,484.86,0
SUP_04,2025-01-03,Delivery To Distributor,404.75,0
SUP_04,2025-01-04,Delivery To Distributor,427.23,0
SUP_04,2025-01-05,Delivery To Distributor,420.46,0
SUP_04,2025-01-06,Delivery To Distributor,456.52,0
SUP_04,2025-01-07,Delivery To Distributor,474.18,0
SUP_04,2025-01-08,Delivery To Distributor,420.44,0
SUP_04,2025-01-09,Delivery To Distributor,359.16,0
SUP_04,2025-01-10,Delivery To Distributor,409.71,0
SUP_04,2025-01-11,Delivery To Distributor,369.49,0
SUP_04,2025-01-12,Delivery To Distributor,352.65,0
SUP_04,2025-01-13,Delivery To Distributor,409.98,0
SUP_04,2025-01-14,Delivery To Distributor,414.43,0
SUP_04,2025-01-15,Delivery To Distributor,418.85,0
SUP_04,2025-01-16,Delivery To Distributor,366.2,0
SUP_04,2025-01-17,Delivery To Distributor,447.01,0
SUP_04,2025-01-18,Delivery To Distributor,486.08,0
SUP_04,2025-01-19,Delivery To Distributor,412.02,0
SUP_04,2025-01-20,Delivery To Distributor,487.79,0
SUP_04,2025-01-21,Delivery To Distributor,365.71,0
SUP_04,2025-01-22,Delivery To Distributor,456.16,0
SUP_04,2025-01-23,Delivery To Distributor,453.13,0
SUP_04,2025-01-24,Delivery To Distributor,426.93,0
SUP_04,2025-01-25,Delivery To Distributor,430.07,0
SUP_04,2025-01-26,Delivery To Distributor,431.45,0
SUP_04,2025-01-27,Delivery To Distributor,389.39,0
SUP_04,2025-01-28,Delivery To Distributor,374.91,0
SUP_04,2025-01-29,Delivery To Distributor,460.68,0
SUP_04,2025-01-30,Delivery To Distributor,444.24,0
SUP_04,2025-01-31,Delivery To Distributor,442.29,0
SUP_04,2025-02-01,Delivery To Distributor,414.0,0
SUP_04,2025-02-02,Delivery To Distributor,392.55,0
SUP_04,2025-02-03,Delivery To Distributor,392.19,0
SUP_04,2025-02-04,Delivery To Distributor,374.21,0
SUP_04,2025-02-05,Delivery To Distributor,391.02,0
SUP_04,2025-02-06,Delivery To Distributor,447.59,0
SUP_04,2025-02-07,Delivery To Distributor,443.16,0
SUP_04,2025-02-08,Delivery To Distributor,415.79,0
SUP_04,2025-02-09,Delivery To Distributor,480.99,0
SUP_04,2025-02-10,Delivery To Distributor,404.3,0
SUP_04,2025-02-11,Delivery To Distributor,431.25,0
SUP_04,2025-02-12,Delivery To Distributor,487.65,0
SUP_04,2025-02-13,Delivery To Distributor,490.5,0
SUP_04,2025-02-14,Delivery To Distributor,476.91,0
SUP_04,2025-02-15,Delivery To Distributor,476.21,0
SUP_04,2025-02-16,Delivery To Distributor,392.1,0
SUP_04,2025-02-17,Delivery To Distributor,413.72,0
SUP_04,2025-02-18,Delivery To Distributor,401.92,0
SUP_04,2025-02-19,Delivery To Distributor,478.08,0
SUP_04,2025-02-20,Delivery To Distributor,376.47,0
SUP_04,2025-02-21,Delivery To Distributor,409.19,0
SUP_04,2025-02-22,Delivery To Distributor,402.95,0
SUP_04,2025-02-23,Delivery To Distributor,396.07,0
SUP_04,2025-02-24,Delivery To Distributor,393.08,0
SUP_04,2025-02-25,Delivery To Distributor,486.11,0
SUP_04,2025-02-26,Delivery To Distributor,453.87,0
SUP_04,2025-02-27,Delivery To Distributor,431.36,0
SUP_04,2025-02-28,Delivery To Distributor,381.94,0
SUP_04,2025-03-01,Delivery To Distributor,406.17,0
SUP_04,2025-03-02,Delivery To Distributor,434.13,0
SUP_04,2025-03-03,Delivery To Distributor,416.77,0
SUP_04,2025-03-04,Delivery To Distributor,421.06,0
SUP_04,2025-03-05,Delivery To Distributor,406.13,0
SUP_04,2025-03-06,Delivery To Distributor,437.51,0
SUP_04,2025-03-07,Delivery To Distributor,430.31,0
SUP_04,2025-03-08,Delivery To Distributor,450.57,0
SUP_04,2025-03-09,Delivery To Distributor,460.93,0
SUP_04,2025-03-10,Delivery To Distributor,449.68,0
SUP_04,2025-03-11,Delivery To Distributor,415.25,0
SUP_04,2025-03-12,Delivery To Distributor,427.84,0
SUP_04,2025-03-13,Delivery To Distributor,327.94,0
SUP_04,2025-03-14,Delivery To Distributor,405.33,0
SUP_04,2025-03-15,Delivery To Distributor,456.81,0
SUP_04,2025-03-16,Delivery To Distributor,425.23,0
SUP_04,2025-03-17,Delivery To Distributor,382.78,0
SUP_04,2025-03-18,Delivery To Distributor,382.55,0
SUP_04,2025-03-19,Delivery To Distributor,412.63,0
SUP_04,2025-03-20,Delivery To Distributor,402.12,0
SUP_04,2025-03-21,Delivery To Distributor,396.69,0
SUP_04,2025-03-22,Delivery To Distributor,462.92,0
SUP_04,2025-03-23,Delivery To Distributor,480.78,0
SUP_04,2025-03-24,Delivery To Distributor,440.56,0
SUP_04,2025-03-25,Delivery To Distributor,388.64,0
SUP_04,2025-03-26,Delivery To Distributor,484.79,0
SUP_04,2025-03-27,Delivery To Distributor,477.88,0
SUP_04,2025-03-28,Delivery To Distributor,423.19,0
SUP_04,2025-03-29,Delivery To Distributor,451.75,0
SUP_04,2025-03-30,Delivery To Distributor,396.56,0
SUP_04,2025-03-31,Delivery To Distributor,388.46,0
SUP_04,2025-04-01,Delivery To Distributor,490.99,0
SUP_04,2025-04-02,Delivery To Distributor,447.59,0
SUP_04,2025-04-03,Delivery To Distributor,426.63,0
SUP_04,2025-04-04,Delivery To Distributor,435.54,0
SUP_04,2025-04-05,Delivery To Distributor,430.11,0
SUP_04,2025-04-06,Delivery To Distributor,450.88,0
SUP_04,2025-04-07,Delivery To Distributor,467.1,0
SUP_04,2025-04-08,Delivery To Distributor,485.0,0
SUP_04,2025-04-09,Delivery To Distributor,392.98,0
SUP_04,2025-04-10,Delivery To Distributor,424.88,0
SUP_05,2025-01-01,Delivery To Distributor,427.3,0
SUP_05,2025-01-02,Delivery To Distributor,363.75,0
SUP_05,2025-01-03,Delivery To Distributor,494.57,0
SUP_05,2025-01-04,Delivery To Distributor,433.46,0
SUP_05,2025-01-05,Delivery To Distributor,363.83,0
SUP_05,2025-01-06,Delivery To Distributor,427.99,0
SUP_05,2025-01-07,Delivery To Distributor,408.04,0
SUP_05,2025-01-08,Delivery To Distributor,375.84,0
SUP_05,2025-01-09,Delivery To Distributor,478.19,0
SUP_05,2025-01-10,Delivery To Distributor,438.7,0
SUP_05,2025-01-11,Delivery To Distributor,438.92,0
SUP_05,2025-01-12,Delivery To Distributor,477.6,0
SUP_05,2025-01-13,Delivery To Distributor,488.95,0
SUP_05,2025-01-14,Delivery To Distributor,427.88,0
SUP_05,2025-01-15,Delivery To Distributor,390.64,0
SUP_05,2025-01-16,Delivery To Distributor,405.66,0
SUP_05,2025-01-17,Delivery To Distributor,444.81,0
SUP_05,2025-01-18,Delivery To Distributor,410.34,0
SUP_05,2025-01-19,Delivery To Distributor,436.82,0
SUP_05,2025-01-20,Delivery To Distributor,474.62,0
SUP_05,2025-01-21,Delivery To Distributor,483.54,0
SUP_05,2025-01-22,Delivery To Distributor,390.48,0
SUP_05,2025-01-23,Delivery To Distributor,414.71,0
SUP_05,2025-01-24,Delivery To Distributor,476.44,0
SUP_05,2025-01-25,Delivery To Distributor,400.77,0
SUP_05,2025-01-26,Delivery To Distributor,423.34,0
SUP_05,2025-01-27,Delivery To Distributor,441.86,0
SUP_05,2025-01-28,Delivery To Distributor,478.7,0
SUP_05,2025-01-29,Delivery To Distributor,406.46,0
SUP_05,2025-01-30,Delivery To Distributor,456.59,0
SUP_05,2025-01-31,Delivery To Distributor,423.65,0
SUP_05,2025-02-01,Delivery To Distributor,445.69,0
SUP_05,2025-02-02,Delivery To Distributor,422.81,0
SUP_05,2025-02-03,Delivery To Distributor,434.71,0
SUP_05,2025-02-04,Delivery To Distributor,377.42,0
SUP_05,2025-02-05,Delivery To Distributor,388.87,0
SUP_05,2025-02-06,Delivery To Distributor,383.14,0
SUP_05,2025-02-07,Delivery To Distributor,421.89,0
SUP_05,2025-02-08,Delivery To Distributor,429.78,0
SUP_05,2025-02-09,Delivery To Distributor,436.01,0
SUP_05,2025-02-10,Delivery To Distributor,447.83,0
SUP_05,2025-02-11,Delivery To Distributor,361.14,0
SUP_05,2025-02-12,Delivery To Distributor,444.35,0
SUP_05,2025-02-13,Delivery To Distributor,405.46,0
SUP_05,2025-02-14,Delivery To Distributor,363.28,0
SUP_05,2025-02-15,Delivery To Distributor,395.86,0
SUP_05,2025-02-16,Delivery To Distributor,455.68,0
SUP_05,2025-02-17,Delivery To Distributor,371.55,0
SUP_05,2025-02-18,Delivery To Distributor,482.48,0
SUP_05,2025-02-19,Delivery To Distributor,375.37,0
SUP_05,2025-02-20,Delivery To Distributor,416.17,0
SUP_05,2025-02-21,Delivery To Distributor,435.55,0
SUP_05,2025-02-22,Delivery To Distributor,387.63,0
SUP_05,2025-02-23,Delivery To Distributor,387.1,0
SUP_05,2025-02-24,Delivery To Distributor,448.46,0
SUP_05,2025-02-25,Delivery To Distributor,404.16,0
SUP_05,2025-02-26,Delivery To Distributor,389.64,0
SUP_05,2025-02-27,Delivery To Distributor,422.53,0
SUP_05,2025-02-28,Delivery To Distributor,430.44,0
SUP_05,2025-03-01,Delivery To Distributor,450.42,0
SUP_05,2025-03-02,Delivery To Distributor,400.63,0
SUP_05,2025-03-03,Delivery To Distributor,466.84,0
SUP_05,2025-03-04,Delivery To Distributor,412.67,0
SUP_05,2025-03-05,Delivery To Distributor,360.51,0
SUP_05,2025-03-06,Delivery To Distributor,385.46,0
SUP_05,2025-03-07,Delivery To Distributor,435.71,0
SUP_05,2025-03-08,Delivery To Distributor,427.25,0
SUP_05,2025-03-09,Delivery To Distributor,332.35,0
SUP_05,2025-03-10,Delivery To Distributor,369.97,0
SUP_05,2025-03-11,Delivery To Distributor,431.89,0
SUP_05,2025-03-12,Delivery To Distributor,442.03,0
SUP_05,2025-03-13,Delivery To Distributor,366.4,0
SUP_05,2025-03-14,Delivery To Distributor,440.3,0
SUP_05,2025-03-15,Delivery To Distributor,418.7,0
SUP_05,2025-03-16,Delivery To Distributor,425.75,0
SUP_05,2025-03-17,Delivery To Distributor,425.6,0
SUP_05,2025-03-18,Delivery To Distributor,437.93,0
SUP_05,2025-03-19,Delivery To Distributor,427.57,0
SUP_05,2025-03-20,Delivery To Distributor,457.86,0
SUP_05,2025-03-21,Delivery To Distributor,427.32,0
SUP_05,2025-03-22,Delivery To Distributor,469.66,0
SUP_05,2025-03-23,Delivery To Distributor,425.0,0
SUP_05,2025-03-24,Delivery To Distributor,411.03,0
SUP_05,2025-03-25,Delivery To Distributor,321.03,0
SUP_05,2025-03-26,Delivery To Distributor,457.29,0
SUP_05,2025-03-27,Delivery To Distributor,447.61,0
SUP_05,2025-03-28,Delivery To Distributor,358.33,0
SUP_05,2025-03-29,Delivery To Distributor,338.18,0
SUP_05,2025-03-30,Delivery To Distributor,422.96,0
SUP_05,2025-03-31,Delivery To Distributor,385.3,0
SUP_05,2025-04-01,Delivery To Distributor,413.78,0
SUP_05,2025-04-02,Delivery To Distributor,483.86,0
SUP_05,2025-04-03,Delivery To Distributor,421.77,0
SUP_05,2025-04-04,Delivery To Distributor,435.5,0
SUP_05,2025-04-05,Delivery To Distributor,441.58,0
SUP_05,2025-04-06,Delivery To Distributor,440.59,0
SUP_05,2025-04-07,Delivery To Distributor,333.0,0
SUP_05,2025-04-08,Delivery To Distributor,450.53,0
SUP_05,2025-04-09,Delivery To Distributor,515.77,0
SUP_05,2025-04-10,Delivery To Distributor,415.43,0
SUP_06,2025-01-01,Delivery To Distributor,488.84,0
SUP_06,2025-01-02,Delivery To Distributor,485.2,0
SUP_06,2025-01-03,Delivery To Distributor,529.54,0
SUP_06,2025-01-04,Delivery To Distributor,392.78,0
SUP_06,2025-01-05,Delivery To Distributor,529.41,0
SUP_06,2025-01-06,Delivery To Distributor,327.31,0
SUP_06,2025-01-07,Delivery To Distributor,438.75,0
SUP_06,2025-01-08,Delivery To Distributor,451.82,0
SUP_06,2025-01-09,Delivery To Distributor,414.29,0
SUP_06,2025-01-10,Delivery To Distributor,357.89,0
SUP_06,2025-01-11,Delivery To Distributor,496.83,0
SUP_06,2025-01-12,Delivery To Distributor,362.82,0
SUP_06,2025-01-13,Delivery To Distributor,423.09,0
SUP_06,2025-01-14,Delivery To Distributor,438.03,0
SUP_06,2025-01-15,Delivery To Distributor,404.44,0
SUP_06,2025-01-16,Delivery To Distributor,416.37,0
SUP_06,2025-01-17,Delivery To Distributor,409.64,0
SUP_06,2025-01-18,Delivery To Distributor,384.88,0
SUP_06,2025-01-19,Delivery To Distributor,376.99,0
SUP_06,2025-01-20,Delivery To Distributor,461.03,0
SUP_06,2025-01-21,Delivery To Distributor,488.85,0
SUP_06,2025-01-22,Delivery To Distributor,440.19,0
SUP_06,2025-01-23,Delivery To Distributor,387.64,0
SUP_06,2025-01-24,Delivery To Distributor,433.18,0
SUP_06,2025-01-25,Delivery To Distributor,556.12,0
SUP_06,2025-01-26,Delivery To Distributor,435.96,0
SUP_06,2025-01-27,Delivery To Distributor,338.57,0
SUP_06,2025-01-28,Delivery To Distributor,295.01,0
SUP_06,2025-01-29,Delivery To Distributor,494.18,0
SUP_06,2025-01-30,Delivery To Distributor,357.0,0
SUP_06,2025-01-31,Delivery To Distributor,416.93,0
SUP_06,2025-02-01,Delivery To Distributor,384.29,0
SUP_06,2025-02-02,Delivery To Distributor,415.03,0
SUP_06,2025-02-03,Delivery To Distributor,516.43,0
SUP_06,2025-02-04,Delivery To Distributor,463.74,0
SUP_06,2025-02-05,Delivery To Distributor,415.88,0
SUP_06,2025-02-06,Delivery To Distributor,383.4,0
SUP_06,2025-02-07,Delivery To Distributor,320.54,0
SUP_06,2025-02-08,Delivery To Distributor,443.52,0
SUP_06,2025-02-09,Delivery To Distributor,424.52,0
SUP_06,2025-02-10,Delivery To Distributor,312.86,0
SUP_06,2025-02-11,Delivery To Distributor,377.96,0
SUP_06,2025-02-12,Delivery To Distributor,335.44,0
SUP_06,2025-02-13,Delivery To Distributor,390.23,0
SUP_06,2025-02-14,Delivery To Distributor,450.48,0
SUP_06,2025-02-15,Delivery To Distributor,330.6,0
SUP_06,2025-02-16,Delivery To Distributor,422.62,0
SUP_06,2025-02-17,Delivery To Distributor,374.39,0
SUP_06,2025-02-18,Delivery To Distributor,475.12,0
SUP_06,2025-02-19,Delivery To Distributor,456.11,0
SUP_06,2025-02-20,Delivery To Distributor,458.24,0
SUP_06,2025-02-21,Delivery To Distributor,355.17,0
SUP_06,2025-02-22,Delivery To Distributor,332.09,0
SUP_06,2025-02-23,Delivery To Distributor,519.95,0
SUP_06,2025-02-24,Delivery To Distributor,413.54,0
SUP_06,2025-02-25,Delivery To Distributor,348.94,0
SUP_06,2025-02-26,Delivery To Distributor,387.15,0
SUP_06,2025-02-27,Delivery To Distributor,504.51,0
SUP_06,2025-02-28,Delivery To Distributor,357.24,0
SUP_06,2025-03-01,Delivery To Distributor,469.82,0
SUP_06,2025-03-02,Delivery To Distributor,302.36,0
SUP_06,2025-03-03,Delivery To Distributor,552.18,0
SUP_06,2025-03-04,Delivery To Distributor,428.78,0
SUP_06,2025-03-05,Delivery To Distributor,390.35,0
SUP_06,2025-03-06,Delivery To Distributor,364.56,0
SUP_06,2025-03-07,Delivery To Distributor,310.58,0
SUP_06,2025-03-08,Delivery To Distributor,396.6,0
SUP_06,2025-03-09,Delivery To Distributor,368.63,0
SUP_06,2025-03-10,Delivery To Distributor,450.45,0
SUP_06,2025-03-11,Delivery To Distributor,418.7,0
SUP_06,2025-03-12,Delivery To Distributor,424.33,0
SUP_06,2025-03-13,Delivery To Distributor,458.55,0
SUP_06,2025-03-14,Delivery To Distributor,504.05,0
SUP_06,2025-03-15,Delivery To Distributor,384.55,0
SUP_06,2025-03-16,Delivery To Distributor,351.89,0
SUP_06,2025-03-17,Delivery To Distributor,448.37,0
SUP_06,2025-03-18,Delivery To Distributor,370.12,0
SUP_06,2025-03-19,Delivery To Distributor,307.72,0
SUP_06,2025-03-20,Delivery To Distributor,348.54,0
SUP_06,2025-03-21,Delivery To Distributor,539.89,0
SUP_06,2025-03-22,Delivery To Distributor,459.32,0
SUP_06,2025-03-23,Delivery To Distributor,421.26,0
SUP_06,2025-03-24,Delivery To Distributor,377.48,0
SUP_06,2025-03-25,Delivery To Distributor,498.19,0
SUP_06,2025-03-26,Delivery To Distributor,421.06,0
SUP_06,2025-03-27,Delivery To Distributor,304.73,0
SUP_06,2025-03-28,Delivery To Distributor,273.27,0
SUP_06,2025-03-29,Delivery To Distributor,349.25,0
SUP_06,2025-03-30,Delivery To Distributor,455.21,0
SUP_06,2025-03-31,Delivery To Distributor,313.97,0
SUP_06,2025-04-01,Delivery To Distributor,333.67,0
SUP_06,2025-04-02,Delivery To Distributor,494.61,0
SUP_06,2025-04-03,Delivery To Distributor,562.76,0
SUP_06,2025-04-04,Delivery To Distributor,296.81,0
SUP_06,2025-04-05,Delivery To Distributor,353.18,0
SUP_06,2025-04-06,Delivery To Distributor,404.62,0
SUP_06,2025-04-07,Delivery To Distributor,382.94,0
SUP_06,2025-04-08,Delivery To Distributor,403.41,0
SUP_06,2025-04-09,Delivery To Distributor,285.07,0
SUP_06,2025-04-10,Delivery To Distributor,379.1,0
MFG_01,2025-01-01,Delivery To Distributor,674.02,0
MFG_01,2025-01-02,Delivery To Distributor,587.68,0
MFG_01,2025-01-03,Delivery To Distributor,696.59,0
MFG_01,2025-01-04,Delivery To Distributor,611.33,0
MFG_01,2025-01-05,Delivery To Distributor,627.03,0
MFG_01,2025-01-06,Delivery To Distributor,783.18,0
MFG_01,2025-01-07,Delivery To Distributor,579.76,0
MFG_01,2025-01-08,Delivery To Distributor,782.38,0
MFG_01,2025-01-09,Delivery To Distributor,568.44,0
MFG_01,2025-01-10,Delivery To Distributor,663.68,0
MFG_01,2025-01-11,Delivery To Distributor,690.95,0
MFG_01,2025-01-12,Delivery To Distributor,735.62,0
MFG_01,2025-01-13,Delivery To Distributor,594.82,0
MFG_01,2025-01-14,Delivery To Distributor,735.57,0
MFG_01,2025-01-15,Delivery To Distributor,748.4,0
MFG_01,2025-01-16,Delivery To Distributor,734.04,0
MFG_01,2025-01-17,Delivery To Distributor,569.3,0
MFG_01,2025-01-18,Delivery To Distributor,713.18,0
MFG_01,2025-01-19,Delivery To Distributor,711.14,0
MFG_01,2025-01-20,Delivery To Distributor,655.91,0
MFG_01,2025-01-21,Delivery To Distributor,788.27,0
MFG_01,2025-01-22,Delivery To Distributor,680.41,0
MFG_01,2025-01-23,Delivery To Distributor,650.9,0
MFG_01,2025-01-24,Delivery To Distributor,679.18,0
MFG_01,2025-01-25,Delivery To Distributor,694.54,0
MFG_01,2025-01-26,Delivery To Distributor,698.59,0
MFG_01,2025-01-27,Delivery To Distributor,723.14,0
MFG_01,2025-01-28,Delivery To Distributor,666.02,0
MFG_01,2025-01-29,Delivery To Distributor,585.4,0
MFG_01,2025-01-30,Delivery To Distributor,743.32,0
MFG_01,2025-01-31,Delivery To Distributor,653.48,0
MFG_01,2025-02-01,Delivery To Distributor,672.84,0
MFG_01,2025-02-02,Delivery To Distributor,685.24,0
MFG_01,2025-02-03,Delivery To Distributor,667.78,0
MFG_01,2025-02-04,Delivery To Distributor,710.37,0
MFG_01,2025-02-05,Delivery To Distributor,686.01,0
MFG_01,2025-02-06,Delivery To Distributor,721.44,0
MFG_01,2025-02-07,Delivery To Distributor,776.95,0
MFG_01,2025-02-08,Delivery To Distributor,721.99,0
MFG_01,2025-02-09,Delivery To Distributor,700.19,0
MFG_01,2025-02-10,Delivery To Distributor,740.81,0
MFG_01,2025-02-11,Delivery To Distributor,660.67,0
MFG_01,2025-02-12,Delivery To Distributor,641.29,0
MFG_01,2025-02-13,Delivery To Distributor,728.31,0
MFG_01,2025-02-14,Delivery To Distributor,663.42,0
MFG_01,2025-02-15,Delivery To Distributor,631.25,0
MFG_01,2025-02-16,Delivery To Distributor,648.27,0
MFG_01,2025-02-17,Delivery To Distributor,707.01,0
MFG_01,2025-02-18,Delivery To Distributor,606.72,0
MFG_01,2025-02-19,Delivery To Distributor,715.32,0
MFG_01,2025-02-20,Delivery To Distributor,596.59,0
MFG_01,2025-02-21,Delivery To Distributor,691.37,0
MFG_01,2025-02-22,Delivery To Distributor,748.42,0
MFG_01,2025-02-23,Delivery To Distributor,698.43,0
MFG_01,2025-02-24,Delivery To Distributor,732.44,0
MFG_01,2025-02-25,Delivery To Distributor,690.52,0
MFG_01,2025-02-26,Delivery To Distributor,772.86,0
MFG_01,2025-02-27,Delivery To Distributor,698.34,0
MFG_01,2025-02-28,Delivery To Distributor,718.57,0
MFG_01,2025-03-01,Delivery To Distributor,634.08,0
MFG_01,2025-03-02,Delivery To Distributor,653.15,0
MFG_01,2025-03-03,Delivery To Distributor,673.28,0
MFG_01,2025-03-04,Delivery To Distributor,648.08,0
MFG_01,2025-03-05,Delivery To Distributor,601.43,0
MFG_01,2025-03-06,Delivery To Distributor,583.64,0
MFG_01,2025-03-07,Delivery To Distributor,810.8,0
MFG_01,2025-03-08,Delivery To Distributor,665.68,0
MFG_01,2025-03-09,Delivery To Distributor,680.87,0
MFG_01,2025-03-10,Delivery To Distributor,748.39,0
MFG_01,2025-03-11,Delivery To Distributor,696.95,0
MFG_01,2025-03-12,Delivery To Distributor,737.42,0
MFG_01,2025-03-13,Delivery To Distributor,641.43,0
MFG_01,2025-03-14,Delivery To Distributor,655.59,0
MFG_01,2025-03-15,Delivery To Distributor,673.12,0
MFG_01,2025-03-16,Delivery To Distributor,664.45,0
MFG_01,2025-03-17,Delivery To Distributor,584.61,0
MFG_01,2025-03-18,Delivery To Distributor,739.28,0
MFG_01,2025-03-19,Delivery To Distributor,648.52,0
MFG_01,2025-03-20,Delivery To Distributor,679.73,0
MFG_01,2025-03-21,Delivery To Distributor,634.7,0
MFG_01,2025-03-22,Delivery To Distributor,696.03,0
MFG_01,2025-03-23,Delivery To Distributor,678.38,0
MFG_01,2025-03-24,Delivery To Distributor,641.24,0
MFG_01,2025-03-25,Delivery To Distributor,778.24,0
MFG_01,2025-03-26,Delivery To Distributor,706.02,0
MFG_01,2025-03-27,Delivery To Distributor,646.3,0
MFG_01,2025-03-28,Delivery To Distributor,672.58,0
MFG_01,2025-03-29,Delivery To Distributor,684.67,0
MFG_01,2025-03-30,Delivery To Distributor,764.04,0
MFG_01,2025-03-31,Delivery To Distributor,767.69,0
MFG_01,2025-04-01,Delivery To Distributor,707.48,0
MFG_01,2025-04-02,Delivery To Distributor,539.96,0
MFG_01,2025-04-03,Delivery To Distributor,612.37,0
MFG_01,2025-04-04,Delivery To Distributor,704.62,0
MFG_01,2025-04-05,Delivery To Distributor,588.31,0
MFG_01,2025-04-06,Delivery To Distributor,701.6,0
MFG_01,2025-04-07,Delivery To Distributor,574.14,0
MFG_01,2025-04-08,Delivery To Distributor,769.63,0
MFG_01,2025-04-09,Delivery To Distributor,669.04,0
MFG_01,2025-04-10,Delivery To Distributor,664.16,0
MFG_02,2025-01-01,Delivery To Distributor,593.52,0
MFG_02,2025-01-02,Delivery To Distributor,628.37,0
MFG_02,2025-01-03,Delivery To Distributor,539.89,0
MFG_02,2025-01-04,Delivery To Distributor,687.84,0
MFG_02,2025-01-05,Delivery To Distributor,669.56,0
MFG_02,2025-01-06,Delivery To Distributor,717.35,0
MFG_02,2025-01-07,Delivery To Distributor,665.38,0
MFG_02,2025-01-08,Delivery To Distributor,736.53,0
MFG_02,2025-01-09,Delivery To Distributor,709.13,0
MFG_02,2025-01-10,Delivery To Distributor,703.99,0
MFG_02,2025-01-11,Delivery To Distributor,702.63,0
MFG_02,2025-01-12,Delivery To Distributor,643.01,0
MFG_02,2025-01-13,Delivery To Distributor,673.07,0
MFG_02,2025-01-14,Delivery To Distributor,680.6,0
MFG_02,2025-01-15,Delivery To Distributor,699.0,0
MFG_02,2025-01-16,Delivery To Distributor,563.55,0
MFG_02,2025-01-17,Delivery To Distributor,772.77,0
MFG_02,2025-01-18,Delivery To Distributor,617.31,0
MFG_02,2025-01-19,Delivery To Distributor,719.77,0
MFG_02,2025-01-20,Delivery To Distributor,691.25,0
MFG_02,2025-01-21,Delivery To Distributor,627.11,0
MFG_02,2025-01-22,Delivery To Distributor,763.26,0
MFG_02,2025-01-23,Delivery To Distributor,706.49,0
MFG_02,2025-01-24,Delivery To Distributor,641.3,0
MFG_02,2025-01-25,Delivery To Distributor,584.97,0
MFG_02,2025-01-26,Delivery To Distributor,714.44,0
MFG_02,2025-01-27,Delivery To Distributor,705.59,0
MFG_02,2025-01-28,Delivery To Distributor,664.13,0
MFG_02,2025-01-29,Delivery To Distributor,748.52,0
MFG_02,2025-01-30,Delivery To Distributor,761.99,0
MFG_02,2025-01-31,Delivery To Distributor,759.04,0
MFG_02,2025-02-01,Delivery To Distributor,652.48,0
MFG_02,2025-02-02,Delivery To Distributor,622.45,0
MFG_02,2025-02-03,Delivery To Distributor,703.58,0
MFG_02,2025-02-04,Delivery To Distributor,675.82,0
MFG_02,2025-02-05,Delivery To Distributor,667.42,0
MFG_02,2025-02-06,Delivery To Distributor,581.14,0
MFG_02,2025-02-07,Delivery To Distributor,664.23,0
MFG_02,2025-02-08,Delivery To Distributor,659.57,0
MFG_02,2025-02-09,Delivery To Distributor,656.88,0
MFG_02,2025-02-10,Delivery To Distributor,628.1,0
MFG_02,2025-02-11,Delivery To Distributor,688.67,0
MFG_02,2025-02-12,Delivery To Distributor,616.21,0
MFG_02,2025-02-13,Delivery To Distributor,656.0,0
MFG_02,2025-02-14,Delivery To Distributor,726.61,0
MFG_02,2025-02-15,Delivery To Distributor,700.23,0
MFG_02,2025-02-16,Delivery To Distributor,738.06,0
MFG_02,2025-02-17,Delivery To Distributor,660.59,0
MFG_02,2025-02-18,Delivery To Distributor,561.19,0
MFG_02,2025-02-19,Delivery To Distributor,764.82,0
MFG_02,2025-02-20,Delivery To Distributor,790.62,0
MFG_02,2025-02-21,Delivery To Distributor,606.46,0
MFG_02,2025-02-22,Delivery To Distributor,708.03,0
MFG_02,2025-02-23,Delivery To Distributor,706.66,0
MFG_02,2025-02-24,Delivery To Distributor,593.08,0
MFG_02,2025-02-25,Delivery To Distributor,638.82,0
MFG_02,2025-02-26,Delivery To Distributor,473.5,0
MFG_02,2025-02-27,Delivery To Distributor,752.73,0
MFG_02,2025-02-28,Delivery To Distributor,644.44,0
MFG_02,2025-03-01,Delivery To Distributor,716.32,0
MFG_02,2025-03-02,Delivery To Distributor,784.97,0
MFG_02,2025-03-03,Delivery To Distributor,726.86,0
MFG_02,2025-03-04,Delivery To Distributor,706.49,0
MFG_02,2025-03-05,Delivery To Distributor,741.75,0
MFG_02,2025-03-06,Delivery To Distributor,635.98,0
MFG_02,2025-03-07,Delivery To Distributor,662.68,0
MFG_02,2025-03-08,Delivery To Distributor,700.91,0
MFG_02,2025-03-09,Delivery To Distributor,707.81,0
MFG_02,2025-03-10,Delivery To Distributor,677.07,0
MFG_02,2025-03-11,Delivery To Distributor,670.69,0
MFG_02,2025-03-12,Delivery To Distributor,786.57,0
MFG_02,2025-03-13,Delivery To Distributor,722.19,0
MFG_02,2025-03-14,Delivery To Distributor,753.17,0
MFG_02,2025-03-15,Delivery To Distributor,742.69,0
MFG_02,2025-03-16,Delivery To Distributor,672.54,0
MFG_02,2025-03-17,Delivery To Distributor,675.55,0
MFG_02,2025-03-18,Delivery To Distributor,705.81,0
MFG_02,2025-03-19,Delivery To Distributor,655.88,0
MFG_02,2025-03-20,Delivery To Distributor,793.47,0
MFG_02,2025-03-21,Delivery To Distributor,618.29,0
MFG_02,2025-03-22,Delivery To Distributor,693.31,0
MFG_02,2025-03-23,Delivery To Distributor,640.08,0
MFG_02,2025-03-24,Delivery To Distributor,606.66,0
MFG_02,2025-03-25,Delivery To Distributor,691.73,0
MFG_02,2025-03-26,Delivery To Distributor,732.38,0
MFG_02,2025-03-27,Delivery To Distributor,717.58,0
MFG_02,2025-03-28,Delivery To Distributor,625.66,0
MFG_02,2025-03-29,Delivery To Distributor,619.6,0
MFG_02,2025-03-30,Delivery To Distributor,692.14,0
MFG_02,2025-03-31,Delivery To Distributor,645.5,0
MFG_02,2025-04-01,Delivery To Distributor,734.27,0
MFG_02,2025-04-02,Delivery To Distributor,735.62,0
MFG_02,2025-04-03,Delivery To Distributor,695.7,0
MFG_02,2025-04-04,Delivery To Distributor,661.3,0
MFG_02,2025-04-05,Delivery To Distributor,488.29,0
MFG_02,2025-04-06,Delivery To Distributor,663.84,0
MFG_02,2025-04-07,Delivery To Distributor,635.15,0
MFG_02,2025-04-08,Delivery To Distributor,660.21,0
MFG_02,2025-04-09,Delivery To Distributor,682.67,0
MFG_02,2025-04-10,Delivery To Distributor,555.51,0
MFG_03,2025-01-01,Delivery To Distributor,637.71,0
MFG_03,2025-01-02,Delivery To Distributor,730.0,0
MFG_03,2025-01-03,Delivery To Distributor,677.48,0
MFG_03,2025-01-04,Delivery To Distributor,712.05,0
MFG_03,2025-01-05,Delivery To Distributor,511.37,0
MFG_03,2025-01-06,Delivery To Distributor,756.94,0
MFG_03,2025-01-07,Delivery To Distributor,684.15,0
MFG_03,2025-01-08,Delivery To Distributor,658.69,0
MFG_03,2025-01-09,Delivery To Distributor,579.91,0
MFG_03,2025-01-10,Delivery To Distributor,493.36,0
MFG_03,2025-01-11,Delivery To Distributor,583.18,0
MFG_03,2025-01-12,Delivery To Distributor,759.3,0
MFG_03,2025-01-13,Delivery To Distributor,782.09,0
MFG_03,2025-01-14,Delivery To Distributor,567.0,0
MFG_03,2025-01-15,Delivery To Distributor,768.2,0
MFG_03,2025-01-16,Delivery To Distributor,770.82,0
MFG_03,2025-01-17,Delivery To Distributor,728.31,0
MFG_03,2025-01-18,Delivery To Distributor,494.12,0
MFG_03,2025-01-19,Delivery To Distributor,586.53,0
MFG_03,2025-01-20,Delivery To Distributor,557.86,0
MFG_03,2025-01-21,Delivery To Distributor,748.16,0
MFG_03,2025-01-22,Delivery To Distributor,783.45,0
MFG_03,2025-01-23,Delivery To Distributor,643.03,0
MFG_03,2025-01-24,Delivery To Distributor,833.45,0
MFG_03,2025-01-25,Delivery To Distributor,659.05,0
MFG_03,2025-01-26,Delivery To Distributor,689.42,0
MFG_03,2025-01-27,Delivery To Distributor,715.29,0
MFG_03,2025-01-28,Delivery To Distributor,695.62,0
MFG_03,2025-01-29,Delivery To Distributor,719.94,0
MFG_03,2025-01-30,Delivery To Distributor,647.65,0
MFG_03,2025-01-31,Delivery To Distributor,624.49,0
MFG_03,2025-02-01,Delivery To Distributor,611.69,0
MFG_03,2025-02-02,Delivery To Distributor,599.76,0
MFG_03,2025-02-03,Delivery To Distributor,743.65,0
MFG_03,2025-02-04,Delivery To Distributor,751.46,0
MFG_03,2025-02-05,Delivery To Distributor,488.37,0
MFG_03,2025-02-06,Delivery To Distributor,642.58,0
MFG_03,2025-02-07,Delivery To Distributor,787.11,0
MFG_03,2025-02-08,Delivery To Distributor,643.37,0
MFG_03,2025-02-09,Delivery To Distributor,749.61,0
MFG_03,2025-02-10,Delivery To Distributor,783.99,0
MFG_03,2025-02-11,Delivery To Distributor,645.12,0
MFG_03,2025-02-12,Delivery To Distributor,540.0,0
MFG_03,2025-02-13,Delivery To Distributor,801.73,0
MFG_03,2025-02-14,Delivery To Distributor,626.72,0
MFG_03,2025-02-15,Delivery To Distributor,549.16,0
MFG_03,2025-02-16,Delivery To Distributor,790.77,0
MFG_03,2025-02-17,Delivery To Distributor,622.2,0
MFG_03,2025-02-18,Delivery To Distributor,616.49,0
MFG_03,2025-02-19,Delivery To Distributor,578.51,0
MFG_03,2025-02-20,Delivery To Distributor,640.71,0
MFG_03,2025-02-21,Delivery To Distributor,687.67,0
MFG_03,2025-02-22,Delivery To Distributor,596.27,0
MFG_03,2025-02-23,Delivery To Distributor,685.44,0
MFG_03,2025-02-24,Delivery To Distributor,551.27,0
MFG_03,2025-02-25,Delivery To Distributor,666.2,0
MFG_03,2025-02-26,Delivery To Distributor,679.28,0
MFG_03,2025-02-27,Delivery To Distributor,752.42,0
MFG_03,2025-02-28,Delivery To Distributor,669.92,0
MFG_03,2025-03-01,Delivery To Distributor,755.01,0
MFG_03,2025-03-02,Delivery To Distributor,600.87,0
MFG_03,2025-03-03,Delivery To Distributor,673.26,0
MFG_03,2025-03-04,Delivery To Distributor,845.85,0
MFG_03,2025-03-05,Delivery To Distributor,568.52,0
MFG_03,2025-03-06,Delivery To Distributor,602.36,0
MFG_03,2025-03-07,Delivery To Distributor,645.81,0
MFG_03,2025-03-08,Delivery To Distributor,620.61,0
MFG_03,2025-03-09,Delivery To Distributor,840.68,0
MFG_03,2025-03-10,Delivery To Distributor,586.21,0
MFG_03,2025-03-11,Delivery To Distributor,669.54,0
MFG_03,2025-03-12,Delivery To Distributor,671.6,0
MFG_03,2025-03-13,Delivery To Distributor,775.87,0
MFG_03,2025-03-14,Delivery To Distributor,595.28,0
MFG_03,2025-03-15,Delivery To Distributor,548.14,0
MFG_03,2025-03-16,Delivery To Distributor,718.78,0
MFG_03,2025-03-17,Delivery To Distributor,648.14,0
MFG_03,2025-03-18,Delivery To Distributor,689.56,0
MFG_03,2025-03-19,Delivery To Distributor,603.97,0
MFG_03,2025-03-20,Delivery To Distributor,646.58,0
MFG_03,2025-03-21,Delivery To Distributor,599.89,0
MFG_03,2025-03-22,Delivery To Distributor,602.24,0
MFG_03,2025-03-23,Delivery To Distributor,658.58,0
MFG_03,2025-03-24,Delivery To Distributor,715.96,0
MFG_03,2025-03-25,Delivery To Distributor,564.47,0
MFG_03,2025-03-26,Delivery To Distributor,748.12,0
MFG_03,2025-03-27,Delivery To Distributor,810.46,0
MFG_03,2025-03-28,Delivery To Distributor,773.12,0
MFG_03,2025-03-29,Delivery To Distributor,588.22,0
MFG_03,2025-03-30,Delivery To Distributor,724.45,0
MFG_03,2025-03-31,Delivery To Distributor,835.67,0
MFG_03,2025-04-01,Delivery To Distributor,708.2,0
MFG_03,2025-04-02,Delivery To Distributor,629.0,0
MFG_03,2025-04-03,Delivery To Distributor,615.49,0
MFG_03,2025-04-04,Delivery To Distributor,594.1,0
MFG_03,2025-04-05,Delivery To Distributor,682.89,0
MFG_03,2025-04-06,Delivery To Distributor,785.43,0
MFG_03,2025-04-07,Delivery To Distributor,664.57,0
MFG_03,2025-04-08,Delivery To Distributor,797.76,0
MFG_03,2025-04-09,Delivery To Distributor,629.87,0
MFG_03,2025-04-10,Delivery To Distributor,667.99,0
MFG_04,2025-01-01,Delivery To Distributor,631.49,0
MFG_04,2025-01-02,Delivery To Distributor,648.32,0
MFG_04,2025-01-03,Delivery To Distributor,944.37,0
MFG_04,2025-01-04,Delivery To Distributor,659.95,0
MFG_04,2025-01-05,Delivery To Distributor,720.53,0
MFG_04,2025-01-06,Delivery To Distributor,708.93,0
MFG_04,2025-01-07,Delivery To Distributor,824.26,0
MFG_04,2025-01-08,Delivery To Distributor,993.0,0
MFG_04,2025-01-09,Delivery To Distributor,839.54,0
MFG_04,2025-01-10,Delivery To Distributor,646.85,0
MFG_04,2025-01-11,Delivery To Distributor,882.92,0
MFG_04,2025-01-12,Delivery To Distributor,700.05,0
MFG_04,2025-01-13,Delivery To Distributor,681.3,0
MFG_04,2025-01-14,Delivery To Distributor,876.96,0
MFG_04,2025-01-15,Delivery To Distributor,723.29,0
MFG_04,2025-01-16,Delivery To Distributor,750.2,0
MFG_04,2025-01-17,Delivery To Distributor,377.4,0
MFG_04,2025-01-18,Delivery To Distributor,872.4,0
MFG_04,2025-01-19,Delivery To Distributor,587.04,0
MFG_04,2025-01-20,Delivery To Distributor,626.13,0
MFG_04,2025-01-21,Delivery To Distributor,659.98,0
MFG_04,2025-01-22,Delivery To Distributor,753.06,0
MFG_04,2025-01-23,Delivery To Distributor,761.98,0
MFG_04,2025-01-24,Delivery To Distributor,822.48,0
MFG_04,2025-01-25,Delivery To Distributor,723.88,0
MFG_04,2025-01-26,Delivery To Distributor,668.45,0
MFG_04,2025-01-27,Delivery To Distributor,770.47,0
MFG_04,2025-01-28,Delivery To Distributor,623.59,0
MFG_04,2025-01-29,Delivery To Distributor,611.31,0
MFG_04,2025-01-30,Delivery To Distributor,678.97,0
MFG_04,2025-01-31,Delivery To Distributor,773.03,0
MFG_04,2025-02-01,Delivery To Distributor,418.33,0
MFG_04,2025-02-02,Delivery To Distributor,675.69,0
MFG_04,2025-02-03,Delivery To Distributor,628.3,0
MFG_04,2025-02-04,Delivery To Distributor,841.26,0
MFG_04,2025-02-05,Delivery To Distributor,603.23,0
MFG_04,2025-02-06,Delivery To Distributor,828.54,0
MFG_04,2025-02-07,Delivery To Distributor,717.35,0
MFG_04,2025-02-08,Delivery To Distributor,635.15,0
MFG_04,2025-02-09,Delivery To Distributor,635.75,0
MFG_04,2025-02-10,Delivery To Distributor,624.34,0
MFG_04,2025-02-11,Delivery To Distributor,750.44,0
MFG_04,2025-02-12,Delivery To Distributor,584.74,0
MFG_04,2025-02-13,Delivery To Distributor,594.85,0
MFG_04,2025-02-14,Delivery To Distributor,692.58,0
MFG_04,2025-02-15,Delivery To Distributor,875.05,0
MFG_04,2025-02-16,Delivery To Distributor,750.52,0
MFG_04,2025-02-17,Delivery To Distributor,646.82,0
MFG_04,2025-02-18,Delivery To Distributor,602.24,0
MFG_04,2025-02-19,Delivery To Distributor,672.19,0
MFG_04,2025-02-20,Delivery To Distributor,754.57,0
MFG_04,2025-02-21,Delivery To Distributor,942.63,0
MFG_04,2025-02-22,Delivery To Distributor,762.56,0
MFG_04,2025-02-23,Delivery To Distributor,883.32,1
MFG_04,2025-02-24,Delivery To Distributor,688.25,1
MFG_04,2025-02-25,Delivery To Distributor,347.66,0
MFG_04,2025-02-26,Delivery To Distributor,918.5,1
MFG_04,2025-02-27,Delivery To Distributor,853.01,0
MFG_04,2025-02-28,Delivery To Distributor,750.84,1
MFG_04,2025-03-01,Delivery To Distributor,779.71,1
MFG_04,2025-03-02,Delivery To Distributor,717.92,0
MFG_04,2025-03-03,Delivery To Distributor,822.11,0
MFG_04,2025-03-04,Delivery To Distributor,641.36,1
MFG_04,2025-03-05,Delivery To Distributor,769.22,1
MFG_04,2025-03-06,Delivery To Distributor,676.91,0
MFG_04,2025-03-07,Delivery To Distributor,572.47,0
MFG_04,2025-03-08,Delivery To Distributor,614.03,0
MFG_04,2025-03-09,Delivery To Distributor,625.33,1
MFG_04,2025-03-10,Delivery To Distributor,822.11,0
MFG_04,2025-03-11,Delivery To Distributor,607.09,0
MFG_04,2025-03-12,Delivery To Distributor,642.68,0
MFG_04,2025-03-13,Delivery To Distributor,848.34,0
MFG_04,2025-03-14,Delivery To Distributor,610.87,0
MFG_04,2025-03-15,Delivery To Distributor,631.54,0
MFG_04,2025-03-16,Delivery To Distributor,669.8,0
MFG_04,2025-03-17,Delivery To Distributor,589.06,1
MFG_04,2025-03-18,Delivery To Distributor,657.64,1
MFG_04,2025-03-19,Delivery To Distributor,832.65,1
MFG_04,2025-03-20,Delivery To Distributor,731.22,0
MFG_04,2025-03-21,Delivery To Distributor,885.97,1
MFG_04,2025-03-22,Delivery To Distributor,799.9,0
MFG_04,2025-03-23,Delivery To Distributor,671.27,0
MFG_04,2025-03-24,Delivery To Distributor,750.21,0
MFG_04,2025-03-25,Delivery To Distributor,586.52,0
MFG_04,2025-03-26,Delivery To Distributor,500.32,0
MFG_04,2025-03-27,Delivery To Distributor,721.93,1
MFG_04,2025-03-28,Delivery To Distributor,707.08,0
MFG_04,2025-03-29,Delivery To Distributor,804.22,0
MFG_04,2025-03-30,Delivery To Distributor,631.22,0
MFG_04,2025-03-31,Delivery To Distributor,720.69,0
MFG_04,2025-04-01,Delivery To Distributor,516.24,0
MFG_04,2025-04-02,Delivery To Distributor,570.88,0
MFG_04,2025-04-03,Delivery To Distributor,564.1,1
MFG_04,2025-04-04,Delivery To Distributor,876.39,0
MFG_04,2025-04-05,Delivery To Distributor,878.7,1
MFG_04,2025-04-06,Delivery To Distributor,820.63,1
MFG_04,2025-04-07,Delivery To Distributor,840.84,1
MFG_04,2025-04-08,Delivery To Distributor,650.44,0
MFG_04,2025-04-09,Delivery To Distributor,658.11,1
MFG_04,2025-04-10,Delivery To Distributor,996.55,0
MFG_05,2025-01-01,Delivery To Distributor,640.55,0
MFG_05,2025-01-02,Delivery To Distributor,674.89,0
MFG_05,2025-01-03,Delivery To Distributor,695.0,0
MFG_05,2025-01-04,Delivery To Distributor,689.82,0
MFG_05,2025-01-05,Delivery To Distributor,625.89,0
MFG_05,2025-01-06,Delivery To Distributor,600.78,0
MFG_05,2025-01-07,Delivery To Distributor,805.07,0
MFG_05,2025-01-08,Delivery To Distributor,642.67,0
MFG_05,2025-01-09,Delivery To Distributor,710.97,0
MFG_05,2025-01-10,Delivery To Distributor,741.69,0
MFG_05,2025-01-11,Delivery To Distributor,788.65,0
MFG_05,2025-01-12,Delivery To Distributor,638.57,0
MFG_05,2025-01-13,Delivery To Distributor,688.59,0
MFG_05,2025-01-14,Delivery To Distributor,779.1,0
MFG_05,2025-01-15,Delivery To Distributor,709.1,0
MFG_05,2025-01-16,Delivery To Distributor,761.45,0
MFG_05,2025-01-17,Delivery To Distributor,703.11,0
MFG_05,2025-01-18,Delivery To Distributor,690.41,0
MFG_05,2025-01-19,Delivery To Distributor,694.1,0
MFG_05,2025-01-20,Delivery To Distributor,648.65,0
MFG_05,2025-01-21,Delivery To Distributor,723.4,0
MFG_05,2025-01-22,Delivery To Distributor,722.93,0
MFG_05,2025-01-23,Delivery To Distributor,685.99,0
MFG_05,2025-01-24,Delivery To Distributor,592.41,0
MFG_05,2025-01-25,Delivery To Distributor,752.92,0
MFG_05,2025-01-26,Delivery To Distributor,784.06,0
MFG_05,2025-01-27,Delivery To Distributor,680.2,0
MFG_05,2025-01-28,Delivery To Distributor,687.26,0
MFG_05,2025-01-29,Delivery To Distributor,737.44,0
MFG_05,2025-01-30,Delivery To Distributor,606.34,0
MFG_05,2025-01-31,Delivery To Distributor,668.83,0
MFG_05,2025-02-01,Delivery To Distributor,679.07,0
MFG_05,2025-02-02,Delivery To Distributor,661.27,0
MFG_05,2025-02-03,Delivery To Distributor,679.47,0
MFG_05,2025-02-04,Delivery To Distributor,691.41,0
MFG_05,2025-02-05,Delivery To Distributor,692.93,0
MFG_05,2025-02-06,Delivery To Distributor,696.26,0
MFG_05,2025-02-07,Delivery To Distributor,704.23,0
MFG_05,2025-02-08,Delivery To Distributor,747.05,0
MFG_05,2025-02-09,Delivery To Distributor,600.68,0
MFG_05,2025-02-10,Delivery To Distributor,640.36,0
MFG_05,2025-02-11,Delivery To Distributor,660.16,0
MFG_05,2025-02-12,Delivery To Distributor,680.9,0
MFG_05,2025-02-13,Delivery To Distributor,713.98,0
MFG_05,2025-02-14,Delivery To Distributor,711.9,0
MFG_05,2025-02-15,Delivery To Distributor,706.35,0
MFG_05,2025-02-16,Delivery To Distributor,621.54,0
MFG_05,2025-02-17,Delivery To Distributor,609.21,0
MFG_05,2025-02-18,Delivery To Distributor,728.66,0
MFG_05,2025-02-19,Delivery To Distributor,701.81,0
MFG_05,2025-02-20,Delivery To Distributor,740.88,0
MFG_05,2025-02-21,Delivery To Distributor,680.22,0
MFG_05,2025-02-22,Delivery To Distributor,704.89,0
MFG_05,2025-02-23,Delivery To Distributor,601.44,0
MFG_05,2025-02-24,Delivery To Distributor,625.95,0
MFG_05,2025-02-25,Delivery To Distributor,721.92,0
MFG_05,2025-02-26,Delivery To Distributor,624.98,0
MFG_05,2025-02-27,Delivery To Distributor,717.95,0
MFG_05,2025-02-28,Delivery To Distributor,807.53,0
MFG_05,2025-03-01,Delivery To Distributor,649.05,0
MFG_05,2025-03-02,Delivery To Distributor,634.6,0
MFG_05,2025-03-03,Delivery To Distributor,739.34,0
MFG_05,2025-03-04,Delivery To Distributor,662.0,0
MFG_05,2025-03-05,Delivery To Distributor,590.67,0
MFG_05,2025-03-06,Delivery To Distributor,680.68,0
MFG_05,2025-03-07,Delivery To Distributor,613.31,0
MFG_05,2025-03-08,Delivery To Distributor,625.81,0
MFG_05,2025-03-09,Delivery To Distributor,715.51,0
MFG_05,2025-03-10,Delivery To Distributor,580.98,0
MFG_05,2025-03-11,Delivery To Distributor,680.17,0
MFG_05,2025-03-12,Delivery To Distributor,699.83,0
MFG_05,2025-03-13,Delivery To Distributor,751.43,0
MFG_05,2025-03-14,Delivery To Distributor,648.96,0
MFG_05,2025-03-15,Delivery To Distributor,714.11,0
MFG_05,2025-03-16,Delivery To Distributor,635.23,0
MFG_05,2025-03-17,Delivery To Distributor,645.55,0
MFG_05,2025-03-18,Delivery To Distributor,642.31,0
MFG_05,2025-03-19,Delivery To Distributor,717.24,0
MFG_05,2025-03-20,Delivery To Distributor,665.62,0
MFG_05,2025-03-21,Delivery To Distributor,713.5,0
MFG_05,2025-03-22,Delivery To Distributor,738.28,0
MFG_05,2025-03-23,Delivery To Distributor,685.89,0
MFG_05,2025-03-24,Delivery To Distributor,660.07,0
MFG_05,2025-03-25,Delivery To Distributor,656.38,0
MFG_05,2025-03-26,Delivery To Distributor,744.14,0
MFG_05,2025-03-27,Delivery To Distributor,607.43,0
MFG_05,2025-03-28,Delivery To Distributor,679.61,0
MFG_05,2025-03-29,Delivery To Distributor,600.73,0
MFG_05,2025-03-30,Delivery To Distributor,666.84,0
MFG_05,2025-03-31,Delivery To Distributor,718.85,0
MFG_05,2025-04-01,Delivery To Distributor,719.11,0
MFG_05,2025-04-02,Delivery To Distributor,684.04,0
MFG_05,2025-04-03,Delivery To Distributor,621.32,0
MFG_05,2025-04-04,Delivery To Distributor,703.65,0
MFG_05,2025-04-05,Delivery To Distributor,620.08,0
MFG_05,2025-04-06,Delivery To Distributor,692.86,0
MFG_05,2025-04-07,Delivery To Distributor,725.17,0
MFG_05,2025-04-08,Delivery To Distributor,638.84,0
MFG_05,2025-04-09,Delivery To Distributor,664.65,0
MFG_05,2025-04-10,Delivery To Distributor,688.98,0
MFG_06,2025-01-01,Delivery To Distributor,931.33,0
MFG_06,2025-01-02,Delivery To Distributor,594.35,0
MFG_06,2025-01-03,Delivery To Distributor,772.17,0
MFG_06,2025-01-04,Delivery To Distributor,631.38,0
MFG_06,2025-01-05,Delivery To Distributor,811.61,0
MFG_06,2025-01-06,Delivery To Distributor,725.63,0
MFG_06,2025-01-07,Delivery To Distributor,542.85,0
MFG_06,2025-01-08,Delivery To Distributor,798.55,0
MFG_06,2025-01-09,Delivery To Distributor,526.35,0
MFG_06,2025-01-10,Delivery To Distributor,748.35,0
MFG_06,2025-01-11,Delivery To Distributor,588.67,0
MFG_06,2025-01-12,Delivery To Distributor,798.09,0
MFG_06,2025-01-13,Delivery To Distributor,392.68,0
MFG_06,2025-01-14,Delivery To Distributor,721.61,0
MFG_06,2025-01-15,Delivery To Distributor,776.51,0
MFG_06,2025-01-16,Delivery To Distributor,575.44,0
MFG_06,2025-01-17,Delivery To Distributor,630.98,0
MFG_06,2025-01-18,Delivery To Distributor,745.31,0
MFG_06,2025-01-19,Delivery To Distributor,746.18,0
MFG_06,2025-01-20,Delivery To Distributor,644.68,0
MFG_06,2025-01-21,Delivery To Distributor,749.86,0
MFG_06,2025-01-22,Delivery To Distributor,676.53,0
MFG_06,2025-01-23,Delivery To Distributor,656.12,0
MFG_06,2025-01-24,Delivery To Distributor,584.22,0
MFG_06,2025-01-25,Delivery To Distributor,766.43,0
MFG_06,2025-01-26,Delivery To Distributor,693.51,0
MFG_06,2025-01-27,Delivery To Distributor,652.71,0
MFG_06,2025-01-28,Delivery To Distributor,676.36,0
MFG_06,2025-01-29,Delivery To Distributor,496.91,0
MFG_06,2025-01-30,Delivery To Distributor,807.12,0
MFG_06,2025-01-31,Delivery To Distributor,511.73,0
MFG_06,2025-02-01,Delivery To Distributor,722.88,0
MFG_06,2025-02-02,Delivery To Distributor,671.24,0
MFG_06,2025-02-03,Delivery To Distributor,719.29,0
MFG_06,2025-02-04,Delivery To Distributor,616.48,0
MFG_06,2025-02-05,Delivery To Distributor,673.19,0
MFG_06,2025-02-06,Delivery To Distributor,546.67,0
MFG_06,2025-02-07,Delivery To Distributor,734.35,0
MFG_06,2025-02-08,Delivery To Distributor,682.89,0
MFG_06,2025-02-09,Delivery To Distributor,646.33,0
MFG_06,2025-02-10,Delivery To Distributor,716.83,0
MFG_06,2025-02-11,Delivery To Distributor,482.27,0
MFG_06,2025-02-12,Delivery To Distributor,637.5,0
MFG_06,2025-02-13,Delivery To Distributor,661.18,0
MFG_06,2025-02-14,Delivery To Distributor,963.7,0
MFG_06,2025-02-15,Delivery To Distributor,622.42,0
MFG_06,2025-02-16,Delivery To Distributor,548.2,0
MFG_06,2025-02-17,Delivery To Distributor,807.05,0
MFG_06,2025-02-18,Delivery To Distributor,494.67,0
MFG_06,2025-02-19,Delivery To Distributor,753.57,0
MFG_06,2025-02-20,Delivery To Distributor,672.6,0
MFG_06,2025-02-21,Delivery To Distributor,748.57,0
MFG_06,2025-02-22,Delivery To Distributor,727.41,0
MFG_06,2025-02-23,Delivery To Distributor,651.96,0
MFG_06,2025-02-24,Delivery To Distributor,587.03,0
MFG_06,2025-02-25,Delivery To Distributor,763.13,0
MFG_06,2025-02-26,Delivery To Distributor,782.14,0
MFG_06,2025-02-27,Delivery To Distributor,707.52,0
MFG_06,2025-02-28,Delivery To Distributor,758.44,0
MFG_06,2025-03-01,Delivery To Distributor,656.44,0
MFG_06,2025-03-02,Delivery To Distributor,562.6,0
MFG_06,2025-03-03,Delivery To Distributor,625.39,0
MFG_06,2025-03-04,Delivery To Distributor,712.79,0
MFG_06,2025-03-05,Delivery To Distributor,616.56,0
MFG_06,2025-03-06,Delivery To Distributor,588.57,0
MFG_06,2025-03-07,Delivery To Distributor,652.15,0
MFG_06,2025-03-08,Delivery To Distributor,683.62,0
MFG_06,2025-03-09,Delivery To Distributor,677.89,0
MFG_06,2025-03-10,Delivery To Distributor,905.38,0
MFG_06,2025-03-11,Delivery To Distributor,779.6,0
MFG_06,2025-03-12,Delivery To Distributor,666.09,0
MFG_06,2025-03-13,Delivery To Distributor,822.29,0
MFG_06,2025-03-14,Delivery To Distributor,808.07,0
MFG_06,2025-03-15,Delivery To Distributor,736.46,0
MFG_06,2025-03-16,Delivery To Distributor,961.32,0
MFG_06,2025-03-17,Delivery To Distributor,646.61,0
MFG_06,2025-03-18,Delivery To Distributor,629.2,0
MFG_06,2025-03-19,Delivery To Distributor,682.08,0
MFG_06,2025-03-20,Delivery To Distributor,421.67,0
MFG_06,2025-03-21,Delivery To Distributor,747.01,0
MFG_06,2025-03-22,Delivery To Distributor,422.23,0
MFG_06,2025-03-23,Delivery To Distributor,447.52,0
MFG_06,2025-03-24,Delivery To Distributor,863.66,0
MFG_06,2025-03-25,Delivery To Distributor,429.19,0
MFG_06,2025-03-26,Delivery To Distributor,671.92,0
MFG_06,2025-03-27,Delivery To Distributor,839.04,0
MFG_06,2025-03-28,Delivery To Distributor,855.32,0
MFG_06,2025-03-29,Delivery To Distributor,533.41,0
MFG_06,2025-03-30,Delivery To Distributor,590.68,0
MFG_06,2025-03-31,Delivery To Distributor,841.03,0
MFG_06,2025-04-01,Delivery To Distributor,497.74,0
MFG_06,2025-04-02,Delivery To Distributor,649.12,0
MFG_06,2025-04-03,Delivery To Distributor,764.94,0
MFG_06,2025-04-04,Delivery To Distributor,537.11,0
MFG_06,2025-04-05,Delivery To Distributor,587.3,0
MFG_06,2025-04-06,Delivery To Distributor,474.34,0
MFG_06,2025-04-07,Delivery To Distributor,696.52,0
MFG_06,2025-04-08,Delivery To Distributor,588.05,0
MFG_06,2025-04-09,Delivery To Distributor,732.7,0
MFG_06,2025-04-10,Delivery To Distributor,558.07,0
DST_01,2025-01-01,Delivery To Distributor,1000.86,0
DST_01,2025-01-02,Delivery To Distributor,1156.43,0
DST_01,2025-01-03,Delivery To Distributor,971.28,0
DST_01,2025-01-04,Delivery To Distributor,1168.13,0
DST_01,2025-01-05,Delivery To Distributor,1038.82,0
DST_01,2025-01-06,Delivery To Distributor,1018.97,0
DST_01,2025-01-07,Delivery To Distributor,932.38,0
DST_01,2025-01-08,Delivery To Distributor,963.08,0
DST_01,2025-01-09,Delivery To Distributor,1014.8,0
DST_01,2025-01-10,Delivery To Distributor,1128.17,0
DST_01,2025-01-11,Delivery To Distributor,914.56,0
DST_01,2025-01-12,Delivery To Distributor,982.03,0
DST_01,2025-01-13,Delivery To Distributor,1048.16,0
DST_01,2025-01-14,Delivery To Distributor,1162.53,0
DST_01,2025-01-15,Delivery To Distributor,987.33,0
DST_01,2025-01-16,Delivery To Distributor,1027.44,0
DST_01,2025-01-17,Delivery To Distributor,1079.12,0
DST_01,2025-01-18,Delivery To Distributor,1062.16,0
DST_01,2025-01-19,Delivery To Distributor,957.63,0
DST_01,2025-01-20,Delivery To Distributor,1092.57,0
DST_01,2025-01-21,Delivery To Distributor,974.45,0
DST_01,2025-01-22,Delivery To Distributor,1045.3,0
DST_01,2025-01-23,Delivery To Distributor,1050.19,0
DST_01,2025-01-24,Delivery To Distributor,1036.88,0
DST_01,2025-01-25,Delivery To Distributor,887.53,0
DST_01,2025-01-26,Delivery To Distributor,1035.74,0
DST_01,2025-01-27,Delivery To Distributor,1066.11,0
DST_01,2025-01-28,Delivery To Distributor,1040.41,0
DST_01,2025-01-29,Delivery To Distributor,1067.7,0
DST_01,2025-01-30,Delivery To Distributor,980.19,0
DST_01,2025-01-31,Delivery To Distributor,1033.36,0
DST_01,2025-02-01,Delivery To Distributor,989.17,0
DST_01,2025-02-02,Delivery To Distributor,1005.72,0
DST_01,2025-02-03,Delivery To Distributor,1022.43,0
DST_01,2025-02-04,Delivery To Distributor,1046.93,0
DST_01,2025-02-05,Delivery To Distributor,1008.86,0
DST_01,2025-02-06,Delivery To Distributor,1030.73,0
DST_01,2025-02-07,Delivery To Distributor,1138.93,0
DST_01,2025-02-08,Delivery To Distributor,873.77,0
DST_01,2025-02-09,Delivery To Distributor,1027.48,0
DST_01,2025-02-10,Delivery To Distributor,969.68,0
DST_01,2025-02-11,Delivery To Distributor,988.76,0
DST_01,2025-02-12,Delivery To Distributor,1047.92,0
DST_01,2025-02-13,Delivery To Distributor,981.29,0
DST_01,2025-02-14,Delivery To Distributor,993.21,0
DST_01,2025-02-15,Delivery To Distributor,997.67,0
DST_01,2025-02-16,Delivery To Distributor,1047.93,0
DST_01,2025-02-17,Delivery To Distributor,1063.52,0
DST_01,2025-02-18,Delivery To Distributor,1002.72,0
DST_01,2025-02-19,Delivery To Distributor,1036.89,0
DST_01,2025-02-20,Delivery To Distributor,1110.13,0
DST_01,2025-02-21,Delivery To Distributor,1071.1,0
DST_01,2025-02-22,Delivery To Distributor,1092.33,0
DST_01,2025-02-23,Delivery To Distributor,1023.86,0
DST_01,2025-02-24,Delivery To Distributor,994.46,0
DST_01,2025-02-25,Delivery To Distributor,1021.18,0
DST_01,2025-02-26,Delivery To Distributor,1123.69,0
DST_01,2025-02-27,Delivery To Distributor,1000.26,0
DST_01,2025-02-28,Delivery To Distributor,912.27,0
DST_01,2025-03-01,Delivery To Distributor,875.63,0
DST_01,2025-03-02,Delivery To Distributor,1056.32,0
DST_01,2025-03-03,Delivery To Distributor,1020.48,0
DST_01,2025-03-04,Delivery To Distributor,1131.41,0
DST_01,2025-03-05,Delivery To Distributor,1143.97,0
DST_01,2025-03-06,Delivery To Distributor,960.82,0
DST_01,2025-03-07,Delivery To Distributor,1085.64,0
DST_01,2025-03-08,Delivery To Distributor,1045.33,0
DST_01,2025-03-09,Delivery To Distributor,971.61,0
DST_01,2025-03-10,Delivery To Distributor,1004.99,0
DST_01,2025-03-11,Delivery To Distributor,1012.71,0
DST_01,2025-03-12,Delivery To Distributor,1060.66,0
DST_01,2025-03-13,Delivery To Distributor,987.58,0
DST_01,2025-03-14,Delivery To Distributor,1094.53,0
DST_01,2025-03-15,Delivery To Distributor,1038.61,0
DST_01,2025-03-16,Delivery To Distributor,1099.97,0
DST_01,2025-03-17,Delivery To Distributor,1014.05,0
DST_01,2025-03-18,Delivery To Distributor,1036.47,0
DST_01,2025-03-19,Delivery To Distributor,985.8,0
DST_01,2025-03-20,Delivery To Distributor,1047.89,0
DST_01,2025-03-21,Delivery To Distributor,1070.67,0
DST_01,2025-03-22,Delivery To Distributor,1047.69,0
DST_01,2025-03-23,Delivery To Distributor,1018.87,0
DST_01,2025-03-24,Delivery To Distributor,953.12,0
DST_01,2025-03-25,Delivery To Distributor,975.54,0
DST_01,2025-03-26,Delivery To Distributor,911.79,0
DST_01,2025-03-27,Delivery To Distributor,1002.1,0
DST_01,2025-03-28,Delivery To Distributor,1015.43,0
DST_01,2025-03-29,Delivery To Distributor,1040.79,0
DST_01,2025-03-30,Delivery To Distributor,984.59,0
DST_01,2025-03-31,Delivery To Distributor,992.11,0
DST_01,2025-04-01,Delivery To Distributor,964.07,0
DST_01,2025-04-02,Delivery To Distributor,949.32,0
DST_01,2025-04-03,Delivery To Distributor,1085.3,0
DST_01,2025-04-04,Delivery To Distributor,1065.05,0
DST_01,2025-04-05,Delivery To Distributor,1014.46,0
DST_01,2025-04-06,Delivery To Distributor,1006.25,0
DST_01,2025-04-07,Delivery To Distributor,1071.43,0
DST_01,2025-04-08,Delivery To Distributor,951.19,0
DST_01,2025-04-09,Delivery To Distributor,984.07,0
DST_01,2025-04-10,Delivery To Distributor,920.37,0
DST_02,2025-01-01,Delivery To Distributor,1030.71,0
DST_02,2025-01-02,Delivery To Distributor,1073.69,0
DST_02,2025-01-03,Delivery To Distributor,1039.15,0
DST_02,2025-01-04,Delivery To Distributor,1088.56,0
DST_02,2025-01-05,Delivery To Distributor,1012.23,0
DST_02,2025-01-06,Delivery To Distributor,1077.05,0
DST_02,2025-01-07,Delivery To Distributor,1056.91,0
DST_02,2025-01-08,Delivery To Distributor,1123.68,0
DST_02,2025-01-09,Delivery To Distributor,1041.7,0
DST_02,2025-01-10,Delivery To Distributor,1071.21,0
DST_02,2025-01-11,Delivery To Distributor,1050.85,0
DST_02,2025-01-12,Delivery To Distributor,1064.51,0
DST_02,2025-01-13,Delivery To Distributor,1055.85,0
DST_02,2025-01-14,Delivery To Distributor,1058.63,0
DST_02,2025-01-15,Delivery To Distributor,1039.08,0
DST_02,2025-01-16,Delivery To Distributor,1043.29,0
DST_02,2025-01-17,Delivery To Distributor,1071.8,0
DST_02,2025-01-18,Delivery To Distributor,1067.51,0
DST_02,2025-01-19,Delivery To Distributor,1055.91,0
DST_02,2025-01-20,Delivery To Distributor,1058.07,0
DST_02,2025-01-21,Delivery To Distributor,1054.99,0
DST_02,2025-01-22,Delivery To Distributor,1011.24,0
DST_02,2025-01-23,Delivery To Distributor,1014.16,0
DST_02,2025-01-24,Delivery To Distributor,1030.51,0
DST_02,2025-01-25,Delivery To Distributor,1037.96,0
DST_02,2025-01-26,Delivery To Distributor,1055.18,0
DST_02,2025-01-27,Delivery To Distributor,1012.26,0
DST_02,2025-01-28,Delivery To Distributor,1001.78,0
DST_02,2025-01-29,Delivery To Distributor,1017.72,0
DST_02,2025-01-30,Delivery To Distributor,1039.03,0
DST_02,2025-01-31,Delivery To Distributor,1066.24,0
DST_02,2025-02-01,Delivery To Distributor,1043.27,0
DST_02,2025-02-02,Delivery To Distributor,1043.37,0
DST_02,2025-02-03,Delivery To Distributor,1051.13,0
DST_02,2025-02-04,Delivery To Distributor,1059.25,0
DST_02,2025-02-05,Delivery To Distributor,1063.9,0
DST_02,2025-02-06,Delivery To Distributor,1055.92,0
DST_02,2025-02-07,Delivery To Distributor,1052.61,0
DST_02,2025-02-08,Delivery To Distributor,1061.78,0
DST_02,2025-02-09,Delivery To Distributor,1034.43,0
DST_02,2025-02-10,Delivery To Distributor,1061.66,0
DST_02,2025-02-11,Delivery To Distributor,1077.7,0
DST_02,2025-02-12,Delivery To Distributor,1035.96,0
DST_02,2025-02-13,Delivery To Distributor,1028.38,0
DST_02,2025-02-14,Delivery To Distributor,1044.25,0
DST_02,2025-02-15,Delivery To Distributor,1028.09,0
DST_02,2025-02-16,Delivery To Distributor,1065.3,0
DST_02,2025-02-17,Delivery To Distributor,1066.9,0
DST_02,2025-02-18,Delivery To Distributor,1076.25,0
DST_02,2025-02-19,Delivery To Distributor,1044.43,0
DST_02,2025-02-20,Delivery To Distributor,1027.46,0
DST_02,2025-02-21,Delivery To Distributor,1102.29,0
DST_02,2025-02-22,Delivery To Distributor,1049.03,0
DST_02,2025-02-23,Delivery To Distributor,1047.02,0
DST_02,2025-02-24,Delivery To Distributor,1024.45,0
DST_02,2025-02-25,Delivery To Distributor,1064.93,1
DST_02,2025-02-26,Delivery To Distributor,1064.17,0
DST_02,2025-02-27,Delivery To Distributor,1037.38,0
DST_02,2025-02-28,Delivery To Distributor,1084.17,0
DST_02,2025-03-01,Delivery To Distributor,1027.5,0
DST_02,2025-03-02,Delivery To Distributor,1022.64,0
DST_02,2025-03-03,Delivery To Distributor,1020.3,0
DST_02,2025-03-04,Delivery To Distributor,1079.41,0
DST_02,2025-03-05,Delivery To Distributor,1050.51,0
DST_02,2025-03-06,Delivery To Distributor,1055.58,0
DST_02,2025-03-07,Delivery To Distributor,1072.35,0
DST_02,2025-03-08,Delivery To Distributor,1018.5,0
DST_02,2025-03-09,Delivery To Distributor,1049.01,0
DST_02,2025-03-10,Delivery To Distributor,1023.18,0
DST_02,2025-03-11,Delivery To Distributor,1027.11,0
DST_02,2025-03-12,Delivery To Distributor,1058.77,0
DST_02,2025-03-13,Delivery To Distributor,1023.18,0
DST_02,2025-03-14,Delivery To Distributor,1008.26,1
DST_02,2025-03-15,Delivery To Distributor,1039.62,0
DST_02,2025-03-16,Delivery To Distributor,1019.95,0
DST_02,2025-03-17,Delivery To Distributor,1069.78,0
DST_02,2025-03-18,Delivery To Distributor,1092.5,0
DST_02,2025-03-19,Delivery To Distributor,1009.19,0
DST_02,2025-03-20,Delivery To Distributor,1052.66,0
DST_02,2025-03-21,Delivery To Distributor,1072.13,0
DST_02,2025-03-22,Delivery To Distributor,1038.44,1
DST_02,2025-03-23,Delivery To Distributor,1085.38,1
DST_02,2025-03-24,Delivery To Distributor,1066.18,1
DST_02,2025-03-25,Delivery To Distributor,1038.91,0
DST_02,2025-03-26,Delivery To Distributor,1111.09,0
DST_02,2025-03-27,Delivery To Distributor,1065.91,0
DST_02,2025-03-28,Delivery To Distributor,991.5,0
DST_02,2025-03-29,Delivery To Distributor,1077.52,1
DST_02,2025-03-30,Delivery To Distributor,1062.69,0
DST_02,2025-03-31,Delivery To Distributor,1020.39,0
DST_02,2025-04-01,Delivery To Distributor,1093.57,0
DST_02,2025-04-02,Delivery To Distributor,1036.63,0
DST_02,2025-04-03,Delivery To Distributor,1043.29,0
DST_02,2025-04-04,Delivery To Distributor,1045.11,1
DST_02,2025-04-05,Delivery To Distributor,1038.84,1
DST_02,2025-04-06,Delivery To Distributor,1032.1,1
DST_02,2025-04-07,Delivery To Distributor,1082.78,0
DST_02,2025-04-08,Delivery To Distributor,1047.79,0
DST_02,2025-04-09,Delivery To Distributor,1061.97,1
DST_02,2025-04-10,Delivery To Distributor,1087.05,0
DST_03,2025-01-01,Delivery To Distributor,1081.77,0
DST_03,2025-01-02,Delivery To Distributor,1038.92,0
DST_03,2025-01-03,Delivery To Distributor,1237.53,0
DST_03,2025-01-04,Delivery To Distributor,1249.39,0
DST_03,2025-01-05,Delivery To Distributor,1037.61,0
DST_03,2025-01-06,Delivery To Distributor,1290.51,0
DST_03,2025-01-07,Delivery To Distributor,969.55,0
DST_03,2025-01-08,Delivery To Distributor,899.64,0
DST_03,2025-01-09,Delivery To Distributor,1142.32,0
DST_03,2025-01-10,Delivery To Distributor,988.07,0
DST_03,2025-01-11,Delivery To Distributor,1088.4,0
DST_03,2025-01-12,Delivery To Distributor,1113.92,0
DST_03,2025-01-13,Delivery To Distributor,1178.77,0
DST_03,2025-01-14,Delivery To Distributor,991.12,0
DST_03,2025-01-15,Delivery To Distributor,849.76,0
DST_03,2025-01-16,Delivery To Distributor,995.46,0
DST_03,2025-01-17,Delivery To Distributor,1476.15,0
DST_03,2025-01-18,Delivery To Distributor,1245.94,0
DST_03,2025-01-19,Delivery To Distributor,1275.27,0
DST_03,2025-01-20,Delivery To Distributor,819.64,0
DST_03,2025-01-21,Delivery To Distributor,1171.73,0
DST_03,2025-01-22,Delivery To Distributor,1052.55,0
DST_03,2025-01-23,Delivery To Distributor,1102.42,0
DST_03,2025-01-24,Delivery To Distributor,762.08,0
DST_03,2025-01-25,Delivery To Distributor,1450.5,0
DST_03,2025-01-26,Delivery To Distributor,904.0,0
DST_03,2025-01-27,Delivery To Distributor,1186.43,0
DST_03,2025-01-28,Delivery To Distributor,1167.82,0
DST_03,2025-01-29,Delivery To Distributor,1252.67,0
DST_03,2025-01-30,Delivery To Distributor,1243.8,0
DST_03,2025-01-31,Delivery To Distributor,1083.97,0
DST_03,2025-02-01,Delivery To Distributor,869.06,0
DST_03,2025-02-02,Delivery To Distributor,1225.88,0
DST_03,2025-02-03,Delivery To Distributor,1219.58,0
DST_03,2025-02-04,Delivery To Distributor,1037.86,0
DST_03,2025-02-05,Delivery To Distributor,1117.52,0
DST_03,2025-02-06,Delivery To Distributor,1087.26,0
DST_03,2025-02-07,Delivery To Distributor,900.99,0
DST_03,2025-02-08,Delivery To Distributor,968.78,0
DST_03,2025-02-09,Delivery To Distributor,1119.03,0
DST_03,2025-02-10,Delivery To Distributor,1298.82,0
DST_03,2025-02-11,Delivery To Distributor,960.32,0
DST_03,2025-02-12,Delivery To Distributor,1244.04,0
DST_03,2025-02-13,Delivery To Distributor,928.43,0
DST_03,2025-02-14,Delivery To Distributor,1325.45,0
DST_03,2025-02-15,Delivery To Distributor,996.42,0
DST_03,2025-02-16,Delivery To Distributor,1147.79,0
DST_03,2025-02-17,Delivery To Distributor,1045.16,0
DST_03,2025-02-18,Delivery To Distributor,940.65,0
DST_03,2025-02-19,Delivery To Distributor,1217.38,0
DST_03,2025-02-20,Delivery To Distributor,1009.91,0
DST_03,2025-02-21,Delivery To Distributor,949.6,0
DST_03,2025-02-22,Delivery To Distributor,1057.03,0
DST_03,2025-02-23,Delivery To Distributor,897.07,0
DST_03,2025-02-24,Delivery To Distributor,1053.27,0
DST_03,2025-02-25,Delivery To Distributor,973.13,0
DST_03,2025-02-26,Delivery To Distributor,1075.04,0
DST_03,2025-02-27,Delivery To Distributor,1153.88,0
DST_03,2025-02-28,Delivery To Distributor,1049.13,0
DST_03,2025-03-01,Delivery To Distributor,988.78,1
DST_03,2025-03-02,Delivery To Distributor,849.53,0
DST_03,2025-03-03,Delivery To Distributor,746.79,0
DST_03,2025-03-04,Delivery To Distributor,870.77,1
DST_03,2025-03-05,Delivery To Distributor,1203.52,1
DST_03,2025-03-06,Delivery To Distributor,1036.41,0
DST_03,2025-03-07,Delivery To Distributor,1054.14,0
DST_03,2025-03-08,Delivery To Distributor,1267.77,0
DST_03,2025-03-09,Delivery To Distributor,954.0,0
DST_03,2025-03-10,Delivery To Distributor,1371.49,1
DST_03,2025-03-11,Delivery To Distributor,987.8,0
DST_03,2025-03-12,Delivery To Distributor,875.03,1
DST_03,2025-03-13,Delivery To Distributor,931.65,1
DST_03,2025-03-14,Delivery To Distributor,501.9,0
DST_03,2025-03-15,Delivery To Distributor,1069.48,0
DST_03,2025-03-16,Delivery To Distributor,1020.09,0
DST_03,2025-03-17,Delivery To Distributor,1020.11,0
DST_03,2025-03-18,Delivery To Distributor,933.77,1
DST_03,2025-03-19,Delivery To Distributor,1332.81,0
DST_03,2025-03-20,Delivery To Distributor,1180.82,0
DST_03,2025-03-21,Delivery To Distributor,1097.02,1
DST_03,2025-03-22,Delivery To Distributor,1041.64,1
DST_03,2025-03-23,Delivery To Distributor,1210.54,0
DST_03,2025-03-24,Delivery To Distributor,994.94,0
DST_03,2025-03-25,Delivery To Distributor,1083.97,1
DST_03,2025-03-26,Delivery To Distributor,1000.18,1
DST_03,2025-03-27,Delivery To Distributor,1179.67,0
DST_03,2025-03-28,Delivery To Distributor,928.2,0
DST_03,2025-03-29,Delivery To Distributor,1279.16,0
DST_03,2025-03-30,Delivery To Distributor,793.5,0
DST_03,2025-03-31,Delivery To Distributor,856.39,1
DST_03,2025-04-01,Delivery To Distributor,1036.79,0
DST_03,2025-04-02,Delivery To Distributor,1197.69,1
DST_03,2025-04-03,Delivery To Distributor,1119.29,1
DST_03,2025-04-04,Delivery To Distributor,1337.11,1
DST_03,2025-04-05,Delivery To Distributor,1163.05,0
DST_03,2025-04-06,Delivery To Distributor,875.43,0
DST_03,2025-04-07,Delivery To Distributor,1128.34,0
DST_03,2025-04-08,Delivery To Distributor,857.74,0
DST_03,2025-04-09,Delivery To Distributor,989.03,1
DST_03,2025-04-10,Delivery To Distributor,1249.49,0
DST_04,2025-01-01,Delivery To Distributor,1050.62,0
DST_04,2025-01-02,Delivery To Distributor,1007.15,0
DST_04,2025-01-03,Delivery To Distributor,1185.4,0
DST_04,2025-01-04,Delivery To Distributor,974.27,0
DST_04,2025-01-05,Delivery To Distributor,985.66,0
DST_04,2025-01-06,Delivery To Distributor,951.51,0
DST_04,2025-01-07,Delivery To Distributor,1103.11,0
DST_04,2025-01-08,Delivery To Distributor,1068.02,0
DST_04,2025-01-09,Delivery To Distributor,1237.89,0
DST_04,2025-01-10,Delivery To Distributor,987.62,0
DST_04,2025-01-11,Delivery To Distributor,1182.48,0
DST_04,2025-01-12,Delivery To Distributor,1155.22,0
DST_04,2025-01-13,Delivery To Distributor,911.96,0
DST_04,2025-01-14,Delivery To Distributor,1077.03,0
DST_04,2025-01-15,Delivery To Distributor,937.6,0
DST_04,2025-01-16,Delivery To Distributor,1019.66,0
DST_04,2025-01-17,Delivery To Distributor,889.52,0
DST_04,2025-01-18,Delivery To Distributor,946.94,0
DST_04,2025-01-19,Delivery To Distributor,1066.82,0
DST_04,2025-01-20,Delivery To Distributor,990.87,0
DST_04,2025-01-21,Delivery To Distributor,1155.43,0
DST_04,2025-01-22,Delivery To Distributor,1237.23,0
DST_04,2025-01-23,Delivery To Distributor,779.3,0
DST_04,2025-01-24,Delivery To Distributor,924.66,0
DST_04,2025-01-25,Delivery To Distributor,1031.36,0
DST_04,2025-01-26,Delivery To Distributor,1029.93,0
DST_04,2025-01-27,Delivery To Distributor,1095.97,0
DST_04,2025-01-28,Delivery To Distributor,1278.63,0
DST_04,2025-01-29,Delivery To Distributor,1231.07,0
DST_04,2025-01-30,Delivery To Distributor,1376.3,0
DST_04,2025-01-31,Delivery To Distributor,1166.34,0
DST_04,2025-02-01,Delivery To Distributor,916.06,0
DST_04,2025-02-02,Delivery To Distributor,1065.27,0
DST_04,2025-02-03,Delivery To Distributor,1049.01,0
DST_04,2025-02-04,Delivery To Distributor,932.5,0
DST_04,2025-02-05,Delivery To Distributor,1032.92,0
DST_04,2025-02-06,Delivery To Distributor,1121.21,0
DST_04,2025-02-07,Delivery To Distributor,802.92,0
DST_04,2025-02-08,Delivery To Distributor,1121.56,0
DST_04,2025-02-09,Delivery To Distributor,1222.93,0
DST_04,2025-02-10,Delivery To Distributor,1145.27,0
DST_04,2025-02-11,Delivery To Distributor,1087.28,0
DST_04,2025-02-12,Delivery To Distributor,1001.53,0
DST_04,2025-02-13,Delivery To Distributor,965.79,0
DST_04,2025-02-14,Delivery To Distributor,915.56,0
DST_04,2025-02-15,Delivery To Distributor,1026.29,0
DST_04,2025-02-16,Delivery To Distributor,886.05,0
DST_04,2025-02-17,Delivery To Distributor,1162.15,0
DST_04,2025-02-18,Delivery To Distributor,1153.65,0
DST_04,2025-02-19,Delivery To Distributor,984.9,0
DST_04,2025-02-20,Delivery To Distributor,1051.78,0
DST_04,2025-02-21,Delivery To Distributor,1342.61,1
DST_04,2025-02-22,Delivery To Distributor,861.6,0
DST_04,2025-02-23,Delivery To Distributor,1153.23,0
DST_04,2025-02-24,Delivery To Distributor,969.76,1
DST_04,2025-02-25,Delivery To Distributor,1104.13,1
DST_04,2025-02-26,Delivery To Distributor,1135.24,1
DST_04,2025-02-27,Delivery To Distributor,1244.81,0
DST_04,2025-02-28,Delivery To Distributor,1078.66,0
DST_04,2025-03-01,Delivery To Distributor,1081.48,0
DST_04,2025-03-02,Delivery To Distributor,1023.49,1
DST_04,2025-03-03,Delivery To Distributor,825.99,1
DST_04,2025-03-04,Delivery To Distributor,1237.99,0
DST_04,2025-03-05,Delivery To Distributor,1000.98,0
DST_04,2025-03-06,Delivery To Distributor,1061.91,1
DST_04,2025-03-07,Delivery To Distributor,1028.32,1
DST_04,2025-03-08,Delivery To Distributor,1196.93,0
DST_04,2025-03-09,Delivery To Distributor,1237.92,0
DST_04,2025-03-10,Delivery To Distributor,980.48,0
DST_04,2025-03-11,Delivery To Distributor,1186.21,0
DST_04,2025-03-12,Delivery To Distributor,956.54,0
DST_04,2025-03-13,Delivery To Distributor,1084.71,1
DST_04,2025-03-14,Delivery To Distributor,868.77,0
DST_04,2025-03-15,Delivery To Distributor,1289.25,0
DST_04,2025-03-16,Delivery To Distributor,688.04,0
DST_04,2025-03-17,Delivery To Distributor,1072.97,1
DST_04,2025-03-18,Delivery To Distributor,970.23,0
DST_04,2025-03-19,Delivery To Distributor,1085.54,0
DST_04,2025-03-20,Delivery To Distributor,1048.09,1
DST_04,2025-03-21,Delivery To Distributor,868.88,1
DST_04,2025-03-22,Delivery To Distributor,1021.89,1
DST_04,2025-03-23,Delivery To Distributor,1168.02,0
DST_04,2025-03-24,Delivery To Distributor,801.54,1
DST_04,2025-03-25,Delivery To Distributor,1092.18,0
DST_04,2025-03-26,Delivery To Distributor,1015.26,1
DST_04,2025-03-27,Delivery To Distributor,1150.05,0
DST_04,2025-03-28,Delivery To Distributor,1253.8,1
DST_04,2025-03-29,Delivery To Distributor,726.47,0
DST_04,2025-03-30,Delivery To Distributor,976.39,0
DST_04,2025-03-31,Delivery To Distributor,1080.15,0
DST_04,2025-04-01,Delivery To Distributor,723.71,0
DST_04,2025-04-02,Delivery To Distributor,1339.19,0
DST_04,2025-04-03,Delivery To Distributor,1122.07,0
DST_04,2025-04-04,Delivery To Distributor,1142.54,1
DST_04,2025-04-05,Delivery To Distributor,1290.53,0
DST_04,2025-04-06,Delivery To Distributor,1222.08,0
DST_04,2025-04-07,Delivery To Distributor,1005.92,0
DST_04,2025-04-08,Delivery To Distributor,1080.48,1
DST_04,2025-04-09,Delivery To Distributor,1141.12,1
DST_04,2025-04-10,Delivery To Distributor,982.72,0
DST_05,2025-01-01,Delivery To Distributor,1151.43,0
DST_05,2025-01-02,Delivery To Distributor,959.53,0
DST_05,2025-01-03,Delivery To Distributor,870.87,0
DST_05,2025-01-04,Delivery To Distributor,944.7,0
DST_05,2025-01-05,Delivery To Distributor,1111.09,0
DST_05,2025-01-06,Delivery To Distributor,971.27,0
DST_05,2025-01-07,Delivery To Distributor,1025.98,0
DST_05,2025-01-08,Delivery To Distributor,1019.15,0
DST_05,2025-01-09,Delivery To Distributor,1083.26,0
DST_05,2025-01-10,Delivery To Distributor,1003.17,0
DST_05,2025-01-11,Delivery To Distributor,985.42,0
DST_05,2025-01-12,Delivery To Distributor,933.24,0
DST_05,2025-01-13,Delivery To Distributor,1016.38,0
DST_05,2025-01-14,Delivery To Distributor,1018.35,0
DST_05,2025-01-15,Delivery To Distributor,1032.26,0
DST_05,2025-01-16,Delivery To Distributor,1053.02,0
DST_05,2025-01-17,Delivery To Distributor,976.69,0
DST_05,2025-01-18,Delivery To Distributor,1137.2,0
DST_05,2025-01-19,Delivery To Distributor,1019.03,0
DST_05,2025-01-20,Delivery To Distributor,1152.83,0
DST_05,2025-01-21,Delivery To Distributor,931.32,0
DST_05,2025-01-22,Delivery To Distributor,966.65,0
DST_05,2025-01-23,Delivery To Distributor,929.75,0
DST_05,2025-01-24,Delivery To Distributor,856.24,0
DST_05,2025-01-25,Delivery To Distributor,956.65,0
DST_05,2025-01-26,Delivery To Distributor,992.48,0
DST_05,2025-01-27,Delivery To Distributor,945.02,0
DST_05,2025-01-28,Delivery To Distributor,1090.48,0
DST_05,2025-01-29,Delivery To Distributor,1070.26,0
DST_05,2025-01-30,Delivery To Distributor,978.56,0
DST_05,2025-01-31,Delivery To Distributor,1063.28,0
DST_05,2025-02-01,Delivery To Distributor,966.18,0
DST_05,2025-02-02,Delivery To Distributor,1025.08,0
DST_05,2025-02-03,Delivery To Distributor,929.5,0
DST_05,2025-02-04,Delivery To Distributor,942.03,0
DST_05,2025-02-05,Delivery To Distributor,1023.36,0
DST_05,2025-02-06,Delivery To Distributor,916.08,0
DST_05,2025-02-07,Delivery To Distributor,977.01,0
DST_05,2025-02-08,Delivery To Distributor,1144.64,0
DST_05,2025-02-09,Delivery To Distributor,1114.43,0
DST_05,2025-02-10,Delivery To Distributor,1037.29,0
DST_05,2025-02-11,Delivery To Distributor,1166.51,0
DST_05,2025-02-12,Delivery To Distributor,1041.17,0
DST_05,2025-02-13,Delivery To Distributor,1092.78,0
DST_05,2025-02-14,Delivery To Distributor,1048.53,0
DST_05,2025-02-15,Delivery To Distributor,1019.27,0
DST_05,2025-02-16,Delivery To Distributor,935.65,0
DST_05,2025-02-17,Delivery To Distributor,837.91,0
DST_05,2025-02-18,Delivery To Distributor,982.97,0
DST_05,2025-02-19,Delivery To Distributor,1034.32,0
DST_05,2025-02-20,Delivery To Distributor,1016.12,0
DST_05,2025-02-21,Delivery To Distributor,968.53,0
DST_05,2025-02-22,Delivery To Distributor,1066.43,0
DST_05,2025-02-23,Delivery To Distributor,1052.35,0
DST_05,2025-02-24,Delivery To Distributor,1085.67,0
DST_05,2025-02-25,Delivery To Distributor,982.93,0
DST_05,2025-02-26,Delivery To Distributor,1125.35,0
DST_05,2025-02-27,Delivery To Distributor,1014.25,0
DST_05,2025-02-28,Delivery To Distributor,1139.65,0
DST_05,2025-03-01,Delivery To Distributor,920.77,0
DST_05,2025-03-02,Delivery To Distributor,1158.76,0
DST_05,2025-03-03,Delivery To Distributor,1112.38,0
DST_05,2025-03-04,Delivery To Distributor,995.14,0
DST_05,2025-03-05,Delivery To Distributor,998.96,0
DST_05,2025-03-06,Delivery To Distributor,1019.8,0
DST_05,2025-03-07,Delivery To Distributor,1119.28,0
DST_05,2025-03-08,Delivery To Distributor,1016.1,0
DST_05,2025-03-09,Delivery To Distributor,846.56,0
DST_05,2025-03-10,Delivery To Distributor,1024.61,0
DST_05,2025-03-11,Delivery To Distributor,1103.44,0
DST_05,2025-03-12,Delivery To Distributor,1012.47,0
DST_05,2025-03-13,Delivery To Distributor,1063.8,0
DST_05,2025-03-14,Delivery To Distributor,1025.46,0
DST_05,2025-03-15,Delivery To Distributor,901.4,0
DST_05,2025-03-16,Delivery To Distributor,1096.25,0
DST_05,2025-03-17,Delivery To Distributor,981.89,0
DST_05,2025-03-18,Delivery To Distributor,1150.86,0
DST_05,2025-03-19,Delivery To Distributor,1013.63,0
DST_05,2025-03-20,Delivery To Distributor,1045.67,0
DST_05,2025-03-21,Delivery To Distributor,998.07,0
DST_05,2025-03-22,Delivery To Distributor,966.96,0
DST_05,2025-03-23,Delivery To Distributor,1018.77,0
DST_05,2025-03-24,Delivery To Distributor,1019.11,0
DST_05,2025-03-25,Delivery To Distributor,1019.54,0
DST_05,2025-03-26,Delivery To Distributor,963.24,0
DST_05,2025-03-27,Delivery To Distributor,857.95,0
DST_05,2025-03-28,Delivery To Distributor,1021.96,0
DST_05,2025-03-29,Delivery To Distributor,926.31,0
DST_05,2025-03-30,Delivery To Distributor,1081.78,0
DST_05,2025-03-31,Delivery To Distributor,1123.42,0
DST_05,2025-04-01,Delivery To Distributor,1115.02,0
DST_05,2025-04-02,Delivery To Distributor,1008.42,0
DST_05,2025-04-03,Delivery To Distributor,996.13,0
DST_05,2025-04-04,Delivery To Distributor,978.27,0
DST_05,2025-04-05,Delivery To Distributor,1043.57,0
DST_05,2025-04-06,Delivery To Distributor,971.75,0
DST_05,2025-04-07,Delivery To Distributor,1064.37,0
DST_05,2025-04-08,Delivery To Distributor,1032.95,0
DST_05,2025-04-09,Delivery To Distributor,1042.77,0
DST_05,2025-04-10,Delivery To Distributor,976.86,0
DST_06,2025-01-01,Delivery To Distributor,1041.59,0
DST_06,2025-01-02,Delivery To Distributor,1078.93,0
DST_06,2025-01-03,Delivery To Distributor,938.25,0
DST_06,2025-01-04,Delivery To Distributor,1086.73,0
DST_06,2025-01-05,Delivery To Distributor,1183.61,0
DST_06,2025-01-06,Delivery To Distributor,1076.79,0
DST_06,2025-01-07,Delivery To Distributor,1036.86,0
DST_06,2025-01-08,Delivery To Distributor,970.1,0
DST_06,2025-01-09,Delivery To Distributor,1055.93,0
DST_06,2025-01-10,Delivery To Distributor,906.77,0
DST_06,2025-01-11,Delivery To Distributor,1095.73,0
DST_06,2025-01-12,Delivery To Distributor,972.39,0
DST_06,2025-01-13,Delivery To Distributor,988.99,0
DST_06,2025-01-14,Delivery To Distributor,901.6,0
DST_06,2025-01-15,Delivery To Distributor,1094.65,0
DST_06,2025-01-16,Delivery To Distributor,1119.46,0
DST_06,2025-01-17,Delivery To Distributor,1060.74,0
DST_06,2025-01-18,Delivery To Distributor,1069.95,0
DST_06,2025-01-19,Delivery To Distributor,1123.91,0
DST_06,2025-01-20,Delivery To Distributor,1195.28,0
DST_06,2025-01-21,Delivery To Distributor,1018.7,0
DST_06,2025-01-22,Delivery To Distributor,1067.11,0
DST_06,2025-01-23,Delivery To Distributor,1068.13,0
DST_06,2025-01-24,Delivery To Distributor,1077.62,0
DST_06,2025-01-25,Delivery To Distributor,972.11,0
DST_06,2025-01-26,Delivery To Distributor,1096.03,0
DST_06,2025-01-27,Delivery To Distributor,1034.12,0
DST_06,2025-01-28,Delivery To Distributor,1001.45,0
DST_06,2025-01-29,Delivery To Distributor,1019.7,0
DST_06,2025-01-30,Delivery To Distributor,919.48,0
DST_06,2025-01-31,Delivery To Distributor,1127.68,0
DST_06,2025-02-01,Delivery To Distributor,980.5,0
DST_06,2025-02-02,Delivery To Distributor,1142.12,0
DST_06,2025-02-03,Delivery To Distributor,983.88,0
DST_06,2025-02-04,Delivery To Distributor,1159.24,0
DST_06,2025-02-05,Delivery To Distributor,1023.33,0
DST_06,2025-02-06,Delivery To Distributor,1005.14,0
DST_06,2025-02-07,Delivery To Distributor,1131.54,0
DST_06,2025-02-08,Delivery To Distributor,1104.05,0
DST_06,2025-02-09,Delivery To Distributor,949.87,0
DST_06,2025-02-10,Delivery To Distributor,1018.53,0
DST_06,2025-02-11,Delivery To Distributor,1000.05,0
DST_06,2025-02-12,Delivery To Distributor,1000.57,0
DST_06,2025-02-13,Delivery To Distributor,1066.38,0
DST_06,2025-02-14,Delivery To Distributor,1097.64,0
DST_06,2025-02-15,Delivery To Distributor,971.36,0
DST_06,2025-02-16,Delivery To Distributor,1003.57,0
DST_06,2025-02-17,Delivery To Distributor,1155.95,0
DST_06,2025-02-18,Delivery To Distributor,1185.59,0
DST_06,2025-02-19,Delivery To Distributor,982.21,0
DST_06,2025-02-20,Delivery To Distributor,1078.7,0
DST_06,2025-02-21,Delivery To Distributor,1001.91,1
DST_06,2025-02-22,Delivery To Distributor,1063.38,1
DST_06,2025-02-23,Delivery To Distributor,956.21,0
DST_06,2025-02-24,Delivery To Distributor,1062.73,1
DST_06,2025-02-25,Delivery To Distributor,1007.76,0
DST_06,2025-02-26,Delivery To Distributor,886.56,0
DST_06,2025-02-27,Delivery To Distributor,1015.03,0
DST_06,2025-02-28,Delivery To Distributor,971.15,0
DST_06,2025-03-01,Delivery To Distributor,941.96,1
DST_06,2025-03-02,Delivery To Distributor,1123.88,0
DST_06,2025-03-03,Delivery To Distributor,1206.47,1
DST_06,2025-03-04,Delivery To Distributor,1209.03,0
DST_06,2025-03-05,Delivery To Distributor,1102.51,1
DST_06,2025-03-06,Delivery To Distributor,1015.66,0
DST_06,2025-03-07,Delivery To Distributor,1041.41,1
DST_06,2025-03-08,Delivery To Distributor,1042.52,0
DST_06,2025-03-09,Delivery To Distributor,1156.64,1
DST_06,2025-03-10,Delivery To Distributor,888.68,1
DST_06,2025-03-11,Delivery To Distributor,1059.63,0
DST_06,2025-03-12,Delivery To Distributor,1038.4,1
DST_06,2025-03-13,Delivery To Distributor,1015.22,0
DST_06,2025-03-14,Delivery To Distributor,944.0,1
DST_06,2025-03-15,Delivery To Distributor,1106.45,0
DST_06,2025-03-16,Delivery To Distributor,925.72,0
DST_06,2025-03-17,Delivery To Distributor,1081.16,0
DST_06,2025-03-18,Delivery To Distributor,1062.62,1
DST_06,2025-03-19,Delivery To Distributor,1052.66,0
DST_06,2025-03-20,Delivery To Distributor,1202.52,1
DST_06,2025-03-21,Delivery To Distributor,1073.38,0
DST_06,2025-03-22,Delivery To Distributor,1057.31,0
DST_06,2025-03-23,Delivery To Distributor,896.27,1
DST_06,2025-03-24,Delivery To Distributor,1126.63,1
DST_06,2025-03-25,Delivery To Distributor,1245.05,0
DST_06,2025-03-26,Delivery To Distributor,970.79,0
DST_06,2025-03-27,Delivery To Distributor,1030.18,0
DST_06,2025-03-28,Delivery To Distributor,943.24,0
DST_06,2025-03-29,Delivery To Distributor,967.33,0
DST_06,2025-03-30,Delivery To Distributor,979.19,0
DST_06,2025-03-31,Delivery To Distributor,916.91,1
DST_06,2025-04-01,Delivery To Distributor,1036.94,0
DST_06,2025-04-02,Delivery To Distributor,1098.16,1
DST_06,2025-04-03,Delivery To Distributor,998.06,1
DST_06,2025-04-04,Delivery To Distributor,958.08,0
DST_06,2025-04-05,Delivery To Distributor,1055.46,0
DST_06,2025-04-06,Delivery To Distributor,1001.91,1
DST_06,2025-04-07,Delivery To Distributor,1031.99,0
DST_06,2025-04-08,Delivery To Distributor,1032.73,1
DST_06,2025-04-09,Delivery To Distributor,1032.08,0
DST_06,2025-04-10,Delivery To Distributor,1057.8,1
DST_07,2025-01-01,Delivery To Distributor,1010.48,0
DST_07,2025-01-02,Delivery To Distributor,1154.06,0
DST_07,2025-01-03,Delivery To Distributor,927.73,0
DST_07,2025-01-04,Delivery To Distributor,1155.13,0
DST_07,2025-01-05,Delivery To Distributor,881.03,0
DST_07,2025-01-06,Delivery To Distributor,1184.87,0
DST_07,2025-01-07,Delivery To Distributor,840.77,0
DST_07,2025-01-08,Delivery To Distributor,985.77,0
DST_07,2025-01-09,Delivery To Distributor,898.87,0
DST_07,2025-01-10,Delivery To Distributor,969.38,0
DST_07,2025-01-11,Delivery To Distributor,1103.89,0
DST_07,2025-01-12,Delivery To Distributor,1134.37,0
DST_07,2025-01-13,Delivery To Distributor,1041.88,0
DST_07,2025-01-14,Delivery To Distributor,1176.18,0
DST_07,2025-01-15,Delivery To Distributor,929.6,0
DST_07,2025-01-16,Delivery To Distributor,874.9,0
DST_07,2025-01-17,Delivery To Distributor,1156.48,0
DST_07,2025-01-18,Delivery To Distributor,737.29,0
DST_07,2025-01-19,Delivery To Distributor,982.9,0
DST_07,2025-01-20,Delivery To Distributor,1056.95,0
DST_07,2025-01-21,Delivery To Distributor,964.21,0
DST_07,2025-01-22,Delivery To Distributor,775.56,0
DST_07,2025-01-23,Delivery To Distributor,1135.5,0
DST_07,2025-01-24,Delivery To Distributor,1059.98,0
DST_07,2025-01-25,Delivery To Distributor,722.21,0
DST_07,2025-01-26,Delivery To Distributor,1208.5,0
DST_07,2025-01-27,Delivery To Distributor,788.08,0
DST_07,2025-01-28,Delivery To Distributor,931.09,0
DST_07,2025-01-29,Delivery To Distributor,1027.54,0
DST_07,2025-01-30,Delivery To Distributor,987.73,0
DST_07,2025-01-31,Delivery To Distributor,839.31,0
DST_07,2025-02-01,Delivery To Distributor,840.67,0
DST_07,2025-02-02,Delivery To Distributor,1397.14,0
DST_07,2025-02-03,Delivery To Distributor,866.82,0
DST_07,2025-02-04,Delivery To Distributor,1046.05,0
DST_07,2025-02-05,Delivery To Distributor,1079.96,0
DST_07,2025-02-06,Delivery To Distributor,1013.8,0
DST_07,2025-02-07,Delivery To Distributor,1075.19,0
DST_07,2025-02-08,Delivery To Distributor,1148.24,0
DST_07,2025-02-09,Delivery To Distributor,1144.13,0
DST_07,2025-02-10,Delivery To Distributor,1066.89,0
DST_07,2025-02-11,Delivery To Distributor,940.59,0
DST_07,2025-02-12,Delivery To Distributor,813.61,0
DST_07,2025-02-13,Delivery To Distributor,944.53,0
DST_07,2025-02-14,Delivery To Distributor,1270.79,0
DST_07,2025-02-15,Delivery To Distributor,1027.84,0
DST_07,2025-02-16,Delivery To Distributor,1000.8,0
DST_07,2025-02-17,Delivery To Distributor,1372.5,0
DST_07,2025-02-18,Delivery To Distributor,1211.92,0
DST_07,2025-02-19,Delivery To Distributor,1411.41,0
DST_07,2025-02-20,Delivery To Distributor,606.19,0
DST_07,2025-02-21,Delivery To Distributor,1024.04,0
DST_07,2025-02-22,Delivery To Distributor,846.38,0
DST_07,2025-02-23,Delivery To Distributor,1002.86,0
DST_07,2025-02-24,Delivery To Distributor,1039.08,0
DST_07,2025-02-25,Delivery To Distributor,801.38,0
DST_07,2025-02-26,Delivery To Distributor,1150.01,0
DST_07,2025-02-27,Delivery To Distributor,1075.45,0
DST_07,2025-02-28,Delivery To Distributor,1057.09,0
DST_07,2025-03-01,Delivery To Distributor,1074.48,0
DST_07,2025-03-02,Delivery To Distributor,938.18,0
DST_07,2025-03-03,Delivery To Distributor,785.14,0
DST_07,2025-03-04,Delivery To Distributor,989.33,0
DST_07,2025-03-05,Delivery To Distributor,1125.2,0
DST_07,2025-03-06,Delivery To Distributor,780.0,0
DST_07,2025-03-07,Delivery To Distributor,904.44,0
DST_07,2025-03-08,Delivery To Distributor,997.67,0
DST_07,2025-03-09,Delivery To Distributor,838.17,0
DST_07,2025-03-10,Delivery To Distributor,1092.52,0
DST_07,2025-03-11,Delivery To Distributor,1132.07,0
DST_07,2025-03-12,Delivery To Distributor,770.93,0
DST_07,2025-03-13,Delivery To Distributor,1157.34,0
DST_07,2025-03-14,Delivery To Distributor,825.34,0
DST_07,2025-03-15,Delivery To Distributor,1231.89,0
DST_07,2025-03-16,Delivery To Distributor,897.77,0
DST_07,2025-03-17,Delivery To Distributor,998.02,0
DST_07,2025-03-18,Delivery To Distributor,906.37,0
DST_07,2025-03-19,Delivery To Distributor,1309.19,0
DST_07,2025-03-20,Delivery To Distributor,1336.53,0
DST_07,2025-03-21,Delivery To Distributor,1199.67,0
DST_07,2025-03-22,Delivery To Distributor,1085.01,0
DST_07,2025-03-23,Delivery To Distributor,886.32,0
DST_07,2025-03-24,Delivery To Distributor,1196.84,0
DST_07,2025-03-25,Delivery To Distributor,1000.15,0
DST_07,2025-03-26,Delivery To Distributor,837.71,0
DST_07,2025-03-27,Delivery To Distributor,1255.99,0
DST_07,2025-03-28,Delivery To Distributor,1037.27,0
DST_07,2025-03-29,Delivery To Distributor,661.33,0
DST_07,2025-03-30,Delivery To Distributor,1195.51,0
DST_07,2025-03-31,Delivery To Distributor,1067.8,0
DST_07,2025-04-01,Delivery To Distributor,1055.21,0
DST_07,2025-04-02,Delivery To Distributor,1286.34,0
DST_07,2025-04-03,Delivery To Distributor,874.67,0
DST_07,2025-04-04,Delivery To Distributor,1249.23,0
DST_07,2025-04-05,Delivery To Distributor,896.86,0
DST_07,2025-04-06,Delivery To Distributor,1455.76,0
DST_07,2025-04-07,Delivery To Distributor,1052.98,0
DST_07,2025-04-08,Delivery To Distributor,999.48,0
DST_07,2025-04-09,Delivery To Distributor,1170.18,0
DST_07,2025-04-10,Delivery To Distributor,1108.32,0
DST_08,2025-01-01,Delivery To Distributor,947.73,0
DST_08,2025-01-02,Delivery To Distributor,1065.11,0
DST_08,2025-01-03,Delivery To Distributor,985.25,0
DST_08,2025-01-04,Delivery To Distributor,1153.24,0
DST_08,2025-01-05,Delivery To Distributor,1069.34,0
DST_08,2025-01-06,Delivery To Distributor,905.43,0
DST_08,2025-01-07,Delivery To Distributor,1177.38,0
DST_08,2025-01-08,Delivery To Distributor,930.95,0
DST_08,2025-01-09,Delivery To Distributor,1007.86,0
DST_08,2025-01-10,Delivery To Distributor,919.93,0
DST_08,2025-01-11,Delivery To Distributor,903.64,0
DST_08,2025-01-12,Delivery To Distributor,977.2,0
DST_08,2025-01-13,Delivery To Distributor,1149.79,0
DST_08,2025-01-14,Delivery To Distributor,1289.02,0
DST_08,2025-01-15,Delivery To Distributor,881.81,0
DST_08,2025-01-16,Delivery To Distributor,1265.67,0
DST_08,2025-01-17,Delivery To Distributor,826.06,0
DST_08,2025-01-18,Delivery To Distributor,1062.48,0
DST_08,2025-01-19,Delivery To Distributor,1168.7,0
DST_08,2025-01-20,Delivery To Distributor,1080.54,0
DST_08,2025-01-21,Delivery To Distributor,1175.8,0
DST_08,2025-01-22,Delivery To Distributor,1057.45,0
DST_08,2025-01-23,Delivery To Distributor,1212.6,0
DST_08,2025-01-24,Delivery To Distributor,1092.81,0
DST_08,2025-01-25,Delivery To Distributor,1036.45,0
DST_08,2025-01-26,Delivery To Distributor,1253.74,0
DST_08,2025-01-27,Delivery To Distributor,1065.67,0
DST_08,2025-01-28,Delivery To Distributor,1193.05,0
DST_08,2025-01-29,Delivery To Distributor,898.9,0
DST_08,2025-01-30,Delivery To Distributor,1175.99,0
DST_08,2025-01-31,Delivery To Distributor,1015.57,0
DST_08,2025-02-01,Delivery To Distributor,1111.38,0
DST_08,2025-02-02,Delivery To Distributor,993.08,0
DST_08,2025-02-03,Delivery To Distributor,918.13,0
DST_08,2025-02-04,Delivery To Distributor,1030.21,0
DST_08,2025-02-05,Delivery To Distributor,1077.16,0
DST_08,2025-02-06,Delivery To Distributor,1057.54,0
DST_08,2025-02-07,Delivery To Distributor,1048.07,0
DST_08,2025-02-08,Delivery To Distributor,915.95,0
DST_08,2025-02-09,Delivery To Distributor,944.55,0
DST_08,2025-02-10,Delivery To Distributor,986.76,0
DST_08,2025-02-11,Delivery To Distributor,837.97,0
DST_08,2025-02-12,Delivery To Distributor,881.94,0
DST_08,2025-02-13,Delivery To Distributor,980.47,0
DST_08,2025-02-14,Delivery To Distributor,1064.75,0
DST_08,2025-02-15,Delivery To Distributor,1153.77,0
DST_08,2025-02-16,Delivery To Distributor,972.46,0
DST_08,2025-02-17,Delivery To Distributor,968.82,0
DST_08,2025-02-18,Delivery To Distributor,1042.2,0
DST_08,2025-02-19,Delivery To Distributor,1124.83,0
DST_08,2025-02-20,Delivery To Distributor,986.69,0
DST_08,2025-02-21,Delivery To Distributor,1087.44,0
DST_08,2025-02-22,Delivery To Distributor,1172.69,0
DST_08,2025-02-23,Delivery To Distributor,880.85,0
DST_08,2025-02-24,Delivery To Distributor,976.18,0
DST_08,2025-02-25,Delivery To Distributor,760.65,0
DST_08,2025-02-26,Delivery To Distributor,1145.95,0
DST_08,2025-02-27,Delivery To Distributor,948.82,0
DST_08,2025-02-28,Delivery To Distributor,842.84,0
DST_08,2025-03-01,Delivery To Distributor,1014.56,0
DST_08,2025-03-02,Delivery To Distributor,971.16,0
DST_08,2025-03-03,Delivery To Distributor,1112.32,0
DST_08,2025-03-04,Delivery To Distributor,899.64,0
DST_08,2025-03-05,Delivery To Distributor,1049.53,0
DST_08,2025-03-06,Delivery To Distributor,908.68,0
DST_08,2025-03-07,Delivery To Distributor,1093.43,0
DST_08,2025-03-08,Delivery To Distributor,1165.63,0
DST_08,2025-03-09,Delivery To Distributor,852.74,0
DST_08,2025-03-10,Delivery To Distributor,1087.08,0
DST_08,2025-03-11,Delivery To Distributor,1024.5,0
DST_08,2025-03-12,Delivery To Distributor,1174.53,0
DST_08,2025-03-13,Delivery To Distributor,693.47,0
DST_08,2025-03-14,Delivery To Distributor,1069.11,0
DST_08,2025-03-15,Delivery To Distributor,1029.18,0
DST_08,2025-03-16,Delivery To Distributor,1029.17,0
DST_08,2025-03-17,Delivery To Distributor,969.57,0
DST_08,2025-03-18,Delivery To Distributor,1118.43,0
DST_08,2025-03-19,Delivery To Distributor,1122.09,0
DST_08,2025-03-20,Delivery To Distributor,1089.99,0
DST_08,2025-03-21,Delivery To Distributor,983.96,0
DST_08,2025-03-22,Delivery To Distributor,934.73,0
DST_08,2025-03-23,Delivery To Distributor,1102.85,0
DST_08,2025-03-24,Delivery To Distributor,995.96,0
DST_08,2025-03-25,Delivery To Distributor,941.27,0
DST_08,2025-03-26,Delivery To Distributor,958.66,0
DST_08,2025-03-27,Delivery To Distributor,1305.79,0
DST_08,2025-03-28,Delivery To Distributor,1143.35,0
DST_08,2025-03-29,Delivery To Distributor,1135.4,0
DST_08,2025-03-30,Delivery To Distributor,1012.88,0
DST_08,2025-03-31,Delivery To Distributor,1024.18,0
DST_08,2025-04-01,Delivery To Distributor,967.18,0
DST_08,2025-04-02,Delivery To Distributor,969.73,0
DST_08,2025-04-03,Delivery To Distributor,894.22,0
DST_08,2025-04-04,Delivery To Distributor,1157.53,0
DST_08,2025-04-05,Delivery To Distributor,1044.21,0
DST_08,2025-04-06,Delivery To Distributor,1047.09,0
DST_08,2025-04-07,Delivery To Distributor,1004.86,0
DST_08,2025-04-08,Delivery To Distributor,1057.38,0
DST_08,2025-04-09,Delivery To Distributor,1111.89,0
DST_08,2025-04-10,Delivery To Distributor,1109.8,0
RTL_01,2025-01-01,Delivery To Distributor,1293.22,0
RTL_01,2025-01-02,Delivery To Distributor,1143.22,0
RTL_01,2025-01-03,Delivery To Distributor,1162.73,0
RTL_01,2025-01-04,Delivery To Distributor,1246.75,0
RTL_01,2025-01-05,Delivery To Distributor,1127.96,0
RTL_01,2025-01-06,Delivery To Distributor,1386.12,0
RTL_01,2025-01-07,Delivery To Distributor,1388.01,0
RTL_01,2025-01-08,Delivery To Distributor,1092.05,0
RTL_01,2025-01-09,Delivery To Distributor,1281.78,0
RTL_01,2025-01-10,Delivery To Distributor,1109.66,0
RTL_01,2025-01-11,Delivery To Distributor,1399.03,0
RTL_01,2025-01-12,Delivery To Distributor,1502.64,0
RTL_01,2025-01-13,Delivery To Distributor,1481.28,0
RTL_01,2025-01-14,Delivery To Distributor,1195.72,0
RTL_01,2025-01-15,Delivery To Distributor,1211.82,0
RTL_01,2025-01-16,Delivery To Distributor,1272.68,0
RTL_01,2025-01-17,Delivery To Distributor,1135.59,0
RTL_01,2025-01-18,Delivery To Distributor,1319.05,0
RTL_01,2025-01-19,Delivery To Distributor,1213.01,0
RTL_01,2025-01-20,Delivery To Distributor,1309.96,0
RTL_01,2025-01-21,Delivery To Distributor,1503.19,0
RTL_01,2025-01-22,Delivery To Distributor,1174.16,0
RTL_01,2025-01-23,Delivery To Distributor,1359.26,0
RTL_01,2025-01-24,Delivery To Distributor,1169.53,0
RTL_01,2025-01-25,Delivery To Distributor,1110.79,0
RTL_01,2025-01-26,Delivery To Distributor,1254.59,0
RTL_01,2025-01-27,Delivery To Distributor,1269.54,0
RTL_01,2025-01-28,Delivery To Distributor,970.68,0
RTL_01,2025-01-29,Delivery To Distributor,1083.45,0
RTL_01,2025-01-30,Delivery To Distributor,1069.79,0
RTL_01,2025-01-31,Delivery To Distributor,1176.57,0
RTL_01,2025-02-01,Delivery To Distributor,1435.65,0
RTL_01,2025-02-02,Delivery To Distributor,1137.98,0
RTL_01,2025-02-03,Delivery To Distributor,1380.6,0
RTL_01,2025-02-04,Delivery To Distributor,1287.62,0
RTL_01,2025-02-05,Delivery To Distributor,1226.77,0
RTL_01,2025-02-06,Delivery To Distributor,1247.1,0
RTL_01,2025-02-07,Delivery To Distributor,1199.46,0
RTL_01,2025-02-08,Delivery To Distributor,1469.39,0
RTL_01,2025-02-09,Delivery To Distributor,1478.86,0
RTL_01,2025-02-10,Delivery To Distributor,1322.19,0
RTL_01,2025-02-11,Delivery To Distributor,1280.35,0
RTL_01,2025-02-12,Delivery To Distributor,1447.79,0
RTL_01,2025-02-13,Delivery To Distributor,1736.11,0
RTL_01,2025-02-14,Delivery To Distributor,1166.83,0
RTL_01,2025-02-15,Delivery To Distributor,1261.16,0
RTL_01,2025-02-16,Delivery To Distributor,1015.17,0
RTL_01,2025-02-17,Delivery To Distributor,1488.34,0
RTL_01,2025-02-18,Delivery To Distributor,1553.37,0
RTL_01,2025-02-19,Delivery To Distributor,1447.71,0
RTL_01,2025-02-20,Delivery To Distributor,1367.2,0
RTL_01,2025-02-21,Delivery To Distributor,1290.95,0
RTL_01,2025-02-22,Delivery To Distributor,1138.29,0
RTL_01,2025-02-23,Delivery To Distributor,1314.13,0
RTL_01,2025-02-24,Delivery To Distributor,1272.74,0
RTL_01,2025-02-25,Delivery To Distributor,1200.78,0
RTL_01,2025-02-26,Delivery To Distributor,1326.27,0
RTL_01,2025-02-27,Delivery To Distributor,1376.42,0
RTL_01,2025-02-28,Delivery To Distributor,1396.33,0
RTL_01,2025-03-01,Delivery To Distributor,1183.89,0
RTL_01,2025-03-02,Delivery To Distributor,1354.31,0
RTL_01,2025-03-03,Delivery To Distributor,1099.05,0
RTL_01,2025-03-04,Delivery To Distributor,1360.65,0
RTL_01,2025-03-05,Delivery To Distributor,1467.61,0
RTL_01,2025-03-06,Delivery To Distributor,962.58,0
RTL_01,2025-03-07,Delivery To Distributor,1303.77,0
RTL_01,2025-03-08,Delivery To Distributor,1090.24,0
RTL_01,2025-03-09,Delivery To Distributor,1369.91,0
RTL_01,2025-03-10,Delivery To Distributor,1459.37,0
RTL_01,2025-03-11,Delivery To Distributor,1145.28,0
RTL_01,2025-03-12,Delivery To Distributor,1578.73,0
RTL_01,2025-03-13,Delivery To Distributor,1244.21,0
RTL_01,2025-03-14,Delivery To Distributor,1170.61,0
RTL_01,2025-03-15,Delivery To Distributor,1677.36,0
RTL_01,2025-03-16,Delivery To Distributor,1377.85,0
RTL_01,2025-03-17,Delivery To Distributor,1366.63,0
RTL_01,2025-03-18,Delivery To Distributor,1004.19,0
RTL_01,2025-03-19,Delivery To Distributor,1178.4,0
RTL_01,2025-03-20,Delivery To Distributor,1555.43,0
RTL_01,2025-03-21,Delivery To Distributor,1248.75,0
RTL_01,2025-03-22,Delivery To Distributor,1209.53,0
RTL_01,2025-03-23,Delivery To Distributor,1374.52,0
RTL_01,2025-03-24,Delivery To Distributor,1507.63,0
RTL_01,2025-03-25,Delivery To Distributor,1003.78,0
RTL_01,2025-03-26,Delivery To Distributor,1258.39,0
RTL_01,2025-03-27,Delivery To Distributor,1077.27,0
RTL_01,2025-03-28,Delivery To Distributor,1181.68,0
RTL_01,2025-03-29,Delivery To Distributor,1336.34,0
RTL_01,2025-03-30,Delivery To Distributor,1138.23,0
RTL_01,2025-03-31,Delivery To Distributor,1098.36,0
RTL_01,2025-04-01,Delivery To Distributor,1328.49,0
RTL_01,2025-04-02,Delivery To Distributor,1327.91,0
RTL_01,2025-04-03,Delivery To Distributor,1104.59,0
RTL_01,2025-04-04,Delivery To Distributor,1455.18,0
RTL_01,2025-04-05,Delivery To Distributor,1573.8,0
RTL_01,2025-04-06,Delivery To Distributor,1309.04,0
RTL_01,2025-04-07,Delivery To Distributor,764.45,0
RTL_01,2025-04-08,Delivery To Distributor,1251.25,0
RTL_01,2025-04-09,Delivery To Distributor,1223.24,0
RTL_01,2025-04-10,Delivery To Distributor,1246.18,0
RTL_02,2025-01-01,Delivery To Distributor,1248.99,0
RTL_02,2025-01-02,Delivery To Distributor,1526.91,0
RTL_02,2025-01-03,Delivery To Distributor,1559.58,0
RTL_02,2025-01-04,Delivery To Distributor,1194.76,0
RTL_02,2025-01-05,Delivery To Distributor,1176.31,0
RTL_02,2025-01-06,Delivery To Distributor,1344.05,0
RTL_02,2025-01-07,Delivery To Distributor,1367.69,0
RTL_02,2025-01-08,Delivery To Distributor,1138.53,0
RTL_02,2025-01-09,Delivery To Distributor,1118.37,0
RTL_02,2025-01-10,Delivery To Distributor,1173.22,0
RTL_02,2025-01-11,Delivery To Distributor,1476.27,0
RTL_02,2025-01-12,Delivery To Distributor,1240.39,0
RTL_02,2025-01-13,Delivery To Distributor,1079.22,0
RTL_02,2025-01-14,Delivery To Distributor,1080.68,0
RTL_02,2025-01-15,Delivery To Distributor,1479.87,0
RTL_02,2025-01-16,Delivery To Distributor,1117.79,0
RTL_02,2025-01-17,Delivery To Distributor,1426.31,0
RTL_02,2025-01-18,Delivery To Distributor,1085.27,0
RTL_02,2025-01-19,Delivery To Distributor,1322.29,0
RTL_02,2025-01-20,Delivery To Distributor,1015.5,0
RTL_02,2025-01-21,Delivery To Distributor,1171.94,0
RTL_02,2025-01-22,Delivery To Distributor,1040.13,0
RTL_02,2025-01-23,Delivery To Distributor,1351.23,0
RTL_02,2025-01-24,Delivery To Distributor,1244.77,0
RTL_02,2025-01-25,Delivery To Distributor,1207.84,0
RTL_02,2025-01-26,Delivery To Distributor,1291.35,0
RTL_02,2025-01-27,Delivery To Distributor,1353.2,0
RTL_02,2025-01-28,Delivery To Distributor,1079.59,0
RTL_02,2025-01-29,Delivery To Distributor,1156.66,0
RTL_02,2025-01-30,Delivery To Distributor,1132.91,0
RTL_02,2025-01-31,Delivery To Distributor,1441.42,0
RTL_02,2025-02-01,Delivery To Distributor,1485.34,0
RTL_02,2025-02-02,Delivery To Distributor,1222.0,0
RTL_02,2025-02-03,Delivery To Distributor,1594.7,0
RTL_02,2025-02-04,Delivery To Distributor,1477.78,0
RTL_02,2025-02-05,Delivery To Distributor,1157.13,0
RTL_02,2025-02-06,Delivery To Distributor,1395.72,0
RTL_02,2025-02-07,Delivery To Distributor,971.74,0
RTL_02,2025-02-08,Delivery To Distributor,1657.71,0
RTL_02,2025-02-09,Delivery To Distributor,1198.4,0
RTL_02,2025-02-10,Delivery To Distributor,1565.23,0
RTL_02,2025-02-11,Delivery To Distributor,1515.79,0
RTL_02,2025-02-12,Delivery To Distributor,1348.68,0
RTL_02,2025-02-13,Delivery To Distributor,1188.47,0
RTL_02,2025-02-14,Delivery To Distributor,1362.79,0
RTL_02,2025-02-15,Delivery To Distributor,1007.42,0
RTL_02,2025-02-16,Delivery To Distributor,1100.87,0
RTL_02,2025-02-17,Delivery To Distributor,1401.25,0
RTL_02,2025-02-18,Delivery To Distributor,1362.01,0
RTL_02,2025-02-19,Delivery To Distributor,1290.6,0
RTL_02,2025-02-20,Delivery To Distributor,1277.84,0
RTL_02,2025-02-21,Delivery To Distributor,1278.77,0
RTL_02,2025-02-22,Delivery To Distributor,1445.79,0
RTL_02,2025-02-23,Delivery To Distributor,1512.17,0
RTL_02,2025-02-24,Delivery To Distributor,1500.05,1
RTL_02,2025-02-25,Delivery To Distributor,1146.93,1
RTL_02,2025-02-26,Delivery To Distributor,780.02,1
RTL_02,2025-02-27,Delivery To Distributor,1090.79,0
RTL_02,2025-02-28,Delivery To Distributor,1186.66,0
RTL_02,2025-03-01,Delivery To Distributor,1534.48,0
RTL_02,2025-03-02,Delivery To Distributor,1475.59,0
RTL_02,2025-03-03,Delivery To Distributor,1178.62,0
RTL_02,2025-03-04,Delivery To Distributor,1626.81,1
RTL_02,2025-03-05,Delivery To Distributor,1340.53,1
RTL_02,2025-03-06,Delivery To Distributor,1204.56,0
RTL_02,2025-03-07,Delivery To Distributor,1453.43,0
RTL_02,2025-03-08,Delivery To Distributor,1490.04,0
RTL_02,2025-03-09,Delivery To Distributor,1174.52,1
RTL_02,2025-03-10,Delivery To Distributor,1408.14,0
RTL_02,2025-03-11,Delivery To Distributor,1016.15,0
RTL_02,2025-03-12,Delivery To Distributor,1210.19,0
RTL_02,2025-03-13,Delivery To Distributor,1277.78,1
RTL_02,2025-03-14,Delivery To Distributor,1087.96,0
RTL_02,2025-03-15,Delivery To Distributor,1233.55,0
RTL_02,2025-03-16,Delivery To Distributor,1413.52,0
RTL_02,2025-03-17,Delivery To Distributor,1248.38,0
RTL_02,2025-03-18,Delivery To Distributor,1574.17,0
RTL_02,2025-03-19,Delivery To Distributor,1496.09,0
RTL_02,2025-03-20,Delivery To Distributor,1358.49,0
RTL_02,2025-03-21,Delivery To Distributor,1162.73,0
RTL_02,2025-03-22,Delivery To Distributor,1550.59,0
RTL_02,2025-03-23,Delivery To Distributor,1536.16,0
RTL_02,2025-03-24,Delivery To Distributor,1443.28,0
RTL_02,2025-03-25,Delivery To Distributor,1492.72,0
RTL_02,2025-03-26,Delivery To Distributor,1253.55,0
RTL_02,2025-03-27,Delivery To Distributor,1676.55,0
RTL_02,2025-03-28,Delivery To Distributor,1455.17,1
RTL_02,2025-03-29,Delivery To Distributor,1556.2,0
RTL_02,2025-03-30,Delivery To Distributor,1068.64,0
RTL_02,2025-03-31,Delivery To Distributor,1284.31,0
RTL_02,2025-04-01,Delivery To Distributor,1392.3,0
RTL_02,2025-04-02,Delivery To Distributor,1304.15,0
RTL_02,2025-04-03,Delivery To Distributor,1326.39,1
RTL_02,2025-04-04,Delivery To Distributor,1373.85,0
RTL_02,2025-04-05,Delivery To Distributor,1450.44,1
RTL_02,2025-04-06,Delivery To Distributor,1013.06,0
RTL_02,2025-04-07,Delivery To Distributor,1262.9,0
RTL_02,2025-04-08,Delivery To Distributor,1347.0,1
RTL_02,2025-04-09,Delivery To Distributor,1258.21,0
RTL_02,2025-04-10,Delivery To Distributor,1255.26,1
RTL_03,2025-01-01,Delivery To Distributor,1177.69,0
RTL_03,2025-01-02,Delivery To Distributor,1388.29,0
RTL_03,2025-01-03,Delivery To Distributor,1194.55,0
RTL_03,2025-01-04,Delivery To Distributor,1188.06,0
RTL_03,2025-01-05,Delivery To Distributor,1075.95,0
RTL_03,2025-01-06,Delivery To Distributor,1174.43,0
RTL_03,2025-01-07,Delivery To Distributor,1189.95,0
RTL_03,2025-01-08,Delivery To Distributor,1376.87,0
RTL_03,2025-01-09,Delivery To Distributor,1283.42,0
RTL_03,2025-01-10,Delivery To Distributor,1134.42,0
RTL_03,2025-01-11,Delivery To Distributor,1296.65,0
RTL_03,2025-01-12,Delivery To Distributor,1349.08,0
RTL_03,2025-01-13,Delivery To Distributor,1041.71,0
RTL_03,2025-01-14,Delivery To Distributor,1312.83,0
RTL_03,2025-01-15,Delivery To Distributor,1276.49,0
RTL_03,2025-01-16,Delivery To Distributor,1447.15,0
RTL_03,2025-01-17,Delivery To Distributor,1245.87,0
RTL_03,2025-01-18,Delivery To Distributor,1045.69,0
RTL_03,2025-01-19,Delivery To Distributor,1463.09,0
RTL_03,2025-01-20,Delivery To Distributor,1495.44,0
RTL_03,2025-01-21,Delivery To Distributor,1541.91,0
RTL_03,2025-01-22,Delivery To Distributor,1029.43,0
RTL_03,2025-01-23,Delivery To Distributor,1120.86,0
RTL_03,2025-01-24,Delivery To Distributor,1177.63,0
RTL_03,2025-01-25,Delivery To Distributor,1204.37,0
RTL_03,2025-01-26,Delivery To Distributor,1268.44,0
RTL_03,2025-01-27,Delivery To Distributor,1577.29,0
RTL_03,2025-01-28,Delivery To Distributor,1023.83,0
RTL_03,2025-01-29,Delivery To Distributor,1558.42,0
RTL_03,2025-01-30,Delivery To Distributor,815.32,0
RTL_03,2025-01-31,Delivery To Distributor,1916.34,0
RTL_03,2025-02-01,Delivery To Distributor,984.21,0
RTL_03,2025-02-02,Delivery To Distributor,786.54,0
RTL_03,2025-02-03,Delivery To Distributor,1079.01,0
RTL_03,2025-02-04,Delivery To Distributor,1690.8,0
RTL_03,2025-02-05,Delivery To Distributor,1477.14,0
RTL_03,2025-02-06,Delivery To Distributor,1871.26,0
RTL_03,2025-02-07,Delivery To Distributor,1386.44,0
RTL_03,2025-02-08,Delivery To Distributor,1218.25,0
RTL_03,2025-02-09,Delivery To Distributor,1135.72,0
RTL_03,2025-02-10,Delivery To Distributor,1464.2,0
RTL_03,2025-02-11,Delivery To Distributor,1274.94,0
RTL_03,2025-02-12,Delivery To Distributor,1204.1,0
RTL_03,2025-02-13,Delivery To Distributor,1335.09,0
RTL_03,2025-02-14,Delivery To Distributor,1684.06,0
RTL_03,2025-02-15,Delivery To Distributor,1722.45,0
RTL_03,2025-02-16,Delivery To Distributor,952.14,0
RTL_03,2025-02-17,Delivery To Distributor,1743.3,0
RTL_03,2025-02-18,Delivery To Distributor,1463.96,0
RTL_03,2025-02-19,Delivery To Distributor,1823.09,0
RTL_03,2025-02-20,Delivery To Distributor,1082.54,0
RTL_03,2025-02-21,Delivery To Distributor,1463.84,0
RTL_03,2025-02-22,Delivery To Distributor,1144.18,0
RTL_03,2025-02-23,Delivery To Distributor,1341.74,0
RTL_03,2025-02-24,Delivery To Distributor,1261.94,1
RTL_03,2025-02-25,Delivery To Distributor,1216.35,0
RTL_03,2025-02-26,Delivery To Distributor,1354.56,0
RTL_03,2025-02-27,Delivery To Distributor,1555.15,0
RTL_03,2025-02-28,Delivery To Distributor,1192.03,0
RTL_03,2025-03-01,Delivery To Distributor,1554.14,0
RTL_03,2025-03-02,Delivery To Distributor,1192.37,0
RTL_03,2025-03-03,Delivery To Distributor,1416.25,0
RTL_03,2025-03-04,Delivery To Distributor,1104.7,0
RTL_03,2025-03-05,Delivery To Distributor,1246.55,0
RTL_03,2025-03-06,Delivery To Distributor,1461.62,1
RTL_03,2025-03-07,Delivery To Distributor,1584.43,0
RTL_03,2025-03-08,Delivery To Distributor,1285.28,0
RTL_03,2025-03-09,Delivery To Distributor,1374.48,0
RTL_03,2025-03-10,Delivery To Distributor,1287.6,0
RTL_03,2025-03-11,Delivery To Distributor,1383.4,0
RTL_03,2025-03-12,Delivery To Distributor,1425.99,0
RTL_03,2025-03-13,Delivery To Distributor,1091.32,0
RTL_03,2025-03-14,Delivery To Distributor,1636.18,0
RTL_03,2025-03-15,Delivery To Distributor,1080.06,0
RTL_03,2025-03-16,Delivery To Distributor,1387.95,0
RTL_03,2025-03-17,Delivery To Distributor,1256.07,0
RTL_03,2025-03-18,Delivery To Distributor,1677.35,0
RTL_03,2025-03-19,Delivery To Distributor,947.24,0
RTL_03,2025-03-20,Delivery To Distributor,1432.81,0
RTL_03,2025-03-21,Delivery To Distributor,1400.76,0
RTL_03,2025-03-22,Delivery To Distributor,1449.76,0
RTL_03,2025-03-23,Delivery To Distributor,1574.79,0
RTL_03,2025-03-24,Delivery To Distributor,1265.85,1
RTL_03,2025-03-25,Delivery To Distributor,974.62,0
RTL_03,2025-03-26,Delivery To Distributor,1534.11,0
RTL_03,2025-03-27,Delivery To Distributor,864.51,0
RTL_03,2025-03-28,Delivery To Distributor,1392.93,0
RTL_03,2025-03-29,Delivery To Distributor,1180.84,0
RTL_03,2025-03-30,Delivery To Distributor,1477.7,0
RTL_03,2025-03-31,Delivery To Distributor,1337.0,0
RTL_03,2025-04-01,Delivery To Distributor,1728.07,0
RTL_03,2025-04-02,Delivery To Distributor,1366.35,0
RTL_03,2025-04-03,Delivery To Distributor,973.24,0
RTL_03,2025-04-04,Delivery To Distributor,1464.47,0
RTL_03,2025-04-05,Delivery To Distributor,1228.75,0
RTL_03,2025-04-06,Delivery To Distributor,1069.77,1
RTL_03,2025-04-07,Delivery To Distributor,954.34,1
RTL_03,2025-04-08,Delivery To Distributor,1543.04,0
RTL_03,2025-04-09,Delivery To Distributor,1294.18,0
RTL_03,2025-04-10,Delivery To Distributor,1317.26,1
RTL_04,2025-01-01,Delivery To Distributor,1360.19,0
RTL_04,2025-01-02,Delivery To Distributor,1142.02,0
RTL_04,2025-01-03,Delivery To Distributor,1121.4,0
RTL_04,2025-01-04,Delivery To Distributor,1113.12,0
RTL_04,2025-01-05,Delivery To Distributor,1695.88,0
RTL_04,2025-01-06,Delivery To Distributor,1931.05,0
RTL_04,2025-01-07,Delivery To Distributor,1115.92,0
RTL_04,2025-01-08,Delivery To Distributor,943.73,0
RTL_04,2025-01-09,Delivery To Distributor,1500.17,0
RTL_04,2025-01-10,Delivery To Distributor,1296.04,0
RTL_04,2025-01-11,Delivery To Distributor,1862.31,0
RTL_04,2025-01-12,Delivery To Distributor,1233.87,0
RTL_04,2025-01-13,Delivery To Distributor,1176.28,0
RTL_04,2025-01-14,Delivery To Distributor,1039.81,0
RTL_04,2025-01-15,Delivery To Distributor,1332.07,0
RTL_04,2025-01-16,Delivery To Distributor,1353.9,0
RTL_04,2025-01-17,Delivery To Distributor,932.84,0
RTL_04,2025-01-18,Delivery To Distributor,795.87,0
RTL_04,2025-01-19,Delivery To Distributor,1567.09,0
RTL_04,2025-01-20,Delivery To Distributor,1418.67,0
RTL_04,2025-01-21,Delivery To Distributor,1157.15,0
RTL_04,2025-01-22,Delivery To Distributor,1497.95,0
RTL_04,2025-01-23,Delivery To Distributor,951.15,0
RTL_04,2025-01-24,Delivery To Distributor,1365.29,0
RTL_04,2025-01-25,Delivery To Distributor,1599.36,0
RTL_04,2025-01-26,Delivery To Distributor,1357.06,0
RTL_04,2025-01-27,Delivery To Distributor,1302.98,0
RTL_04,2025-01-28,Delivery To Distributor,1079.02,0
RTL_04,2025-01-29,Delivery To Distributor,964.63,0
RTL_04,2025-01-30,Delivery To Distributor,1421.14,0
RTL_04,2025-01-31,Delivery To Distributor,1198.98,0
RTL_04,2025-02-01,Delivery To Distributor,1580.6,0
RTL_04,2025-02-02,Delivery To Distributor,1421.23,0
RTL_04,2025-02-03,Delivery To Distributor,1289.9,0
RTL_04,2025-02-04,Delivery To Distributor,1329.14,0
RTL_04,2025-02-05,Delivery To Distributor,1231.45,0
RTL_04,2025-02-06,Delivery To Distributor,1243.0,0
RTL_04,2025-02-07,Delivery To Distributor,1332.45,0
RTL_04,2025-02-08,Delivery To Distributor,955.33,0
RTL_04,2025-02-09,Delivery To Distributor,1026.5,0
RTL_04,2025-02-10,Delivery To Distributor,1111.16,0
RTL_04,2025-02-11,Delivery To Distributor,1008.34,0
RTL_04,2025-02-12,Delivery To Distributor,1608.91,0
RTL_04,2025-02-13,Delivery To Distributor,1222.13,0
RTL_04,2025-02-14,Delivery To Distributor,1167.79,0
RTL_04,2025-02-15,Delivery To Distributor,997.08,0
RTL_04,2025-02-16,Delivery To Distributor,1240.65,0
RTL_04,2025-02-17,Delivery To Distributor,1402.56,0
RTL_04,2025-02-18,Delivery To Distributor,1443.08,0
RTL_04,2025-02-19,Delivery To Distributor,1122.04,0
RTL_04,2025-02-20,Delivery To Distributor,1247.57,0
RTL_04,2025-02-21,Delivery To Distributor,976.3,0
RTL_04,2025-02-22,Delivery To Distributor,1026.81,0
RTL_04,2025-02-23,Delivery To Distributor,1012.31,0
RTL_04,2025-02-24,Delivery To Distributor,1217.53,0
RTL_04,2025-02-25,Delivery To Distributor,1543.43,0
RTL_04,2025-02-26,Delivery To Distributor,1009.32,0
RTL_04,2025-02-27,Delivery To Distributor,1196.56,0
RTL_04,2025-02-28,Delivery To Distributor,1479.45,0
RTL_04,2025-03-01,Delivery To Distributor,761.06,0
RTL_04,2025-03-02,Delivery To Distributor,1183.93,0
RTL_04,2025-03-03,Delivery To Distributor,1020.65,0
RTL_04,2025-03-04,Delivery To Distributor,1177.12,0
RTL_04,2025-03-05,Delivery To Distributor,1398.07,0
RTL_04,2025-03-06,Delivery To Distributor,1475.66,0
RTL_04,2025-03-07,Delivery To Distributor,1119.74,0
RTL_04,2025-03-08,Delivery To Distributor,1147.27,0
RTL_04,2025-03-09,Delivery To Distributor,1380.0,0
RTL_04,2025-03-10,Delivery To Distributor,1318.84,0
RTL_04,2025-03-11,Delivery To Distributor,911.56,0
RTL_04,2025-03-12,Delivery To Distributor,1616.47,0
RTL_04,2025-03-13,Delivery To Distributor,1331.77,0
RTL_04,2025-03-14,Delivery To Distributor,1207.1,0
RTL_04,2025-03-15,Delivery To Distributor,1705.47,0
RTL_04,2025-03-16,Delivery To Distributor,1363.29,0
RTL_04,2025-03-17,Delivery To Distributor,1254.4,0
RTL_04,2025-03-18,Delivery To Distributor,806.88,0
RTL_04,2025-03-19,Delivery To Distributor,789.99,0
RTL_04,2025-03-20,Delivery To Distributor,966.58,0
RTL_04,2025-03-21,Delivery To Distributor,1284.89,0
RTL_04,2025-03-22,Delivery To Distributor,1168.29,0
RTL_04,2025-03-23,Delivery To Distributor,1369.71,0
RTL_04,2025-03-24,Delivery To Distributor,878.31,0
RTL_04,2025-03-25,Delivery To Distributor,885.03,0
RTL_04,2025-03-26,Delivery To Distributor,876.65,0
RTL_04,2025-03-27,Delivery To Distributor,1260.46,0
RTL_04,2025-03-28,Delivery To Distributor,1544.37,0
RTL_04,2025-03-29,Delivery To Distributor,1665.62,0
RTL_04,2025-03-30,Delivery To Distributor,1135.0,0
RTL_04,2025-03-31,Delivery To Distributor,1571.95,0
RTL_04,2025-04-01,Delivery To Distributor,858.61,0
RTL_04,2025-04-02,Delivery To Distributor,1290.95,0
RTL_04,2025-04-03,Delivery To Distributor,1352.72,0
RTL_04,2025-04-04,Delivery To Distributor,976.4,0
RTL_04,2025-04-05,Delivery To Distributor,1271.22,0
RTL_04,2025-04-06,Delivery To Distributor,1266.77,0
RTL_04,2025-04-07,Delivery To Distributor,1039.91,0
RTL_04,2025-04-08,Delivery To Distributor,977.57,0
RTL_04,2025-04-09,Delivery To Distributor,1338.22,0
RTL_04,2025-04-10,Delivery To Distributor,1043.37,0
RTL_05,2025-01-01,Delivery To Distributor,1192.48,0
RTL_05,2025-01-02,Delivery To Distributor,1043.5,0
RTL_05,2025-01-03,Delivery To Distributor,1151.67,0
RTL_05,2025-01-04,Delivery To Distributor,1070.68,0
RTL_05,2025-01-05,Delivery To Distributor,1279.13,0
RTL_05,2025-01-06,Delivery To Distributor,1157.08,0
RTL_05,2025-01-07,Delivery To Distributor,1260.11,0
RTL_05,2025-01-08,Delivery To Distributor,1169.5,0
RTL_05,2025-01-09,Delivery To Distributor,1243.06,0
RTL_05,2025-01-10,Delivery To Distributor,1283.92,0
RTL_05,2025-01-11,Delivery To Distributor,1241.54,0
RTL_05,2025-01-12,Delivery To Distributor,1211.32,0
RTL_05,2025-01-13,Delivery To Distributor,1334.64,0
RTL_05,2025-01-14,Delivery To Distributor,1231.53,0
RTL_05,2025-01-15,Delivery To Distributor,1269.86,0
RTL_05,2025-01-16,Delivery To Distributor,1042.95,0
RTL_05,2025-01-17,Delivery To Distributor,1266.35,0
RTL_05,2025-01-18,Delivery To Distributor,1349.83,0
RTL_05,2025-01-19,Delivery To Distributor,1144.61,0
RTL_05,2025-01-20,Delivery To Distributor,1255.53,0
RTL_05,2025-01-21,Delivery To Distributor,1223.68,0
RTL_05,2025-01-22,Delivery To Distributor,1315.29,0
RTL_05,2025-01-23,Delivery To Distributor,1350.39,0
RTL_05,2025-01-24,Delivery To Distributor,1130.35,0
RTL_05,2025-01-25,Delivery To Distributor,1310.1,0
RTL_05,2025-01-26,Delivery To Distributor,1357.09,0
RTL_05,2025-01-27,Delivery To Distributor,1446.72,0
RTL_05,2025-01-28,Delivery To Distributor,1221.15,0
RTL_05,2025-01-29,Delivery To Distributor,1259.65,0
RTL_05,2025-01-30,Delivery To Distributor,1045.73,0
RTL_05,2025-01-31,Delivery To Distributor,1329.94,0
RTL_05,2025-02-01,Delivery To Distributor,1058.41,0
RTL_05,2025-02-02,Delivery To Distributor,1324.0,0
RTL_05,2025-02-03,Delivery To Distributor,1552.64,0
RTL_05,2025-02-04,Delivery To Distributor,1030.24,0
RTL_05,2025-02-05,Delivery To Distributor,1201.92,0
RTL_05,2025-02-06,Delivery To Distributor,1225.31,0
RTL_05,2025-02-07,Delivery To Distributor,1250.62,0
RTL_05,2025-02-08,Delivery To Distributor,1198.76,0
RTL_05,2025-02-09,Delivery To Distributor,1326.88,0
RTL_05,2025-02-10,Delivery To Distributor,1169.32,0
RTL_05,2025-02-11,Delivery To Distributor,1033.01,0
RTL_05,2025-02-12,Delivery To Distributor,1352.92,0
RTL_05,2025-02-13,Delivery To Distributor,1460.14,0
RTL_05,2025-02-14,Delivery To Distributor,1227.55,0
RTL_05,2025-02-15,Delivery To Distributor,1003.91,0
RTL_05,2025-02-16,Delivery To Distributor,1400.07,0
RTL_05,2025-02-17,Delivery To Distributor,1531.93,0
RTL_05,2025-02-18,Delivery To Distributor,1035.63,0
RTL_05,2025-02-19,Delivery To Distributor,1475.38,0
RTL_05,2025-02-20,Delivery To Distributor,1410.18,0
RTL_05,2025-02-21,Delivery To Distributor,1527.83,0
RTL_05,2025-02-22,Delivery To Distributor,1307.37,0
RTL_05,2025-02-23,Delivery To Distributor,1454.84,0
RTL_05,2025-02-24,Delivery To Distributor,1185.16,0
RTL_05,2025-02-25,Delivery To Distributor,1410.23,0
RTL_05,2025-02-26,Delivery To Distributor,1253.58,0
RTL_05,2025-02-27,Delivery To Distributor,1224.24,0
RTL_05,2025-02-28,Delivery To Distributor,1454.77,0
RTL_05,2025-03-01,Delivery To Distributor,1058.94,0
RTL_05,2025-03-02,Delivery To Distributor,1421.75,0
RTL_05,2025-03-03,Delivery To Distributor,1390.63,0
RTL_05,2025-03-04,Delivery To Distributor,1256.58,0
RTL_05,2025-03-05,Delivery To Distributor,1294.81,0
RTL_05,2025-03-06,Delivery To Distributor,1187.62,0
RTL_05,2025-03-07,Delivery To Distributor,1161.14,0
RTL_05,2025-03-08,Delivery To Distributor,1554.1,0
RTL_05,2025-03-09,Delivery To Distributor,1196.3,0
RTL_05,2025-03-10,Delivery To Distributor,1255.36,0
RTL_05,2025-03-11,Delivery To Distributor,1267.41,0
RTL_05,2025-03-12,Delivery To Distributor,1216.23,0
RTL_05,2025-03-13,Delivery To Distributor,1399.01,0
RTL_05,2025-03-14,Delivery To Distributor,1180.84,0
RTL_05,2025-03-15,Delivery To Distributor,1074.56,0
RTL_05,2025-03-16,Delivery To Distributor,1287.58,0
RTL_05,2025-03-17,Delivery To Distributor,1351.93,0
RTL_05,2025-03-18,Delivery To Distributor,1233.43,0
RTL_05,2025-03-19,Delivery To Distributor,1231.76,0
RTL_05,2025-03-20,Delivery To Distributor,1210.79,0
RTL_05,2025-03-21,Delivery To Distributor,1148.15,0
RTL_05,2025-03-22,Delivery To Distributor,1035.12,0
RTL_05,2025-03-23,Delivery To Distributor,1149.02,0
RTL_05,2025-03-24,Delivery To Distributor,1377.97,0
RTL_05,2025-03-25,Delivery To Distributor,1363.72,0
RTL_05,2025-03-26,Delivery To Distributor,1238.41,0
RTL_05,2025-03-27,Delivery To Distributor,1278.63,0
RTL_05,2025-03-28,Delivery To Distributor,1091.4,0
RTL_05,2025-03-29,Delivery To Distributor,1250.0,0
RTL_05,2025-03-30,Delivery To Distributor,1193.24,0
RTL_05,2025-03-31,Delivery To Distributor,1228.72,0
RTL_05,2025-04-01,Delivery To Distributor,1495.25,0
RTL_05,2025-04-02,Delivery To Distributor,1328.16,0
RTL_05,2025-04-03,Delivery To Distributor,1300.18,0
RTL_05,2025-04-04,Delivery To Distributor,1373.55,0
RTL_05,2025-04-05,Delivery To Distributor,1215.6,0
RTL_05,2025-04-06,Delivery To Distributor,1391.14,0
RTL_05,2025-04-07,Delivery To Distributor,1225.95,0
RTL_05,2025-04-08,Delivery To Distributor,1368.67,0
RTL_05,2025-04-09,Delivery To Distributor,1424.81,0
RTL_05,2025-04-10,Delivery To Distributor,1394.59,0
RTL_06,2025-01-01,Delivery To Distributor,1180.47,0
RTL_06,2025-01-02,Delivery To Distributor,1444.28,0
RTL_06,2025-01-03,Delivery To Distributor,1346.95,0
RTL_06,2025-01-04,Delivery To Distributor,1212.15,0
RTL_06,2025-01-05,Delivery To Distributor,1366.93,0
RTL_06,2025-01-06,Delivery To Distributor,1214.94,0
RTL_06,2025-01-07,Delivery To Distributor,1312.03,0
RTL_06,2025-01-08,Delivery To Distributor,1399.22,0
RTL_06,2025-01-09,Delivery To Distributor,1321.35,0
RTL_06,2025-01-10,Delivery To Distributor,1282.96,0
RTL_06,2025-01-11,Delivery To Distributor,1373.22,0
RTL_06,2025-01-12,Delivery To Distributor,1287.39,0
RTL_06,2025-01-13,Delivery To Distributor,1384.02,0
RTL_06,2025-01-14,Delivery To Distributor,1191.21,0
RTL_06,2025-01-15,Delivery To Distributor,1278.23,0
RTL_06,2025-01-16,Delivery To Distributor,1271.24,0
RTL_06,2025-01-17,Delivery To Distributor,1456.29,0
RTL_06,2025-01-18,Delivery To Distributor,1256.25,0
RTL_06,2025-01-19,Delivery To Distributor,1386.73,0
RTL_06,2025-01-20,Delivery To Distributor,1323.37,0
RTL_06,2025-01-21,Delivery To Distributor,1185.61,0
RTL_06,2025-01-22,Delivery To Distributor,1338.36,0
RTL_06,2025-01-23,Delivery To Distributor,1348.31,0
RTL_06,2025-01-24,Delivery To Distributor,1290.32,0
RTL_06,2025-01-25,Delivery To Distributor,1219.95,0
RTL_06,2025-01-26,Delivery To Distributor,1249.72,0
RTL_06,2025-01-27,Delivery To Distributor,1440.29,0
RTL_06,2025-01-28,Delivery To Distributor,1358.71,0
RTL_06,2025-01-29,Delivery To Distributor,1374.2,0
RTL_06,2025-01-30,Delivery To Distributor,1380.22,0
RTL_06,2025-01-31,Delivery To Distributor,1298.58,0
RTL_06,2025-02-01,Delivery To Distributor,1351.82,0
RTL_06,2025-02-02,Delivery To Distributor,1366.46,0
RTL_06,2025-02-03,Delivery To Distributor,1214.2,0
RTL_06,2025-02-04,Delivery To Distributor,1356.44,0
RTL_06,2025-02-05,Delivery To Distributor,1239.92,0
RTL_06,2025-02-06,Delivery To Distributor,1330.33,0
RTL_06,2025-02-07,Delivery To Distributor,1346.51,0
RTL_06,2025-02-08,Delivery To Distributor,1225.61,0
RTL_06,2025-02-09,Delivery To Distributor,1447.5,0
RTL_06,2025-02-10,Delivery To Distributor,1339.55,0
RTL_06,2025-02-11,Delivery To Distributor,1216.76,0
RTL_06,2025-02-12,Delivery To Distributor,1379.11,0
RTL_06,2025-02-13,Delivery To Distributor,1333.47,0
RTL_06,2025-02-14,Delivery To Distributor,1320.29,0
RTL_06,2025-02-15,Delivery To Distributor,1199.58,0
RTL_06,2025-02-16,Delivery To Distributor,1330.73,0
RTL_06,2025-02-17,Delivery To Distributor,1210.46,0
RTL_06,2025-02-18,Delivery To Distributor,1234.42,0
RTL_06,2025-02-19,Delivery To Distributor,1331.82,0
RTL_06,2025-02-20,Delivery To Distributor,1356.69,0
RTL_06,2025-02-21,Delivery To Distributor,1395.74,0
RTL_06,2025-02-22,Delivery To Distributor,1228.21,0
RTL_06,2025-02-23,Delivery To Distributor,1430.69,0
RTL_06,2025-02-24,Delivery To Distributor,1241.31,0
RTL_06,2025-02-25,Delivery To Distributor,1406.02,0
RTL_06,2025-02-26,Delivery To Distributor,1246.88,0
RTL_06,2025-02-27,Delivery To Distributor,1434.08,1
RTL_06,2025-02-28,Delivery To Distributor,1460.64,0
RTL_06,2025-03-01,Delivery To Distributor,1468.45,0
RTL_06,2025-03-02,Delivery To Distributor,1341.22,0
RTL_06,2025-03-03,Delivery To Distributor,1217.44,1
RTL_06,2025-03-04,Delivery To Distributor,1414.98,1
RTL_06,2025-03-05,Delivery To Distributor,1155.63,0
RTL_06,2025-03-06,Delivery To Distributor,1259.95,0
RTL_06,2025-03-07,Delivery To Distributor,1351.49,1
RTL_06,2025-03-08,Delivery To Distributor,1350.92,0
RTL_06,2025-03-09,Delivery To Distributor,1292.74,0
RTL_06,2025-03-10,Delivery To Distributor,1379.79,0
RTL_06,2025-03-11,Delivery To Distributor,1162.83,1
RTL_06,2025-03-12,Delivery To Distributor,1386.65,1
RTL_06,2025-03-13,Delivery To Distributor,1307.86,1
RTL_06,2025-03-14,Delivery To Distributor,1228.44,1
RTL_06,2025-03-15,Delivery To Distributor,1220.33,1
RTL_06,2025-03-16,Delivery To Distributor,1247.54,0
RTL_06,2025-03-17,Delivery To Distributor,1470.24,0
RTL_06,2025-03-18,Delivery To Distributor,1054.72,0
RTL_06,2025-03-19,Delivery To Distributor,1153.93,0
RTL_06,2025-03-20,Delivery To Distributor,1466.19,1
RTL_06,2025-03-21,Delivery To Distributor,1084.14,0
RTL_06,2025-03-22,Delivery To Distributor,1242.13,0
RTL_06,2025-03-23,Delivery To Distributor,1231.55,0
RTL_06,2025-03-24,Delivery To Distributor,1310.97,0
RTL_06,2025-03-25,Delivery To Distributor,1313.18,0
RTL_06,2025-03-26,Delivery To Distributor,1301.16,0
RTL_06,2025-03-27,Delivery To Distributor,1250.82,1
RTL_06,2025-03-28,Delivery To Distributor,1410.83,0
RTL_06,2025-03-29,Delivery To Distributor,1276.9,1
RTL_06,2025-03-30,Delivery To Distributor,1146.06,0
RTL_06,2025-03-31,Delivery To Distributor,1260.59,1
RTL_06,2025-04-01,Delivery To Distributor,1360.29,1
RTL_06,2025-04-02,Delivery To Distributor,1328.07,0
RTL_06,2025-04-03,Delivery To Distributor,1381.37,1
RTL_06,2025-04-04,Delivery To Distributor,1308.4,0
RTL_06,2025-04-05,Delivery To Distributor,1343.84,1
RTL_06,2025-04-06,Delivery To Distributor,1306.98,1
RTL_06,2025-04-07,Delivery To Distributor,1381.26,0
RTL_06,2025-04-08,Delivery To Distributor,1425.41,1
RTL_06,2025-04-09,Delivery To Distributor,1356.51,0
RTL_06,2025-04-10,Delivery To Distributor,1392.17,1
RTL_07,2025-01-01,Delivery To Distributor,1006.11,0
RTL_07,2025-01-02,Delivery To Distributor,1351.24,0
RTL_07,2025-01-03,Delivery To Distributor,1421.97,0
RTL_07,2025-01-04,Delivery To Distributor,1168.01,0
RTL_07,2025-01-05,Delivery To Distributor,1161.56,0
RTL_07,2025-01-06,Delivery To Distributor,1512.77,0
RTL_07,2025-01-07,Delivery To Distributor,1129.16,0
RTL_07,2025-01-08,Delivery To Distributor,1444.28,0
RTL_07,2025-01-09,Delivery To Distributor,1120.68,0
RTL_07,2025-01-10,Delivery To Distributor,1290.73,0
RTL_07,2025-01-11,Delivery To Distributor,1521.86,0
RTL_07,2025-01-12,Delivery To Distributor,986.84,0
RTL_07,2025-01-13,Delivery To Distributor,1174.27,0
RTL_07,2025-01-14,Delivery To Distributor,1471.36,0
RTL_07,2025-01-15,Delivery To Distributor,1000.91,0
RTL_07,2025-01-16,Delivery To Distributor,1256.15,0
RTL_07,2025-01-17,Delivery To Distributor,1190.61,0
RTL_07,2025-01-18,Delivery To Distributor,1121.99,0
RTL_07,2025-01-19,Delivery To Distributor,1438.1,0
RTL_07,2025-01-20,Delivery To Distributor,1155.96,0
RTL_07,2025-01-21,Delivery To Distributor,1254.67,0
RTL_07,2025-01-22,Delivery To Distributor,1117.62,0
RTL_07,2025-01-23,Delivery To Distributor,1179.16,0
RTL_07,2025-01-24,Delivery To Distributor,1244.28,0
RTL_07,2025-01-25,Delivery To Distributor,1200.06,0
RTL_07,2025-01-26,Delivery To Distributor,1304.93,0
RTL_07,2025-01-27,Delivery To Distributor,1218.61,0
RTL_07,2025-01-28,Delivery To Distributor,1286.21,0
RTL_07,2025-01-29,Delivery To Distributor,1234.55,0
RTL_07,2025-01-30,Delivery To Distributor,1177.37,0
RTL_07,2025-01-31,Delivery To Distributor,1334.45,0
RTL_07,2025-02-01,Delivery To Distributor,1025.4,0
RTL_07,2025-02-02,Delivery To Distributor,1482.24,0
RTL_07,2025-02-03,Delivery To Distributor,1170.71,0
RTL_07,2025-02-04,Delivery To Distributor,1664.54,0
RTL_07,2025-02-05,Delivery To Distributor,1192.08,0
RTL_07,2025-02-06,Delivery To Distributor,1401.19,0
RTL_07,2025-02-07,Delivery To Distributor,1211.79,0
RTL_07,2025-02-08,Delivery To Distributor,1372.46,0
RTL_07,2025-02-09,Delivery To Distributor,1459.2,0
RTL_07,2025-02-10,Delivery To Distributor,1074.55,0
RTL_07,2025-02-11,Delivery To Distributor,1185.44,0
RTL_07,2025-02-12,Delivery To Distributor,1256.43,0
RTL_07,2025-02-13,Delivery To Distributor,947.22,0
RTL_07,2025-02-14,Delivery To Distributor,1523.13,0
RTL_07,2025-02-15,Delivery To Distributor,1203.49,0
RTL_07,2025-02-16,Delivery To Distributor,1346.04,0
RTL_07,2025-02-17,Delivery To Distributor,1053.53,0
RTL_07,2025-02-18,Delivery To Distributor,1079.48,0
RTL_07,2025-02-19,Delivery To Distributor,1159.07,0
RTL_07,2025-02-20,Delivery To Distributor,1292.32,0
RTL_07,2025-02-21,Delivery To Distributor,1475.29,0
RTL_07,2025-02-22,Delivery To Distributor,1283.16,0
RTL_07,2025-02-23,Delivery To Distributor,1370.6,0
RTL_07,2025-02-24,Delivery To Distributor,1133.74,0
RTL_07,2025-02-25,Delivery To Distributor,1071.79,0
RTL_07,2025-02-26,Delivery To Distributor,1282.18,0
RTL_07,2025-02-27,Delivery To Distributor,1483.54,0
RTL_07,2025-02-28,Delivery To Distributor,1359.45,0
RTL_07,2025-03-01,Delivery To Distributor,1209.09,0
RTL_07,2025-03-02,Delivery To Distributor,1146.94,0
RTL_07,2025-03-03,Delivery To Distributor,1228.03,0
RTL_07,2025-03-04,Delivery To Distributor,1114.78,0
RTL_07,2025-03-05,Delivery To Distributor,1365.89,0
RTL_07,2025-03-06,Delivery To Distributor,1115.25,0
RTL_07,2025-03-07,Delivery To Distributor,1070.1,0
RTL_07,2025-03-08,Delivery To Distributor,1357.63,0
RTL_07,2025-03-09,Delivery To Distributor,1199.82,0
RTL_07,2025-03-10,Delivery To Distributor,1322.06,0
RTL_07,2025-03-11,Delivery To Distributor,1152.21,0
RTL_07,2025-03-12,Delivery To Distributor,1468.17,0
RTL_07,2025-03-13,Delivery To Distributor,1201.17,0
RTL_07,2025-03-14,Delivery To Distributor,1266.57,0
RTL_07,2025-03-15,Delivery To Distributor,1396.35,0
RTL_07,2025-03-16,Delivery To Distributor,1377.27,0
RTL_07,2025-03-17,Delivery To Distributor,1020.27,0
RTL_07,2025-03-18,Delivery To Distributor,1079.45,0
RTL_07,2025-03-19,Delivery To Distributor,1110.7,0
RTL_07,2025-03-20,Delivery To Distributor,1348.19,0
RTL_07,2025-03-21,Delivery To Distributor,1431.71,0
RTL_07,2025-03-22,Delivery To Distributor,1418.02,0
RTL_07,2025-03-23,Delivery To Distributor,993.74,0
RTL_07,2025-03-24,Delivery To Distributor,1180.25,0
RTL_07,2025-03-25,Delivery To Distributor,1313.34,0
RTL_07,2025-03-26,Delivery To Distributor,1302.69,0
RTL_07,2025-03-27,Delivery To Distributor,1328.79,0
RTL_07,2025-03-28,Delivery To Distributor,1387.4,0
RTL_07,2025-03-29,Delivery To Distributor,1315.81,0
RTL_07,2025-03-30,Delivery To Distributor,1420.28,0
RTL_07,2025-03-31,Delivery To Distributor,1170.94,0
RTL_07,2025-04-01,Delivery To Distributor,1091.16,0
RTL_07,2025-04-02,Delivery To Distributor,1243.51,0
RTL_07,2025-04-03,Delivery To Distributor,1415.31,0
RTL_07,2025-04-04,Delivery To Distributor,1394.86,0
RTL_07,2025-04-05,Delivery To Distributor,1386.95,0
RTL_07,2025-04-06,Delivery To Distributor,1188.59,0
RTL_07,2025-04-07,Delivery To Distributor,1096.69,0
RTL_07,2025-04-08,Delivery To Distributor,1177.58,0
RTL_07,2025-04-09,Delivery To Distributor,1377.08,0
RTL_07,2025-04-10,Delivery To Distributor,1214.61,0
RTL_08,2025-01-01,Delivery To Distributor,1550.58,0
RTL_08,2025-01-02,Delivery To Distributor,1650.51,0
RTL_08,2025-01-03,Delivery To Distributor,1277.0,0
RTL_08,2025-01-04,Delivery To Distributor,1159.02,0
RTL_08,2025-01-05,Delivery To Distributor,1343.73,0
RTL_08,2025-01-06,Delivery To Distributor,1028.22,0
RTL_08,2025-01-07,Delivery To Distributor,1403.07,0
RTL_08,2025-01-08,Delivery To Distributor,783.73,0
RTL_08,2025-01-09,Delivery To Distributor,1125.0,0
RTL_08,2025-01-10,Delivery To Distributor,1228.36,0
RTL_08,2025-01-11,Delivery To Distributor,1423.62,0
RTL_08,2025-01-12,Delivery To Distributor,1141.24,0
RTL_08,2025-01-13,Delivery To Distributor,947.17,0
RTL_08,2025-01-14,Delivery To Distributor,1158.81,0
RTL_08,2025-01-15,Delivery To Distributor,1766.89,0
RTL_08,2025-01-16,Delivery To Distributor,1079.27,0
RTL_08,2025-01-17,Delivery To Distributor,974.7,0
RTL_08,2025-01-18,Delivery To Distributor,1239.7,0
RTL_08,2025-01-19,Delivery To Distributor,1060.73,0
RTL_08,2025-01-20,Delivery To Distributor,1175.94,0
RTL_08,2025-01-21,Delivery To Distributor,1377.45,0
RTL_08,2025-01-22,Delivery To Distributor,1680.19,0
RTL_08,2025-01-23,Delivery To Distributor,1206.38,0
RTL_08,2025-01-24,Delivery To Distributor,1039.08,0
RTL_08,2025-01-25,Delivery To Distributor,1112.95,0
RTL_08,2025-01-26,Delivery To Distributor,1260.37,0
RTL_08,2025-01-27,Delivery To Distributor,1109.3,0
RTL_08,2025-01-28,Delivery To Distributor,1081.17,0
RTL_08,2025-01-29,Delivery To Distributor,1725.61,0
RTL_08,2025-01-30,Delivery To Distributor,1456.3,0
RTL_08,2025-01-31,Delivery To Distributor,1278.37,0
RTL_08,2025-02-01,Delivery To Distributor,392.2,0
RTL_08,2025-02-02,Delivery To Distributor,1294.91,0
RTL_08,2025-02-03,Delivery To Distributor,1105.11,0
RTL_08,2025-02-04,Delivery To Distributor,1237.03,0
RTL_08,2025-02-05,Delivery To Distributor,1487.6,0
RTL_08,2025-02-06,Delivery To Distributor,1599.1,0
RTL_08,2025-02-07,Delivery To Distributor,1103.52,0
RTL_08,2025-02-08,Delivery To Distributor,1472.86,0
RTL_08,2025-02-09,Delivery To Distributor,815.19,0
RTL_08,2025-02-10,Delivery To Distributor,1165.34,0
RTL_08,2025-02-11,Delivery To Distributor,1220.12,0
RTL_08,2025-02-12,Delivery To Distributor,1717.04,0
RTL_08,2025-02-13,Delivery To Distributor,1470.95,0
RTL_08,2025-02-14,Delivery To Distributor,1365.89,0
RTL_08,2025-02-15,Delivery To Distributor,1424.38,0
RTL_08,2025-02-16,Delivery To Distributor,1199.8,0
RTL_08,2025-02-17,Delivery To Distributor,735.5,0
RTL_08,2025-02-18,Delivery To Distributor,1311.86,0
RTL_08,2025-02-19,Delivery To Distributor,1234.54,0
RTL_08,2025-02-20,Delivery To Distributor,1472.71,0
RTL_08,2025-02-21,Delivery To Distributor,1544.33,0
RTL_08,2025-02-22,Delivery To Distributor,1350.2,0
RTL_08,2025-02-23,Delivery To Distributor,870.0,0
RTL_08,2025-02-24,Delivery To Distributor,1073.63,0
RTL_08,2025-02-25,Delivery To Distributor,1152.68,0
RTL_08,2025-02-26,Delivery To Distributor,1488.8,0
RTL_08,2025-02-27,Delivery To Distributor,1307.53,0
RTL_08,2025-02-28,Delivery To Distributor,907.69,0
RTL_08,2025-03-01,Delivery To Distributor,1326.17,0
RTL_08,2025-03-02,Delivery To Distributor,1259.23,0
RTL_08,2025-03-03,Delivery To Distributor,1109.07,0
RTL_08,2025-03-04,Delivery To Distributor,1146.69,0
RTL_08,2025-03-05,Delivery To Distributor,1166.0,0
RTL_08,2025-03-06,Delivery To Distributor,1538.8,0
RTL_08,2025-03-07,Delivery To Distributor,1283.14,0
RTL_08,2025-03-08,Delivery To Distributor,1103.05,0
RTL_08,2025-03-09,Delivery To Distributor,1307.69,0
RTL_08,2025-03-10,Delivery To Distributor,1181.39,0
RTL_08,2025-03-11,Delivery To Distributor,1212.67,0
RTL_08,2025-03-12,Delivery To Distributor,1414.65,0
RTL_08,2025-03-13,Delivery To Distributor,1246.0,0
RTL_08,2025-03-14,Delivery To Distributor,1413.97,0
RTL_08,2025-03-15,Delivery To Distributor,1318.63,0
RTL_08,2025-03-16,Delivery To Distributor,1375.42,0
RTL_08,2025-03-17,Delivery To Distributor,1416.53,0
RTL_08,2025-03-18,Delivery To Distributor,1561.02,0
RTL_08,2025-03-19,Delivery To Distributor,1537.17,0
RTL_08,2025-03-20,Delivery To Distributor,1188.28,0
RTL_08,2025-03-21,Delivery To Distributor,1005.8,0
RTL_08,2025-03-22,Delivery To Distributor,909.11,0
RTL_08,2025-03-23,Delivery To Distributor,1353.05,0
RTL_08,2025-03-24,Delivery To Distributor,1603.01,0
RTL_08,2025-03-25,Delivery To Distributor,1389.62,0
RTL_08,2025-03-26,Delivery To Distributor,1272.25,0
RTL_08,2025-03-27,Delivery To Distributor,1164.94,0
RTL_08,2025-03-28,Delivery To Distributor,1471.35,0
RTL_08,2025-03-29,Delivery To Distributor,1443.15,0
RTL_08,2025-03-30,Delivery To Distributor,1385.42,0
RTL_08,2025-03-31,Delivery To Distributor,1391.85,0
RTL_08,2025-04-01,Delivery To Distributor,1570.19,0
RTL_08,2025-04-02,Delivery To Distributor,1555.56,0
RTL_08,2025-04-03,Delivery To Distributor,889.84,0
RTL_08,2025-04-04,Delivery To Distributor,1409.61,0
RTL_08,2025-04-05,Delivery To Distributor,969.33,0
RTL_08,2025-04-06,Delivery To Distributor,781.66,0
RTL_08,2025-04-07,Delivery To Distributor,1311.94,0
RTL_08,2025-04-08,Delivery To Distributor,685.08,0
RTL_08,2025-04-09,Delivery To Distributor,1389.25,0
RTL_08,2025-04-10,Delivery To Distributor,1611.81,0
