node_id,date,metric_name,value,delay_flag
SUP_01,2025-01-01,Inventory,11705.25,0
SUP_01,2025-01-02,Inventory,11919.87,0
SUP_01,2025-01-03,Inventory,8826.05,0
SUP_01,2025-01-04,Inventory,20726.35,0
SUP_01,2025-01-05,Inventory,10642.83,0
SUP_01,2025-01-06,Inventory,12302.08,0
SUP_01,2025-01-07,Inventory,15228.24,0
SUP_01,2025-01-08,Inventory,19595.87,0
SUP_01,2025-01-09,Inventory,18115.16,0
SUP_01,2025-01-10,Inventory,17323.36,0
SUP_01,2025-01-11,Inventory,14916.75,0
SUP_01,2025-01-12,Inventory,24459.93,0
SUP_01,2025-01-13,Inventory,20757.77,0
SUP_01,2025-01-14,Inventory,20973.38,0
SUP_01,2025-01-15,Inventory,11160.03,0
SUP_01,2025-01-16,Inventory,18159.82,0
SUP_01,2025-01-17,Inventory,9220.16,0
SUP_01,2025-01-18,Inventory,20862.83,0
SUP_01,2025-01-19,Inventory,12024.1,0
SUP_01,2025-01-20,Inventory,16557.89,0
SUP_01,2025-01-21,Inventory,16220.06,0
SUP_01,2025-01-22,Inventory,17943.79,0
SUP_01,2025-01-23,Inventory,13014.2,0
SUP_01,2025-01-24,Inventory,22206.29,0
SUP_01,2025-01-25,Inventory,12221.55,0
SUP_01,2025-01-26,Inventory,23200.87,0
SUP_01,2025-01-27,Inventory,25573.08,0
SUP_01,2025-01-28,Inventory,11494.82,0
SUP_01,2025-01-29,Inventory,18144.71,0
SUP_01,2025-01-30,Inventory,21546.54,0
SUP_01,2025-01-31,Inventory,7825.48,0
SUP_01,2025-02-01,Inventory,19775.13,0
SUP_01,2025-02-02,Inventory,11767.25,0
SUP_01,2025-02-03,Inventory,16206.04,0
SUP_01,2025-02-04,Inventory,16515.62,0
SUP_01,2025-02-05,Inventory,20494.06,0
SUP_01,2025-02-06,Inventory,12520.8,0
SUP_01,2025-02-07,Inventory,17703.05,0
SUP_01,2025-02-08,Inventory,17289.07,0
SUP_01,2025-02-09,Inventory,12431.84,0
SUP_01,2025-02-10,Inventory,7366.91,0
SUP_01,2025-02-11,Inventory,12388.13,0
SUP_01,2025-02-12,Inventory,19546.88,0
SUP_01,2025-02-13,Inventory,19402.4,0
SUP_01,2025-02-14,Inventory,14744.68,0
SUP_01,2025-02-15,Inventory,24393.38,0
SUP_01,2025-02-16,Inventory,15348.38,0
SUP_01,2025-02-17,Inventory,22370.39,0
SUP_01,2025-02-18,Inventory,17623.32,0
SUP_01,2025-02-19,Inventory,8066.79,0
SUP_01,2025-02-20,Inventory,9242.37,0
SUP_01,2025-02-21,Inventory,14151.35,0
SUP_01,2025-02-22,Inventory,7995.93,0
SUP_01,2025-02-23,Inventory,9438.84,0
SUP_01,2025-02-24,Inventory,13073.15,0
SUP_01,2025-02-25,Inventory,10012.34,0
SUP_01,2025-02-26,Inventory,18133.7,0
SUP_01,2025-02-27,Inventory,14545.89,0
SUP_01,2025-02-28,Inventory,9538.02,0
SUP_01,2025-03-01,Inventory,14870.2,0
SUP_01,2025-03-02,Inventory,12881.77,0
SUP_01,2025-03-03,Inventory,9364.86,0
SUP_01,2025-03-04,Inventory,23468.3,0
SUP_01,2025-03-05,Inventory,9558.62,0
SUP_01,2025-03-06,Inventory,14192.66,0
SUP_01,2025-03-07,Inventory,7413.78,0
SUP_01,2025-03-08,Inventory,16674.17,0
SUP_01,2025-03-09,Inventory,10103.68,0
SUP_01,2025-03-10,Inventory,13072.55,0
SUP_01,2025-03-11,Inventory,15779.6,0
SUP_01,2025-03-12,Inventory,13098.43,0
SUP_01,2025-03-13,Inventory,22492.47,0
SUP_01,2025-03-14,Inventory,11544.94,0
SUP_01,2025-03-15,Inventory,10688.38,0
SUP_01,2025-03-16,Inventory,12253.21,0
SUP_01,2025-03-17,Inventory,9341.53,0
SUP_01,2025-03-18,Inventory,9996.59,0
SUP_01,2025-03-19,Inventory,10056.71,0
SUP_01,2025-03-20,Inventory,15600.46,0
SUP_01,2025-03-21,Inventory,14700.5,0
SUP_01,2025-03-22,Inventory,20241.14,0
SUP_01,2025-03-23,Inventory,16160.64,0
SUP_01,2025-03-24,Inventory,15918.34,0
SUP_01,2025-03-25,Inventory,9907.24,0
SUP_01,2025-03-26,Inventory,21016.35,0
SUP_01,2025-03-27,Inventory,19619.22,0
SUP_01,2025-03-28,Inventory,17232.55,0
SUP_01,2025-03-29,Inventory,23722.93,0
SUP_01,2025-03-30,Inventory,10010.65,0
SUP_01,2025-03-31,Inventory,18386.85,0
SUP_01,2025-04-01,Inventory,25352.17,0
SUP_01,2025-04-02,Inventory,13156.59,0
SUP_01,2025-04-03,Inventory,15119.54,0
SUP_01,2025-04-04,Inventory,17273.17,0
SUP_01,2025-04-05,Inventory,13537.71,0
SUP_01,2025-04-06,Inventory,16872.63,0
SUP_01,2025-04-07,Inventory,14212.25,0
SUP_01,2025-04-08,Inventory,11350.65,0
SUP_01,2025-04-09,Inventory,15812.87,0
SUP_01,2025-04-10,Inventory,15451.75,0
SUP_02,2025-01-01,Inventory,9423.76,0
SUP_02,2025-01-02,Inventory,12848.96,0
SUP_02,2025-01-03,Inventory,20164.63,0
SUP_02,2025-01-04,Inventory,10550.37,0
SUP_02,2025-01-05,Inventory,12807.78,0
SUP_02,2025-01-06,Inventory,23355.14,0
SUP_02,2025-01-07,Inventory,9678.99,0
SUP_02,2025-01-08,Inventory,14359.5,0
SUP_02,2025-01-09,Inventory,8864.5,0
SUP_02,2025-01-10,Inventory,26883.85,0
SUP_02,2025-01-11,Inventory,17726.67,0
SUP_02,2025-01-12,Inventory,15233.77,0
SUP_02,2025-01-13,Inventory,21778.79,0
SUP_02,2025-01-14,Inventory,9702.14,0
SUP_02,2025-01-15,Inventory,18003.01,0
SUP_02,2025-01-16,Inventory,9774.62,0
SUP_02,2025-01-17,Inventory,18665.12,0
SUP_02,2025-01-18,Inventory,24471.39,0
SUP_02,2025-01-19,Inventory,12196.32,0
SUP_02,2025-01-20,Inventory,8122.2,0
SUP_02,2025-01-21,Inventory,19575.99,0
SUP_02,2025-01-22,Inventory,21292.79,0
SUP_02,2025-01-23,Inventory,22032.02,0
SUP_02,2025-01-24,Inventory,14110.85,0
SUP_02,2025-01-25,Inventory,18063.88,0
SUP_02,2025-01-26,Inventory,12202.63,0
SUP_02,2025-01-27,Inventory,12245.86,0
SUP_02,2025-01-28,Inventory,21422.15,0
SUP_02,2025-01-29,Inventory,13050.25,0
SUP_02,2025-01-30,Inventory,18075.26,0
SUP_02,2025-01-31,Inventory,15915.34,0
SUP_02,2025-02-01,Inventory,9424.08,0
SUP_02,2025-02-02,Inventory,14925.43,0
SUP_02,2025-02-03,Inventory,8533.78,0
SUP_02,2025-02-04,Inventory,17875.48,0
SUP_02,2025-02-05,Inventory,12773.8,0
SUP_02,2025-02-06,Inventory,9485.41,0
SUP_02,2025-02-07,Inventory,23237.5,0
SUP_02,2025-02-08,Inventory,22620.11,0
SUP_02,2025-02-09,Inventory,15591.72,0
SUP_02,2025-02-10,Inventory,14975.2,0
SUP_02,2025-02-11,Inventory,16033.12,0
SUP_02,2025-02-12,Inventory,14884.11,0
SUP_02,2025-02-13,Inventory,17213.21,0
SUP_02,2025-02-14,Inventory,13920.68,0
SUP_02,2025-02-15,Inventory,17442.97,0
SUP_02,2025-02-16,Inventory,11821.16,0
SUP_02,2025-02-17,Inventory,13060.4,0
SUP_02,2025-02-18,Inventory,16148.06,0
SUP_02,2025-02-19,Inventory,11439.26,0
SUP_02,2025-02-20,Inventory,17013.29,0
SUP_02,2025-02-21,Inventory,20522.06,0
SUP_02,2025-02-22,Inventory,11783.74,0
SUP_02,2025-02-23,Inventory,22104.81,0
SUP_02,2025-02-24,Inventory,18956.56,0
SUP_02,2025-02-25,Inventory,9956.34,0
SUP_02,2025-02-26,Inventory,8601.64,0
SUP_02,2025-02-27,Inventory,5811.06,0
SUP_02,2025-02-28,Inventory,13313.51,0
SUP_02,2025-03-01,Inventory,8336.34,0
SUP_02,2025-03-02,Inventory,16717.32,0
SUP_02,2025-03-03,Inventory,17218.78,0
SUP_02,2025-03-04,Inventory,7023.62,0
SUP_02,2025-03-05,Inventory,14368.34,0
SUP_02,2025-03-06,Inventory,14637.36,0
SUP_02,2025-03-07,Inventory,20296.97,0
SUP_02,2025-03-08,Inventory,14496.64,0
SUP_02,2025-03-09,Inventory,26061.64,0
SUP_02,2025-03-10,Inventory,7358.11,0
SUP_02,2025-03-11,Inventory,25153.59,0
SUP_02,2025-03-12,Inventory,16278.02,0
SUP_02,2025-03-13,Inventory,16194.57,0
SUP_02,2025-03-14,Inventory,16737.02,0
SUP_02,2025-03-15,Inventory,16873.12,0
SUP_02,2025-03-16,Inventory,17645.66,0
SUP_02,2025-03-17,Inventory,12698.09,0
SUP_02,2025-03-18,Inventory,7071.51,0
SUP_02,2025-03-19,Inventory,22467.54,0
SUP_02,2025-03-20,Inventory,10539.75,0
SUP_02,2025-03-21,Inventory,8837.0,0
SUP_02,2025-03-22,Inventory,11831.57,0
SUP_02,2025-03-23,Inventory,9566.52,0
SUP_02,2025-03-24,Inventory,8377.72,0
SUP_02,2025-03-25,Inventory,8980.17,0
SUP_02,2025-03-26,Inventory,17870.34,0
SUP_02,2025-03-27,Inventory,5154.37,0
SUP_02,2025-03-28,Inventory,7164.05,0
SUP_02,2025-03-29,Inventory,14750.39,0
SUP_02,2025-03-30,Inventory,7845.16,0
SUP_02,2025-03-31,Inventory,11216.31,0
SUP_02,2025-04-01,Inventory,10953.02,0
SUP_02,2025-04-02,Inventory,22012.72,0
SUP_02,2025-04-03,Inventory,15826.79,0
SUP_02,2025-04-04,Inventory,14761.11,0
SUP_02,2025-04-05,Inventory,13717.62,0
SUP_02,2025-04-06,Inventory,10841.85,0
SUP_02,2025-04-07,Inventory,18325.84,0
SUP_02,2025-04-08,Inventory,14232.26,0
SUP_02,2025-04-09,Inventory,15325.41,0
SUP_02,2025-04-10,Inventory,18406.07,0
SUP_03,2025-01-01,Inventory,18972.74,0
SUP_03,2025-01-02,Inventory,19122.27,0
SUP_03,2025-01-03,Inventory,20858.83,0
SUP_03,2025-01-04,Inventory,21378.96,0
SUP_03,2025-01-05,Inventory,12654.33,0
SUP_03,2025-01-06,Inventory,16129.54,0
SUP_03,2025-01-07,Inventory,13887.12,0
SUP_03,2025-01-08,Inventory,11250.91,0
SUP_03,2025-01-09,Inventory,12836.82,0
SUP_03,2025-01-10,Inventory,23070.41,0
SUP_03,2025-01-11,Inventory,18933.64,0
SUP_03,2025-01-12,Inventory,9213.64,0
SUP_03,2025-01-13,Inventory,9227.34,0
SUP_03,2025-01-14,Inventory,16683.49,0
SUP_03,2025-01-15,Inventory,22012.83,0
SUP_03,2025-01-16,Inventory,15623.45,0
SUP_03,2025-01-17,Inventory,21225.81,0
SUP_03,2025-01-18,Inventory,20697.63,0
SUP_03,2025-01-19,Inventory,15467.65,0
SUP_03,2025-01-20,Inventory,16741.27,0
SUP_03,2025-01-21,Inventory,8773.01,0
SUP_03,2025-01-22,Inventory,25019.78,0
SUP_03,2025-01-23,Inventory,8862.47,0
SUP_03,2025-01-24,Inventory,9857.95,0
SUP_03,2025-01-25,Inventory,21300.38,0
SUP_03,2025-01-26,Inventory,22829.64,0
SUP_03,2025-01-27,Inventory,11518.57,0
SUP_03,2025-01-28,Inventory,7863.44,0
SUP_03,2025-01-29,Inventory,14092.7,0
SUP_03,2025-01-30,Inventory,14270.5,0
SUP_03,2025-01-31,Inventory,19373.7,0
SUP_03,2025-02-01,Inventory,12385.03,0
SUP_03,2025-02-02,Inventory,14638.31,0
SUP_03,2025-02-03,Inventory,12710.38,0
SUP_03,2025-02-04,Inventory,12169.05,0
SUP_03,2025-02-05,Inventory,21533.94,0
SUP_03,2025-02-06,Inventory,13223.14,0
SUP_03,2025-02-07,Inventory,10766.54,0
SUP_03,2025-02-08,Inventory,9363.3,0
SUP_03,2025-02-09,Inventory,24372.43,0
SUP_03,2025-02-10,Inventory,20452.26,0
SUP_03,2025-02-11,Inventory,16077.92,0
SUP_03,2025-02-12,Inventory,13751.03,0
SUP_03,2025-02-13,Inventory,15993.25,0
SUP_03,2025-02-14,Inventory,18093.34,0
SUP_03,2025-02-15,Inventory,11785.93,0
SUP_03,2025-02-16,Inventory,16045.76,0
SUP_03,2025-02-17,Inventory,15685.1,0
SUP_03,2025-02-18,Inventory,7072.67,0
SUP_03,2025-02-19,Inventory,9754.18,0
SUP_03,2025-02-20,Inventory,21812.95,0
SUP_03,2025-02-21,Inventory,19813.72,0
SUP_03,2025-02-22,Inventory,10214.11,0
SUP_03,2025-02-23,Inventory,9892.64,0
SUP_03,2025-02-24,Inventory,17269.85,0
SUP_03,2025-02-25,Inventory,7401.48,0
SUP_03,2025-02-26,Inventory,23679.43,0
SUP_03,2025-02-27,Inventory,14045.44,0
SUP_03,2025-02-28,Inventory,19425.57,0
SUP_03,2025-03-01,Inventory,10191.91,0
SUP_03,2025-03-02,Inventory,9359.94,0
SUP_03,2025-03-03,Inventory,12158.81,0
SUP_03,2025-03-04,Inventory,8370.44,0
SUP_03,2025-03-05,Inventory,11480.81,0
SUP_03,2025-03-06,Inventory,16448.96,0
SUP_03,2025-03-07,Inventory,8640.09,0
SUP_03,2025-03-08,Inventory,12468.83,0
SUP_03,2025-03-09,Inventory,14094.61,0
SUP_03,2025-03-10,Inventory,13602.12,0
SUP_03,2025-03-11,Inventory,9829.55,0
SUP_03,2025-03-12,Inventory,15966.55,0
SUP_03,2025-03-13,Inventory,17095.78,0
SUP_03,2025-03-14,Inventory,13803.81,0
SUP_03,2025-03-15,Inventory,14980.41,0
SUP_03,2025-03-16,Inventory,11528.34,0
SUP_03,2025-03-17,Inventory,11173.82,0
SUP_03,2025-03-18,Inventory,19828.67,0
SUP_03,2025-03-19,Inventory,24379.74,0
SUP_03,2025-03-20,Inventory,8421.83,0
SUP_03,2025-03-21,Inventory,10999.11,0
SUP_03,2025-03-22,Inventory,16107.16,0
SUP_03,2025-03-23,Inventory,11683.69,0
SUP_03,2025-03-24,Inventory,15306.08,0
SUP_03,2025-03-25,Inventory,25219.11,0
SUP_03,2025-03-26,Inventory,11001.02,0
SUP_03,2025-03-27,Inventory,16449.87,0
SUP_03,2025-03-28,Inventory,5447.21,0
SUP_03,2025-03-29,Inventory,12574.36,0
SUP_03,2025-03-30,Inventory,29793.18,0
SUP_03,2025-03-31,Inventory,14750.35,0
SUP_03,2025-04-01,Inventory,17755.98,0
SUP_03,2025-04-02,Inventory,11186.09,0
SUP_03,2025-04-03,Inventory,14364.35,0
SUP_03,2025-04-04,Inventory,7434.41,0
SUP_03,2025-04-05,Inventory,16412.65,0
SUP_03,2025-04-06,Inventory,12771.9,0
SUP_03,2025-04-07,Inventory,10487.0,0
SUP_03,2025-04-08,Inventory,13411.87,0
SUP_03,2025-04-09,Inventory,9929.41,0
SUP_03,2025-04-10,Inventory,9315.9,0
SUP_04,2025-01-01,Inventory,16593.4,0
SUP_04,2025-01-02,Inventory,20623.1,0
SUP_04,2025-01-03,Inventory,14447.33,0
SUP_04,2025-01-04,Inventory,18029.31,0
SUP_04,2025-01-05,Inventory,14083.75,0
SUP_04,2025-01-06,Inventory,17596.88,0
SUP_04,2025-01-07,Inventory,20131.31,0
SUP_04,2025-01-08,Inventory,21067.83,0
SUP_04,2025-01-09,Inventory,12799.23,0
SUP_04,2025-01-10,Inventory,21034.15,0
SUP_04,2025-01-11,Inventory,14081.83,0
SUP_04,2025-01-12,Inventory,16156.95,0
SUP_04,2025-01-13,Inventory,11071.29,0
SUP_04,2025-01-14,Inventory,18536.43,0
SUP_04,2025-01-15,Inventory,14672.75,0
SUP_04,2025-01-16,Inventory,24274.07,0
SUP_04,2025-01-17,Inventory,14326.98,0
SUP_04,2025-01-18,Inventory,22085.72,0
SUP_04,2025-01-19,Inventory,5015.69,0
SUP_04,2025-01-20,Inventory,15326.93,0
SUP_04,2025-01-21,Inventory,12131.67,0
SUP_04,2025-01-22,Inventory,21643.12,0
SUP_04,2025-01-23,Inventory,15114.47,0
SUP_04,2025-01-24,Inventory,13382.31,0
SUP_04,2025-01-25,Inventory,18582.89,0
SUP_04,2025-01-26,Inventory,15199.76,0
SUP_04,2025-01-27,Inventory,13983.04,0
SUP_04,2025-01-28,Inventory,9224.82,0
SUP_04,2025-01-29,Inventory,11121.06,0
SUP_04,2025-01-30,Inventory,17757.13,0
SUP_04,2025-01-31,Inventory,12991.25,0
SUP_04,2025-02-01,Inventory,17521.95,0
SUP_04,2025-02-02,Inventory,14710.12,0
SUP_04,2025-02-03,Inventory,6984.72,0
SUP_04,2025-02-04,Inventory,10429.44,0
SUP_04,2025-02-05,Inventory,16790.37,0
SUP_04,2025-02-06,Inventory,8089.53,0
SUP_04,2025-02-07,Inventory,9984.99,0
SUP_04,2025-02-08,Inventory,21737.66,0
SUP_04,2025-02-09,Inventory,15313.58,0
SUP_04,2025-02-10,Inventory,9561.7,0
SUP_04,2025-02-11,Inventory,20255.87,0
SUP_04,2025-02-12,Inventory,17899.3,0
SUP_04,2025-02-13,Inventory,21211.51,0
SUP_04,2025-02-14,Inventory,15666.68,0
SUP_04,2025-02-15,Inventory,17637.27,0
SUP_04,2025-02-16,Inventory,12134.05,0
SUP_04,2025-02-17,Inventory,24773.16,0
SUP_04,2025-02-18,Inventory,10571.08,0
SUP_04,2025-02-19,Inventory,16427.29,0
SUP_04,2025-02-20,Inventory,7737.55,0
SUP_04,2025-02-21,Inventory,17013.93,0
SUP_04,2025-02-22,Inventory,7623.05,0
SUP_04,2025-02-23,Inventory,8129.02,0
SUP_04,2025-02-24,Inventory,8616.68,0
SUP_04,2025-02-25,Inventory,13255.77,0
SUP_04,2025-02-26,Inventory,19268.33,0
SUP_04,2025-02-27,Inventory,21542.74,0
SUP_04,2025-02-28,Inventory,14832.7,0
SUP_04,2025-03-01,Inventory,10170.35,0
SUP_04,2025-03-02,Inventory,9208.85,0
SUP_04,2025-03-03,Inventory,9452.32,0
SUP_04,2025-03-04,Inventory,13734.3,0
SUP_04,2025-03-05,Inventory,12516.6,0
SUP_04,2025-03-06,Inventory,17105.77,0
SUP_04,2025-03-07,Inventory,12795.66,0
SUP_04,2025-03-08,Inventory,9101.48,0
SUP_04,2025-03-09,Inventory,12376.53,0
SUP_04,2025-03-10,Inventory,21668.97,0
SUP_04,2025-03-11,Inventory,21949.42,0
SUP_04,2025-03-12,Inventory,13183.95,0
SUP_04,2025-03-13,Inventory,10180.14,0
SUP_04,2025-03-14,Inventory,15600.26,0
SUP_04,2025-03-15,Inventory,12618.68,0
SUP_04,2025-03-16,Inventory,8949.5,0
SUP_04,2025-03-17,Inventory,14691.23,0
SUP_04,2025-03-18,Inventory,19958.45,0
SUP_04,2025-03-19,Inventory,19618.48,0
SUP_04,2025-03-20,Inventory,18627.89,0
SUP_04,2025-03-21,Inventory,19557.1,0
SUP_04,2025-03-22,Inventory,16775.69,0
SUP_04,2025-03-23,Inventory,10782.68,0
SUP_04,2025-03-24,Inventory,8621.21,0
SUP_04,2025-03-25,Inventory,18730.39,0
SUP_04,2025-03-26,Inventory,8412.43,0
SUP_04,2025-03-27,Inventory,10268.28,0
SUP_04,2025-03-28,Inventory,13458.27,0
SUP_04,2025-03-29,Inventory,9356.84,0
SUP_04,2025-03-30,Inventory,21797.6,0
SUP_04,2025-03-31,Inventory,14712.88,0
SUP_04,2025-04-01,Inventory,21974.04,0
SUP_04,2025-04-02,Inventory,18088.14,0
SUP_04,2025-04-03,Inventory,20614.13,0
SUP_04,2025-04-04,Inventory,13946.08,0
SUP_04,2025-04-05,Inventory,15626.87,0
SUP_04,2025-04-06,Inventory,17853.33,0
SUP_04,2025-04-07,Inventory,5981.01,0
SUP_04,2025-04-08,Inventory,20121.37,0
SUP_04,2025-04-09,Inventory,14297.54,0
SUP_04,2025-04-10,Inventory,23123.37,0
SUP_05,2025-01-01,Inventory,16943.1,0
SUP_05,2025-01-02,Inventory,21270.69,0
SUP_05,2025-01-03,Inventory,19806.89,0
SUP_05,2025-01-04,Inventory,14899.66,0
SUP_05,2025-01-05,Inventory,19389.71,0
SUP_05,2025-01-06,Inventory,8899.71,0
SUP_05,2025-01-07,Inventory,14468.22,0
SUP_05,2025-01-08,Inventory,10330.14,0
SUP_05,2025-01-09,Inventory,7693.76,0
SUP_05,2025-01-10,Inventory,18662.17,0
SUP_05,2025-01-11,Inventory,10688.25,0
SUP_05,2025-01-12,Inventory,7874.42,0
SUP_05,2025-01-13,Inventory,19094.61,0
SUP_05,2025-01-14,Inventory,24403.75,0
SUP_05,2025-01-15,Inventory,13371.04,0
SUP_05,2025-01-16,Inventory,9380.55,0
SUP_05,2025-01-17,Inventory,12666.85,0
SUP_05,2025-01-18,Inventory,22534.69,0
SUP_05,2025-01-19,Inventory,8957.04,0
SUP_05,2025-01-20,Inventory,10298.96,0
SUP_05,2025-01-21,Inventory,20228.07,0
SUP_05,2025-01-22,Inventory,13696.69,0
SUP_05,2025-01-23,Inventory,13088.68,0
SUP_05,2025-01-24,Inventory,21981.84,0
SUP_05,2025-01-25,Inventory,7311.26,0
SUP_05,2025-01-26,Inventory,16772.68,0
SUP_05,2025-01-27,Inventory,10244.14,0
SUP_05,2025-01-28,Inventory,10547.12,0
SUP_05,2025-01-29,Inventory,15918.3,0
SUP_05,2025-01-30,Inventory,15453.0,0
SUP_05,2025-01-31,Inventory,27557.24,0
SUP_05,2025-02-01,Inventory,6713.09,0
SUP_05,2025-02-02,Inventory,11959.91,0
SUP_05,2025-02-03,Inventory,9104.48,0
SUP_05,2025-02-04,Inventory,11291.53,0
SUP_05,2025-02-05,Inventory,25348.69,0
SUP_05,2025-02-06,Inventory,13389.16,0
SUP_05,2025-02-07,Inventory,10950.49,0
SUP_05,2025-02-08,Inventory,16043.11,0
SUP_05,2025-02-09,Inventory,7223.76,0
SUP_05,2025-02-10,Inventory,23405.29,0
SUP_05,2025-02-11,Inventory,17401.92,0
SUP_05,2025-02-12,Inventory,21113.03,0
SUP_05,2025-02-13,Inventory,15430.68,0
SUP_05,2025-02-14,Inventory,20317.57,0
SUP_05,2025-02-15,Inventory,20100.08,0
SUP_05,2025-02-16,Inventory,14153.77,0
SUP_05,2025-02-17,Inventory,14317.39,0
SUP_05,2025-02-18,Inventory,10327.98,0
SUP_05,2025-02-19,Inventory,21234.2,0
SUP_05,2025-02-20,Inventory,14661.42,0
SUP_05,2025-02-21,Inventory,24533.41,0
SUP_05,2025-02-22,Inventory,17931.71,0
SUP_05,2025-02-23,Inventory,10798.89,0
SUP_05,2025-02-24,Inventory,18367.03,0
SUP_05,2025-02-25,Inventory,22455.56,0
SUP_05,2025-02-26,Inventory,18215.13,0
SUP_05,2025-02-27,Inventory,14856.09,0
SUP_05,2025-02-28,Inventory,10851.84,0
SUP_05,2025-03-01,Inventory,13820.29,0
SUP_05,2025-03-02,Inventory,12942.11,0
SUP_05,2025-03-03,Inventory,14520.33,0
SUP_05,2025-03-04,Inventory,11206.18,0
SUP_05,2025-03-05,Inventory,14053.41,0
SUP_05,2025-03-06,Inventory,13856.04,0
SUP_05,2025-03-07,Inventory,18879.85,0
SUP_05,2025-03-08,Inventory,16116.13,0
SUP_05,2025-03-09,Inventory,17361.07,0
SUP_05,2025-03-10,Inventory,18469.25,0
SUP_05,2025-03-11,Inventory,5976.64,0
SUP_05,2025-03-12,Inventory,9405.02,0
SUP_05,2025-03-13,Inventory,10699.35,0
SUP_05,2025-03-14,Inventory,11322.97,0
SUP_05,2025-03-15,Inventory,22383.41,0
SUP_05,2025-03-16,Inventory,9927.15,0
SUP_05,2025-03-17,Inventory,11050.76,0
SUP_05,2025-03-18,Inventory,18388.33,0
SUP_05,2025-03-19,Inventory,5108.26,0
SUP_05,2025-03-20,Inventory,13372.35,0
SUP_05,2025-03-21,Inventory,10362.35,0
SUP_05,2025-03-22,Inventory,10979.43,0
SUP_05,2025-03-23,Inventory,13043.12,0
SUP_05,2025-03-24,Inventory,15280.48,0
SUP_05,2025-03-25,Inventory,12317.1,0
SUP_05,2025-03-26,Inventory,10893.84,0
SUP_05,2025-03-27,Inventory,12644.92,0
SUP_05,2025-03-28,Inventory,19511.39,0
SUP_05,2025-03-29,Inventory,10961.28,0
SUP_05,2025-03-30,Inventory,18654.89,0
SUP_05,2025-03-31,Inventory,20752.59,0
SUP_05,2025-04-01,Inventory,18709.5,0
SUP_05,2025-04-02,Inventory,18397.19,0
SUP_05,2025-04-03,Inventory,12208.88,0
SUP_05,2025-04-04,Inventory,20853.73,0
SUP_05,2025-04-05,Inventory,8450.76,0
SUP_05,2025-04-06,Inventory,9269.43,0
SUP_05,2025-04-07,Inventory,12961.72,0
SUP_05,2025-04-08,Inventory,16490.69,0
SUP_05,2025-04-09,Inventory,15331.16,0
SUP_05,2025-04-10,Inventory,19837.24,0
SUP_06,2025-01-01,Inventory,25827.84,0
SUP_06,2025-01-02,Inventory,16248.22,0
SUP_06,2025-01-03,Inventory,14172.64,0
SUP_06,2025-01-04,Inventory,17966.82,0
SUP_06,2025-01-05,Inventory,23143.29,0
SUP_06,2025-01-06,Inventory,17738.84,0
SUP_06,2025-01-07,Inventory,11885.35,0
SUP_06,2025-01-08,Inventory,16026.48,0
SUP_06,2025-01-09,Inventory,22148.55,0
SUP_06,2025-01-10,Inventory,16408.44,0
SUP_06,2025-01-11,Inventory,7462.62,0
SUP_06,2025-01-12,Inventory,8640.73,0
SUP_06,2025-01-13,Inventory,9561.18,0
SUP_06,2025-01-14,Inventory,10685.06,0
SUP_06,2025-01-15,Inventory,18205.7,0
SUP_06,2025-01-16,Inventory,15613.55,0
SUP_06,2025-01-17,Inventory,11066.35,0
SUP_06,2025-01-18,Inventory,8682.01,0
SUP_06,2025-01-19,Inventory,7634.61,0
SUP_06,2025-01-20,Inventory,8200.02,0
SUP_06,2025-01-21,Inventory,22974.46,0
SUP_06,2025-01-22,Inventory,9959.21,0
SUP_06,2025-01-23,Inventory,13386.3,0
SUP_06,2025-01-24,Inventory,13827.42,0
SUP_06,2025-01-25,Inventory,18324.85,0
SUP_06,2025-01-26,Inventory,16126.78,0
SUP_06,2025-01-27,Inventory,12598.72,0
SUP_06,2025-01-28,Inventory,8492.47,0
SUP_06,2025-01-29,Inventory,14363.23,0
SUP_06,2025-01-30,Inventory,17528.77,0
SUP_06,2025-01-31,Inventory,16749.05,0
SUP_06,2025-02-01,Inventory,19461.92,0
SUP_06,2025-02-02,Inventory,13253.69,0
SUP_06,2025-02-03,Inventory,15977.39,0
SUP_06,2025-02-04,Inventory,17071.27,0
SUP_06,2025-02-05,Inventory,23532.13,0
SUP_06,2025-02-06,Inventory,10144.61,0
SUP_06,2025-02-07,Inventory,24452.74,0
SUP_06,2025-02-08,Inventory,15529.71,0
SUP_06,2025-02-09,Inventory,15215.79,0
SUP_06,2025-02-10,Inventory,14805.84,0
SUP_06,2025-02-11,Inventory,19794.06,0
SUP_06,2025-02-12,Inventory,10603.82,0
SUP_06,2025-02-13,Inventory,19336.37,0
SUP_06,2025-02-14,Inventory,17645.22,0
SUP_06,2025-02-15,Inventory,13361.19,0
SUP_06,2025-02-16,Inventory,11988.13,0
SUP_06,2025-02-17,Inventory,7263.61,0
SUP_06,2025-02-18,Inventory,9203.85,0
SUP_06,2025-02-19,Inventory,12373.67,0
SUP_06,2025-02-20,Inventory,9406.5,0
SUP_06,2025-02-21,Inventory,8543.21,0
SUP_06,2025-02-22,Inventory,17912.92,0
SUP_06,2025-02-23,Inventory,15942.88,0
SUP_06,2025-02-24,Inventory,19979.55,0
SUP_06,2025-02-25,Inventory,9343.1,0
SUP_06,2025-02-26,Inventory,18788.89,0
SUP_06,2025-02-27,Inventory,18029.94,0
SUP_06,2025-02-28,Inventory,7614.89,0
SUP_06,2025-03-01,Inventory,21022.11,0
SUP_06,2025-03-02,Inventory,10787.95,0
SUP_06,2025-03-03,Inventory,7441.49,0
SUP_06,2025-03-04,Inventory,8556.26,0
SUP_06,2025-03-05,Inventory,16667.02,0
SUP_06,2025-03-06,Inventory,16370.38,0
SUP_06,2025-03-07,Inventory,19768.14,0
SUP_06,2025-03-08,Inventory,9157.0,0
SUP_06,2025-03-09,Inventory,8670.59,0
SUP_06,2025-03-10,Inventory,18487.36,0
SUP_06,2025-03-11,Inventory,24588.3,0
SUP_06,2025-03-12,Inventory,16709.47,0
SUP_06,2025-03-13,Inventory,17089.95,0
SUP_06,2025-03-14,Inventory,13123.66,0
SUP_06,2025-03-15,Inventory,7917.85,0
SUP_06,2025-03-16,Inventory,19792.52,0
SUP_06,2025-03-17,Inventory,8621.61,0
SUP_06,2025-03-18,Inventory,12538.27,0
SUP_06,2025-03-19,Inventory,24244.16,0
SUP_06,2025-03-20,Inventory,13552.44,0
SUP_06,2025-03-21,Inventory,13061.75,0
SUP_06,2025-03-22,Inventory,22436.89,0
SUP_06,2025-03-23,Inventory,7309.34,0
SUP_06,2025-03-24,Inventory,9387.48,0
SUP_06,2025-03-25,Inventory,12856.08,0
SUP_06,2025-03-26,Inventory,16534.43,0
SUP_06,2025-03-27,Inventory,17108.57,0
SUP_06,2025-03-28,Inventory,23212.95,0
SUP_06,2025-03-29,Inventory,13768.6,0
SUP_06,2025-03-30,Inventory,9024.81,0
SUP_06,2025-03-31,Inventory,14344.12,0
SUP_06,2025-04-01,Inventory,18009.07,0
SUP_06,2025-04-02,Inventory,19164.96,0
SUP_06,2025-04-03,Inventory,14286.8,0
SUP_06,2025-04-04,Inventory,12543.0,0
SUP_06,2025-04-05,Inventory,17622.36,0
SUP_06,2025-04-06,Inventory,15428.23,0
SUP_06,2025-04-07,Inventory,23571.86,0
SUP_06,2025-04-08,Inventory,20260.05,0
SUP_06,2025-04-09,Inventory,20292.6,0
SUP_06,2025-04-10,Inventory,17191.82,0
MFG_01,2025-01-01,Inventory,33687.83,0
MFG_01,2025-01-02,Inventory,23803.78,0
MFG_01,2025-01-03,Inventory,29184.55,0
MFG_01,2025-01-04,Inventory,29856.86,0
MFG_01,2025-01-05,Inventory,16946.87,0
MFG_01,2025-01-06,Inventory,18521.4,0
MFG_01,2025-01-07,Inventory,27976.36,0
MFG_01,2025-01-08,Inventory,42808.08,0
MFG_01,2025-01-09,Inventory,13398.09,0
MFG_01,2025-01-10,Inventory,15269.24,0
MFG_01,2025-01-11,Inventory,29991.97,0
MFG_01,2025-01-12,Inventory,10637.87,0
MFG_01,2025-01-13,Inventory,20467.22,0
MFG_01,2025-01-14,Inventory,18297.74,0
MFG_01,2025-01-15,Inventory,15227.38,0
MFG_01,2025-01-16,Inventory,31448.01,0
MFG_01,2025-01-17,Inventory,28032.98,0
MFG_01,2025-01-18,Inventory,30372.22,0
MFG_01,2025-01-19,Inventory,17853.99,0
MFG_01,2025-01-20,Inventory,26063.66,0
MFG_01,2025-01-21,Inventory,24361.48,0
MFG_01,2025-01-22,Inventory,20810.45,0
MFG_01,2025-01-23,Inventory,12171.54,0
MFG_01,2025-01-24,Inventory,25727.05,0
MFG_01,2025-01-25,Inventory,16312.53,0
MFG_01,2025-01-26,Inventory,20719.54,0
MFG_01,2025-01-27,Inventory,19663.53,0
MFG_01,2025-01-28,Inventory,13917.84,0
MFG_01,2025-01-29,Inventory,35794.59,0
MFG_01,2025-01-30,Inventory,28361.49,0
MFG_01,2025-01-31,Inventory,15684.23,0
MFG_01,2025-02-01,Inventory,27878.0,0
MFG_01,2025-02-02,Inventory,35150.27,0
MFG_01,2025-02-03,Inventory,13241.0,0
MFG_01,2025-02-04,Inventory,26743.16,0
MFG_01,2025-02-05,Inventory,21851.35,0
MFG_01,2025-02-06,Inventory,16247.38,0
MFG_01,2025-02-07,Inventory,25556.77,0
MFG_01,2025-02-08,Inventory,26278.5,0
MFG_01,2025-02-09,Inventory,17526.75,0
MFG_01,2025-02-10,Inventory,32763.16,0
MFG_01,2025-02-11,Inventory,23818.5,0
MFG_01,2025-02-12,Inventory,23548.6,0
MFG_01,2025-02-13,Inventory,23676.82,0
MFG_01,2025-02-14,Inventory,35574.37,0
MFG_01,2025-02-15,Inventory,33090.19,0
MFG_01,2025-02-16,Inventory,35581.49,0
MFG_01,2025-02-17,Inventory,14171.32,0
MFG_01,2025-02-18,Inventory,29213.81,0
MFG_01,2025-02-19,Inventory,26714.4,0
MFG_01,2025-02-20,Inventory,20046.41,0
MFG_01,2025-02-21,Inventory,14732.43,0
MFG_01,2025-02-22,Inventory,24537.29,0
MFG_01,2025-02-23,Inventory,13297.05,0
MFG_01,2025-02-24,Inventory,23370.4,0
MFG_01,2025-02-25,Inventory,28319.35,0
MFG_01,2025-02-26,Inventory,39492.17,0
MFG_01,2025-02-27,Inventory,23114.55,0
MFG_01,2025-02-28,Inventory,23805.47,0
MFG_01,2025-03-01,Inventory,11884.11,0
MFG_01,2025-03-02,Inventory,29165.85,0
MFG_01,2025-03-03,Inventory,18798.44,0
MFG_01,2025-03-04,Inventory,22225.04,0
MFG_01,2025-03-05,Inventory,39054.33,0
MFG_01,2025-03-06,Inventory,18693.67,0
MFG_01,2025-03-07,Inventory,29184.83,0
MFG_01,2025-03-08,Inventory,33672.91,0
MFG_01,2025-03-09,Inventory,15874.43,0
MFG_01,2025-03-10,Inventory,13877.79,0
MFG_01,2025-03-11,Inventory,22718.57,0
MFG_01,2025-03-12,Inventory,26688.37,0
MFG_01,2025-03-13,Inventory,20812.43,0
MFG_01,2025-03-14,Inventory,28190.08,0
MFG_01,2025-03-15,Inventory,41936.0,0
MFG_01,2025-03-16,Inventory,40463.29,0
MFG_01,2025-03-17,Inventory,28013.31,0
MFG_01,2025-03-18,Inventory,28582.5,0
MFG_01,2025-03-19,Inventory,37640.92,0
MFG_01,2025-03-20,Inventory,25886.75,0
MFG_01,2025-03-21,Inventory,36567.6,0
MFG_01,2025-03-22,Inventory,15780.6,0
MFG_01,2025-03-23,Inventory,38147.57,0
MFG_01,2025-03-24,Inventory,20020.76,0
MFG_01,2025-03-25,Inventory,37801.99,0
MFG_01,2025-03-26,Inventory,34793.76,0
MFG_01,2025-03-27,Inventory,34103.5,0
MFG_01,2025-03-28,Inventory,23419.09,0
MFG_01,2025-03-29,Inventory,41005.25,0
MFG_01,2025-03-30,Inventory,18149.3,0
MFG_01,2025-03-31,Inventory,44642.44,0
MFG_01,2025-04-01,Inventory,14561.49,0
MFG_01,2025-04-02,Inventory,27019.48,0
MFG_01,2025-04-03,Inventory,27438.13,0
MFG_01,2025-04-04,Inventory,19076.44,0
MFG_01,2025-04-05,Inventory,29778.56,0
MFG_01,2025-04-06,Inventory,37894.05,0
MFG_01,2025-04-07,Inventory,23678.94,0
MFG_01,2025-04-08,Inventory,12229.99,0
MFG_01,2025-04-09,Inventory,16495.12,0
MFG_01,2025-04-10,Inventory,29749.24,0
MFG_02,2025-01-01,Inventory,18611.02,0
MFG_02,2025-01-02,Inventory,27909.92,0
MFG_02,2025-01-03,Inventory,15361.82,0
MFG_02,2025-01-04,Inventory,21266.67,0
MFG_02,2025-01-05,Inventory,17243.72,0
MFG_02,2025-01-06,Inventory,25680.22,0
MFG_02,2025-01-07,Inventory,17767.81,0
MFG_02,2025-01-08,Inventory,13314.43,0
MFG_02,2025-01-09,Inventory,27732.19,0
MFG_02,2025-01-10,Inventory,24406.93,0
MFG_02,2025-01-11,Inventory,7884.24,0
MFG_02,2025-01-12,Inventory,22212.28,0
MFG_02,2025-01-13,Inventory,29762.56,0
MFG_02,2025-01-14,Inventory,22814.73,0
MFG_02,2025-01-15,Inventory,30259.14,0
MFG_02,2025-01-16,Inventory,19916.97,0
MFG_02,2025-01-17,Inventory,32010.71,0
MFG_02,2025-01-18,Inventory,11689.41,0
MFG_02,2025-01-19,Inventory,19860.57,0
MFG_02,2025-01-20,Inventory,24351.89,0
MFG_02,2025-01-21,Inventory,27359.71,0
MFG_02,2025-01-22,Inventory,10578.68,0
MFG_02,2025-01-23,Inventory,28629.75,0
MFG_02,2025-01-24,Inventory,26219.31,0
MFG_02,2025-01-25,Inventory,27110.56,0
MFG_02,2025-01-26,Inventory,32073.11,0
MFG_02,2025-01-27,Inventory,21468.66,0
MFG_02,2025-01-28,Inventory,37460.55,0
MFG_02,2025-01-29,Inventory,35349.54,0
MFG_02,2025-01-30,Inventory,20121.13,0
MFG_02,2025-01-31,Inventory,13715.04,0
MFG_02,2025-02-01,Inventory,19841.47,0
MFG_02,2025-02-02,Inventory,22119.84,0
MFG_02,2025-02-03,Inventory,15644.61,0
MFG_02,2025-02-04,Inventory,29286.85,0
MFG_02,2025-02-05,Inventory,30521.5,0
MFG_02,2025-02-06,Inventory,39154.71,0
MFG_02,2025-02-07,Inventory,16442.32,0
MFG_02,2025-02-08,Inventory,18567.7,0
MFG_02,2025-02-09,Inventory,29386.55,0
MFG_02,2025-02-10,Inventory,30009.36,0
MFG_02,2025-02-11,Inventory,31052.57,0
MFG_02,2025-02-12,Inventory,17540.78,0
MFG_02,2025-02-13,Inventory,27466.7,0
MFG_02,2025-02-14,Inventory,14908.02,0
MFG_02,2025-02-15,Inventory,28590.62,0
MFG_02,2025-02-16,Inventory,18846.72,0
MFG_02,2025-02-17,Inventory,34616.72,0
MFG_02,2025-02-18,Inventory,11058.31,0
MFG_02,2025-02-19,Inventory,17345.24,0
MFG_02,2025-02-20,Inventory,41476.51,0
MFG_02,2025-02-21,Inventory,14749.71,0
MFG_02,2025-02-22,Inventory,12425.79,0
MFG_02,2025-02-23,Inventory,15664.64,0
MFG_02,2025-02-24,Inventory,11664.7,0
MFG_02,2025-02-25,Inventory,13434.67,0
MFG_02,2025-02-26,Inventory,35496.7,0
MFG_02,2025-02-27,Inventory,22779.81,0
MFG_02,2025-02-28,Inventory,24034.27,0
MFG_02,2025-03-01,Inventory,25866.25,0
MFG_02,2025-03-02,Inventory,24969.19,0
MFG_02,2025-03-03,Inventory,29195.4,0
MFG_02,2025-03-04,Inventory,33794.32,0
MFG_02,2025-03-05,Inventory,13304.95,0
MFG_02,2025-03-06,Inventory,17048.8,0
MFG_02,2025-03-07,Inventory,39008.45,0
MFG_02,2025-03-08,Inventory,33069.32,0
MFG_02,2025-03-09,Inventory,35589.31,0
MFG_02,2025-03-10,Inventory,34628.98,0
MFG_02,2025-03-11,Inventory,13430.75,0
MFG_02,2025-03-12,Inventory,30824.58,0
MFG_02,2025-03-13,Inventory,12913.89,0
MFG_02,2025-03-14,Inventory,18372.31,0
MFG_02,2025-03-15,Inventory,18558.37,0
MFG_02,2025-03-16,Inventory,27131.56,0
MFG_02,2025-03-17,Inventory,28610.95,0
MFG_02,2025-03-18,Inventory,28138.4,0
MFG_02,2025-03-19,Inventory,41181.67,0
MFG_02,2025-03-20,Inventory,19300.83,0
MFG_02,2025-03-21,Inventory,16365.87,0
MFG_02,2025-03-22,Inventory,30038.8,0
MFG_02,2025-03-23,Inventory,20526.48,0
MFG_02,2025-03-24,Inventory,20905.59,0
MFG_02,2025-03-25,Inventory,35756.48,0
MFG_02,2025-03-26,Inventory,20873.42,0
MFG_02,2025-03-27,Inventory,24795.93,0
MFG_02,2025-03-28,Inventory,20168.96,0
MFG_02,2025-03-29,Inventory,25907.71,0
MFG_02,2025-03-30,Inventory,33771.31,0
MFG_02,2025-03-31,Inventory,38879.39,0
MFG_02,2025-04-01,Inventory,36997.17,0
MFG_02,2025-04-02,Inventory,17884.28,0
MFG_02,2025-04-03,Inventory,15725.53,0
MFG_02,2025-04-04,Inventory,35389.07,0
MFG_02,2025-04-05,Inventory,38472.24,0
MFG_02,2025-04-06,Inventory,19884.64,0
MFG_02,2025-04-07,Inventory,35396.51,0
MFG_02,2025-04-08,Inventory,21057.0,0
MFG_02,2025-04-09,Inventory,23490.74,0
MFG_02,2025-04-10,Inventory,20462.86,0
MFG_03,2025-01-01,Inventory,30518.74,0
MFG_03,2025-01-02,Inventory,31532.55,0
MFG_03,2025-01-03,Inventory,28497.86,0
MFG_03,2025-01-04,Inventory,21053.44,0
MFG_03,2025-01-05,Inventory,23948.63,0
MFG_03,2025-01-06,Inventory,30709.23,0
MFG_03,2025-01-07,Inventory,20212.24,0
MFG_03,2025-01-08,Inventory,32450.24,0
MFG_03,2025-01-09,Inventory,36791.43,0
MFG_03,2025-01-10,Inventory,26173.71,0
MFG_03,2025-01-11,Inventory,30670.75,0
MFG_03,2025-01-12,Inventory,34596.22,0
MFG_03,2025-01-13,Inventory,26398.38,0
MFG_03,2025-01-14,Inventory,10198.57,0
MFG_03,2025-01-15,Inventory,36125.33,0
MFG_03,2025-01-16,Inventory,37108.05,0
MFG_03,2025-01-17,Inventory,18483.75,0
MFG_03,2025-01-18,Inventory,21106.0,0
MFG_03,2025-01-19,Inventory,24056.94,0
MFG_03,2025-01-20,Inventory,24287.06,0
MFG_03,2025-01-21,Inventory,34480.45,0
MFG_03,2025-01-22,Inventory,19717.8,0
MFG_03,2025-01-23,Inventory,30370.12,0
MFG_03,2025-01-24,Inventory,24194.15,0
MFG_03,2025-01-25,Inventory,30446.43,0
MFG_03,2025-01-26,Inventory,24978.07,0
MFG_03,2025-01-27,Inventory,21761.1,0
MFG_03,2025-01-28,Inventory,24753.75,0
MFG_03,2025-01-29,Inventory,27144.49,0
MFG_03,2025-01-30,Inventory,25700.53,0
MFG_03,2025-01-31,Inventory,24794.57,0
MFG_03,2025-02-01,Inventory,38685.94,0
MFG_03,2025-02-02,Inventory,12836.81,0
MFG_03,2025-02-03,Inventory,22887.19,0
MFG_03,2025-02-04,Inventory,26847.35,0
MFG_03,2025-02-05,Inventory,34887.79,0
MFG_03,2025-02-06,Inventory,34481.17,0
MFG_03,2025-02-07,Inventory,15616.84,0
MFG_03,2025-02-08,Inventory,18573.69,0
MFG_03,2025-02-09,Inventory,22249.23,0
MFG_03,2025-02-10,Inventory,19454.66,0
MFG_03,2025-02-11,Inventory,27233.38,0
MFG_03,2025-02-12,Inventory,15087.68,0
MFG_03,2025-02-13,Inventory,20478.58,0
MFG_03,2025-02-14,Inventory,15082.16,0
MFG_03,2025-02-15,Inventory,23918.47,0
MFG_03,2025-02-16,Inventory,32972.14,0
MFG_03,2025-02-17,Inventory,17881.99,0
MFG_03,2025-02-18,Inventory,11574.34,0
MFG_03,2025-02-19,Inventory,11400.84,0
MFG_03,2025-02-20,Inventory,30457.26,0
MFG_03,2025-02-21,Inventory,24928.2,0
MFG_03,2025-02-22,Inventory,22194.15,0
MFG_03,2025-02-23,Inventory,19201.68,0
MFG_03,2025-02-24,Inventory,25678.62,0
MFG_03,2025-02-25,Inventory,26931.12,0
MFG_03,2025-02-26,Inventory,18037.91,0
MFG_03,2025-02-27,Inventory,21902.29,0
MFG_03,2025-02-28,Inventory,31684.39,0
MFG_03,2025-03-01,Inventory,19581.04,0
MFG_03,2025-03-02,Inventory,15049.58,0
MFG_03,2025-03-03,Inventory,14863.67,0
MFG_03,2025-03-04,Inventory,22781.96,0
MFG_03,2025-03-05,Inventory,17795.98,0
MFG_03,2025-03-06,Inventory,16329.34,0
MFG_03,2025-03-07,Inventory,28576.13,0
MFG_03,2025-03-08,Inventory,13721.35,0
MFG_03,2025-03-09,Inventory,38641.22,0
MFG_03,2025-03-10,Inventory,23751.13,0
MFG_03,2025-03-11,Inventory,23482.77,0
MFG_03,2025-03-12,Inventory,27065.0,0
MFG_03,2025-03-13,Inventory,29204.47,0
MFG_03,2025-03-14,Inventory,34733.33,0
MFG_03,2025-03-15,Inventory,18991.17,0
MFG_03,2025-03-16,Inventory,30209.71,0
MFG_03,2025-03-17,Inventory,17995.74,0
MFG_03,2025-03-18,Inventory,18189.53,0
MFG_03,2025-03-19,Inventory,12526.09,0
MFG_03,2025-03-20,Inventory,28298.0,0
MFG_03,2025-03-21,Inventory,15170.08,0
MFG_03,2025-03-22,Inventory,30100.23,0
MFG_03,2025-03-23,Inventory,22495.99,0
MFG_03,2025-03-24,Inventory,19123.88,0
MFG_03,2025-03-25,Inventory,22628.7,0
MFG_03,2025-03-26,Inventory,8773.3,0
MFG_03,2025-03-27,Inventory,26896.04,0
MFG_03,2025-03-28,Inventory,15729.01,0
MFG_03,2025-03-29,Inventory,28241.56,0
MFG_03,2025-03-30,Inventory,20816.73,0
MFG_03,2025-03-31,Inventory,20823.22,0
MFG_03,2025-04-01,Inventory,32440.63,0
MFG_03,2025-04-02,Inventory,22800.14,0
MFG_03,2025-04-03,Inventory,39329.08,0
MFG_03,2025-04-04,Inventory,28158.32,0
MFG_03,2025-04-05,Inventory,19847.84,0
MFG_03,2025-04-06,Inventory,15030.19,0
MFG_03,2025-04-07,Inventory,28899.03,0
MFG_03,2025-04-08,Inventory,12977.59,0
MFG_03,2025-04-09,Inventory,11165.45,0
MFG_03,2025-04-10,Inventory,14921.24,0
MFG_04,2025-01-01,Inventory,20995.84,0
MFG_04,2025-01-02,Inventory,27962.19,0
MFG_04,2025-01-03,Inventory,34327.78,0
MFG_04,2025-01-04,Inventory,23694.64,0
MFG_04,2025-01-05,Inventory,34153.39,0
MFG_04,2025-01-06,Inventory,43658.63,0
MFG_04,2025-01-07,Inventory,23437.67,0
MFG_04,2025-01-08,Inventory,40012.04,0
MFG_04,2025-01-09,Inventory,34814.77,0
MFG_04,2025-01-10,Inventory,28751.45,0
MFG_04,2025-01-11,Inventory,30982.37,0
MFG_04,2025-01-12,Inventory,15183.06,0
MFG_04,2025-01-13,Inventory,13276.47,0
MFG_04,2025-01-14,Inventory,10243.87,0
MFG_04,2025-01-15,Inventory,13272.29,0
MFG_04,2025-01-16,Inventory,19289.21,0
MFG_04,2025-01-17,Inventory,38035.12,0
MFG_04,2025-01-18,Inventory,23310.22,0
MFG_04,2025-01-19,Inventory,24252.19,0
MFG_04,2025-01-20,Inventory,36777.91,0
MFG_04,2025-01-21,Inventory,31674.83,0
MFG_04,2025-01-22,Inventory,22910.49,0
MFG_04,2025-01-23,Inventory,33655.09,0
MFG_04,2025-01-24,Inventory,22012.82,0
MFG_04,2025-01-25,Inventory,30259.47,0
MFG_04,2025-01-26,Inventory,43375.94,0
MFG_04,2025-01-27,Inventory,36025.32,0
MFG_04,2025-01-28,Inventory,23278.04,0
MFG_04,2025-01-29,Inventory,32403.28,0
MFG_04,2025-01-30,Inventory,31524.18,0
MFG_04,2025-01-31,Inventory,24791.57,0
MFG_04,2025-02-01,Inventory,34028.11,0
MFG_04,2025-02-02,Inventory,27984.61,0
MFG_04,2025-02-03,Inventory,20122.47,0
MFG_04,2025-02-04,Inventory,26233.93,0
MFG_04,2025-02-05,Inventory,21898.74,0
MFG_04,2025-02-06,Inventory,25131.74,0
MFG_04,2025-02-07,Inventory,17747.05,0
MFG_04,2025-02-08,Inventory,20120.47,0
MFG_04,2025-02-09,Inventory,31781.4,0
MFG_04,2025-02-10,Inventory,15190.62,0
MFG_04,2025-02-11,Inventory,36439.33,0
MFG_04,2025-02-12,Inventory,37008.67,0
MFG_04,2025-02-13,Inventory,27816.7,0
MFG_04,2025-02-14,Inventory,20685.24,0
MFG_04,2025-02-15,Inventory,23132.16,0
MFG_04,2025-02-16,Inventory,26951.41,0
MFG_04,2025-02-17,Inventory,16635.91,0
MFG_04,2025-02-18,Inventory,23387.76,0
MFG_04,2025-02-19,Inventory,15490.63,0
MFG_04,2025-02-20,Inventory,25411.61,0
MFG_04,2025-02-21,Inventory,25201.32,1
MFG_04,2025-02-22,Inventory,28384.2,1
MFG_04,2025-02-23,Inventory,25594.89,1
MFG_04,2025-02-24,Inventory,35412.48,0
MFG_04,2025-02-25,Inventory,17499.66,0
MFG_04,2025-02-26,Inventory,18106.76,1
MFG_04,2025-02-27,Inventory,20432.44,1
MFG_04,2025-02-28,Inventory,21204.76,1
MFG_04,2025-03-01,Inventory,11367.96,0
MFG_04,2025-03-02,Inventory,27531.13,0
MFG_04,2025-03-03,Inventory,36064.22,0
MFG_04,2025-03-04,Inventory,20351.49,0
MFG_04,2025-03-05,Inventory,23618.59,0
MFG_04,2025-03-06,Inventory,22512.07,1
MFG_04,2025-03-07,Inventory,16450.32,0
MFG_04,2025-03-08,Inventory,30999.21,0
MFG_04,2025-03-09,Inventory,43410.95,0
MFG_04,2025-03-10,Inventory,21471.51,0
MFG_04,2025-03-11,Inventory,20956.31,1
MFG_04,2025-03-12,Inventory,24290.57,0
MFG_04,2025-03-13,Inventory,45040.29,1
MFG_04,2025-03-14,Inventory,34065.37,0
MFG_04,2025-03-15,Inventory,35245.3,0
MFG_04,2025-03-16,Inventory,19624.97,0
MFG_04,2025-03-17,Inventory,17340.92,1
MFG_04,2025-03-18,Inventory,17371.59,0
MFG_04,2025-03-19,Inventory,26237.72,1
MFG_04,2025-03-20,Inventory,11805.92,0
MFG_04,2025-03-21,Inventory,18793.39,0
MFG_04,2025-03-22,Inventory,18444.88,0
MFG_04,2025-03-23,Inventory,18215.44,1
MFG_04,2025-03-24,Inventory,18083.29,1
MFG_04,2025-03-25,Inventory,13823.02,1
MFG_04,2025-03-26,Inventory,31072.66,0
MFG_04,2025-03-27,Inventory,16793.36,1
MFG_04,2025-03-28,Inventory,31852.08,1
MFG_04,2025-03-29,Inventory,13518.87,0
MFG_04,2025-03-30,Inventory,28749.44,0
MFG_04,2025-03-31,Inventory,37297.45,0
MFG_04,2025-04-01,Inventory,19654.48,0
MFG_04,2025-04-02,Inventory,30515.22,1
MFG_04,2025-04-03,Inventory,34147.08,0
MFG_04,2025-04-04,Inventory,31494.43,1
MFG_04,2025-04-05,Inventory,30438.82,0
MFG_04,2025-04-06,Inventory,19689.39,0
MFG_04,2025-04-07,Inventory,38295.97,1
MFG_04,2025-04-08,Inventory,20398.99,0
MFG_04,2025-04-09,Inventory,21863.37,0
MFG_04,2025-04-10,Inventory,28140.64,0
MFG_05,2025-01-01,Inventory,21233.01,0
MFG_05,2025-01-02,Inventory,9225.51,0
MFG_05,2025-01-03,Inventory,25614.26,0
MFG_05,2025-01-04,Inventory,11594.77,0
MFG_05,2025-01-05,Inventory,25696.43,0
MFG_05,2025-01-06,Inventory,12116.26,0
MFG_05,2025-01-07,Inventory,27213.96,0
MFG_05,2025-01-08,Inventory,23170.8,0
MFG_05,2025-01-09,Inventory,18935.07,0
MFG_05,2025-01-10,Inventory,25499.4,0
MFG_05,2025-01-11,Inventory,15983.22,0
MFG_05,2025-01-12,Inventory,26170.01,0
MFG_05,2025-01-13,Inventory,21341.86,0
MFG_05,2025-01-14,Inventory,17341.8,0
MFG_05,2025-01-15,Inventory,15482.01,0
MFG_05,2025-01-16,Inventory,21953.64,0
MFG_05,2025-01-17,Inventory,21829.46,0
MFG_05,2025-01-18,Inventory,15875.94,0
MFG_05,2025-01-19,Inventory,16435.78,0
MFG_05,2025-01-20,Inventory,13149.05,0
MFG_05,2025-01-21,Inventory,13135.73,0
MFG_05,2025-01-22,Inventory,16212.47,0
MFG_05,2025-01-23,Inventory,36755.8,0
MFG_05,2025-01-24,Inventory,29346.45,0
MFG_05,2025-01-25,Inventory,27465.65,0
MFG_05,2025-01-26,Inventory,31766.05,0
MFG_05,2025-01-27,Inventory,10619.12,0
MFG_05,2025-01-28,Inventory,24349.0,0
MFG_05,2025-01-29,Inventory,13265.76,0
MFG_05,2025-01-30,Inventory,23991.81,0
MFG_05,2025-01-31,Inventory,19585.14,0
MFG_05,2025-02-01,Inventory,12228.62,0
MFG_05,2025-02-02,Inventory,33075.43,0
MFG_05,2025-02-03,Inventory,31847.3,0
MFG_05,2025-02-04,Inventory,19218.64,0
MFG_05,2025-02-05,Inventory,34317.22,0
MFG_05,2025-02-06,Inventory,31092.45,0
MFG_05,2025-02-07,Inventory,27809.72,0
MFG_05,2025-02-08,Inventory,17523.2,0
MFG_05,2025-02-09,Inventory,20435.08,0
MFG_05,2025-02-10,Inventory,26310.33,0
MFG_05,2025-02-11,Inventory,16666.68,0
MFG_05,2025-02-12,Inventory,28270.36,0
MFG_05,2025-02-13,Inventory,12045.56,0
MFG_05,2025-02-14,Inventory,17186.33,0
MFG_05,2025-02-15,Inventory,28864.62,0
MFG_05,2025-02-16,Inventory,14818.92,0
MFG_05,2025-02-17,Inventory,35547.78,0
MFG_05,2025-02-18,Inventory,12529.66,0
MFG_05,2025-02-19,Inventory,27939.29,0
MFG_05,2025-02-20,Inventory,13115.65,0
MFG_05,2025-02-21,Inventory,23180.63,0
MFG_05,2025-02-22,Inventory,27985.49,0
MFG_05,2025-02-23,Inventory,18324.63,0
MFG_05,2025-02-24,Inventory,36110.44,0
MFG_05,2025-02-25,Inventory,24328.39,0
MFG_05,2025-02-26,Inventory,31582.51,0
MFG_05,2025-02-27,Inventory,17053.64,0
MFG_05,2025-02-28,Inventory,13970.0,0
MFG_05,2025-03-01,Inventory,21265.63,0
MFG_05,2025-03-02,Inventory,13058.28,0
MFG_05,2025-03-03,Inventory,16389.88,0
MFG_05,2025-03-04,Inventory,37590.37,0
MFG_05,2025-03-05,Inventory,36140.5,0
MFG_05,2025-03-06,Inventory,14379.47,0
MFG_05,2025-03-07,Inventory,25042.95,0
MFG_05,2025-03-08,Inventory,13627.67,0
MFG_05,2025-03-09,Inventory,23200.36,0
MFG_05,2025-03-10,Inventory,15235.78,0
MFG_05,2025-03-11,Inventory,14350.81,0
MFG_05,2025-03-12,Inventory,27078.28,0
MFG_05,2025-03-13,Inventory,30042.86,0
MFG_05,2025-03-14,Inventory,13715.59,0
MFG_05,2025-03-15,Inventory,37588.6,0
MFG_05,2025-03-16,Inventory,15837.75,0
MFG_05,2025-03-17,Inventory,21865.53,0
MFG_05,2025-03-18,Inventory,14602.8,0
MFG_05,2025-03-19,Inventory,30153.04,0
MFG_05,2025-03-20,Inventory,25659.29,0
MFG_05,2025-03-21,Inventory,11970.54,0
MFG_05,2025-03-22,Inventory,16929.15,0
MFG_05,2025-03-23,Inventory,36489.52,0
MFG_05,2025-03-24,Inventory,19417.91,0
MFG_05,2025-03-25,Inventory,32450.47,0
MFG_05,2025-03-26,Inventory,39593.95,0
MFG_05,2025-03-27,Inventory,14245.48,0
MFG_05,2025-03-28,Inventory,20196.4,0
MFG_05,2025-03-29,Inventory,13536.85,0
MFG_05,2025-03-30,Inventory,25546.89,0
MFG_05,2025-03-31,Inventory,25702.03,0
MFG_05,2025-04-01,Inventory,17262.0,0
MFG_05,2025-04-02,Inventory,30573.83,0
MFG_05,2025-04-03,Inventory,31004.49,0
MFG_05,2025-04-04,Inventory,11352.87,0
MFG_05,2025-04-05,Inventory,38875.35,0
MFG_05,2025-04-06,Inventory,23153.74,0
MFG_05,2025-04-07,Inventory,20366.84,0
MFG_05,2025-04-08,Inventory,17401.26,0
MFG_05,2025-04-09,Inventory,9048.47,0
MFG_05,2025-04-10,Inventory,15347.93,0
MFG_06,2025-01-01,Inventory,15516.83,0
MFG_06,2025-01-02,Inventory,21174.11,0
MFG_06,2025-01-03,Inventory,15637.6,0
MFG_06,2025-01-04,Inventory,24264.59,0
MFG_06,2025-01-05,Inventory,26846.82,0
MFG_06,2025-01-06,Inventory,34168.01,0
MFG_06,2025-01-07,Inventory,15155.65,0
MFG_06,2025-01-08,Inventory,26944.76,0
MFG_06,2025-01-09,Inventory,26368.07,0
MFG_06,2025-01-10,Inventory,22487.9,0
MFG_06,2025-01-11,Inventory,17619.42,0
MFG_06,2025-01-12,Inventory,26710.53,0
MFG_06,2025-01-13,Inventory,28904.72,0
MFG_06,2025-01-14,Inventory,36259.44,0
MFG_06,2025-01-15,Inventory,8041.95,0
MFG_06,2025-01-16,Inventory,29489.43,0
MFG_06,2025-01-17,Inventory,11141.46,0
MFG_06,2025-01-18,Inventory,40562.44,0
MFG_06,2025-01-19,Inventory,30921.95,0
MFG_06,2025-01-20,Inventory,35091.24,0
MFG_06,2025-01-21,Inventory,38696.58,0
MFG_06,2025-01-22,Inventory,30014.94,0
MFG_06,2025-01-23,Inventory,16657.76,0
MFG_06,2025-01-24,Inventory,37339.2,0
MFG_06,2025-01-25,Inventory,29123.7,0
MFG_06,2025-01-26,Inventory,22258.92,0
MFG_06,2025-01-27,Inventory,27951.18,0
MFG_06,2025-01-28,Inventory,30489.78,0
MFG_06,2025-01-29,Inventory,37511.05,0
MFG_06,2025-01-30,Inventory,14270.5,0
MFG_06,2025-01-31,Inventory,10395.24,0
MFG_06,2025-02-01,Inventory,13787.41,0
MFG_06,2025-02-02,Inventory,16213.11,0
MFG_06,2025-02-03,Inventory,21606.31,0
MFG_06,2025-02-04,Inventory,16970.3,0
MFG_06,2025-02-05,Inventory,32961.98,0
MFG_06,2025-02-06,Inventory,28112.32,0
MFG_06,2025-02-07,Inventory,35965.58,0
MFG_06,2025-02-08,Inventory,12786.99,0
MFG_06,2025-02-09,Inventory,10085.17,0
MFG_06,2025-02-10,Inventory,27805.27,0
MFG_06,2025-02-11,Inventory,18285.92,0
MFG_06,2025-02-12,Inventory,36845.52,0
MFG_06,2025-02-13,Inventory,26524.28,0
MFG_06,2025-02-14,Inventory,27110.72,0
MFG_06,2025-02-15,Inventory,32758.25,0
MFG_06,2025-02-16,Inventory,38064.15,0
MFG_06,2025-02-17,Inventory,28824.39,0
MFG_06,2025-02-18,Inventory,18987.6,0
MFG_06,2025-02-19,Inventory,31196.38,0
MFG_06,2025-02-20,Inventory,34406.39,0
MFG_06,2025-02-21,Inventory,16509.05,0
MFG_06,2025-02-22,Inventory,28556.51,0
MFG_06,2025-02-23,Inventory,28789.34,0
MFG_06,2025-02-24,Inventory,28192.51,0
MFG_06,2025-02-25,Inventory,14804.38,0
MFG_06,2025-02-26,Inventory,27016.94,0
MFG_06,2025-02-27,Inventory,18221.26,0
MFG_06,2025-02-28,Inventory,29633.79,0
MFG_06,2025-03-01,Inventory,32590.12,0
MFG_06,2025-03-02,Inventory,15481.48,0
MFG_06,2025-03-03,Inventory,11904.51,0
MFG_06,2025-03-04,Inventory,21993.49,0
MFG_06,2025-03-05,Inventory,24808.03,0
MFG_06,2025-03-06,Inventory,34837.37,0
MFG_06,2025-03-07,Inventory,35922.88,0
MFG_06,2025-03-08,Inventory,11277.31,0
MFG_06,2025-03-09,Inventory,23619.76,0
MFG_06,2025-03-10,Inventory,16723.78,0
MFG_06,2025-03-11,Inventory,26838.99,0
MFG_06,2025-03-12,Inventory,32488.63,0
MFG_06,2025-03-13,Inventory,32420.39,0
MFG_06,2025-03-14,Inventory,14860.34,0
MFG_06,2025-03-15,Inventory,24003.46,0
MFG_06,2025-03-16,Inventory,15854.5,0
MFG_06,2025-03-17,Inventory,16091.63,0
MFG_06,2025-03-18,Inventory,10887.15,0
MFG_06,2025-03-19,Inventory,15259.94,0
MFG_06,2025-03-20,Inventory,35196.01,0
MFG_06,2025-03-21,Inventory,22692.03,0
MFG_06,2025-03-22,Inventory,36688.49,0
MFG_06,2025-03-23,Inventory,32378.43,0
MFG_06,2025-03-24,Inventory,23562.13,0
MFG_06,2025-03-25,Inventory,14503.19,0
MFG_06,2025-03-26,Inventory,28527.46,0
MFG_06,2025-03-27,Inventory,36454.02,0
MFG_06,2025-03-28,Inventory,26811.87,0
MFG_06,2025-03-29,Inventory,17807.57,0
MFG_06,2025-03-30,Inventory,16236.89,0
MFG_06,2025-03-31,Inventory,15064.75,0
MFG_06,2025-04-01,Inventory,19729.7,0
MFG_06,2025-04-02,Inventory,15488.02,0
MFG_06,2025-04-03,Inventory,20456.0,0
MFG_06,2025-04-04,Inventory,27206.75,0
MFG_06,2025-04-05,Inventory,15614.76,0
MFG_06,2025-04-06,Inventory,36914.63,0
MFG_06,2025-04-07,Inventory,15449.68,0
MFG_06,2025-04-08,Inventory,16121.24,0
MFG_06,2025-04-09,Inventory,16560.01,0
MFG_06,2025-04-10,Inventory,20677.52,0
DST_01,2025-01-01,Inventory,31444.98,0
DST_01,2025-01-02,Inventory,19548.29,0
DST_01,2025-01-03,Inventory,21592.98,0
DST_01,2025-01-04,Inventory,48051.0,0
DST_01,2025-01-05,Inventory,39196.2,0
DST_01,2025-01-06,Inventory,16712.51,0
DST_01,2025-01-07,Inventory,37676.64,0
DST_01,2025-01-08,Inventory,21828.22,0
DST_01,2025-01-09,Inventory,37577.28,0
DST_01,2025-01-10,Inventory,49302.78,0
DST_01,2025-01-11,Inventory,35907.08,0
DST_01,2025-01-12,Inventory,38058.27,0
DST_01,2025-01-13,Inventory,27033.24,0
DST_01,2025-01-14,Inventory,47878.3,0
DST_01,2025-01-15,Inventory,30814.33,0
DST_01,2025-01-16,Inventory,23245.65,0
DST_01,2025-01-17,Inventory,29910.17,0
DST_01,2025-01-18,Inventory,35314.23,0
DST_01,2025-01-19,Inventory,46713.91,0
DST_01,2025-01-20,Inventory,19012.63,0
DST_01,2025-01-21,Inventory,57409.06,0
DST_01,2025-01-22,Inventory,37978.74,0
DST_01,2025-01-23,Inventory,23614.42,0
DST_01,2025-01-24,Inventory,60085.8,0
DST_01,2025-01-25,Inventory,33718.0,0
DST_01,2025-01-26,Inventory,23454.5,0
DST_01,2025-01-27,Inventory,21206.49,0
DST_01,2025-01-28,Inventory,46803.99,0
DST_01,2025-01-29,Inventory,35415.3,0
DST_01,2025-01-30,Inventory,32950.42,0
DST_01,2025-01-31,Inventory,46409.86,0
DST_01,2025-02-01,Inventory,39304.33,0
DST_01,2025-02-02,Inventory,24938.1,0
DST_01,2025-02-03,Inventory,30970.54,0
DST_01,2025-02-04,Inventory,26571.46,0
DST_01,2025-02-05,Inventory,19526.21,0
DST_01,2025-02-06,Inventory,30275.59,0
DST_01,2025-02-07,Inventory,60518.77,0
DST_01,2025-02-08,Inventory,34817.36,0
DST_01,2025-02-09,Inventory,43025.82,0
DST_01,2025-02-10,Inventory,23713.61,0
DST_01,2025-02-11,Inventory,41526.81,0
DST_01,2025-02-12,Inventory,21738.54,0
DST_01,2025-02-13,Inventory,39574.47,0
DST_01,2025-02-14,Inventory,48075.0,0
DST_01,2025-02-15,Inventory,36804.77,0
DST_01,2025-02-16,Inventory,42246.34,0
DST_01,2025-02-17,Inventory,46818.67,0
DST_01,2025-02-18,Inventory,47263.52,0
DST_01,2025-02-19,Inventory,44399.11,0
DST_01,2025-02-20,Inventory,40135.25,0
DST_01,2025-02-21,Inventory,43384.33,0
DST_01,2025-02-22,Inventory,42973.75,0
DST_01,2025-02-23,Inventory,37214.03,0
DST_01,2025-02-24,Inventory,24439.41,0
DST_01,2025-02-25,Inventory,49983.64,0
DST_01,2025-02-26,Inventory,32213.35,0
DST_01,2025-02-27,Inventory,34163.0,0
DST_01,2025-02-28,Inventory,53503.21,0
DST_01,2025-03-01,Inventory,59057.16,0
DST_01,2025-03-02,Inventory,23264.95,0
DST_01,2025-03-03,Inventory,46673.42,0
DST_01,2025-03-04,Inventory,40426.33,0
DST_01,2025-03-05,Inventory,34385.16,0
DST_01,2025-03-06,Inventory,62409.66,0
DST_01,2025-03-07,Inventory,17874.03,0
DST_01,2025-03-08,Inventory,62333.1,0
DST_01,2025-03-09,Inventory,37245.93,0
DST_01,2025-03-10,Inventory,45893.43,0
DST_01,2025-03-11,Inventory,27322.15,0
DST_01,2025-03-12,Inventory,29091.65,0
DST_01,2025-03-13,Inventory,42366.89,0
DST_01,2025-03-14,Inventory,48758.0,0
DST_01,2025-03-15,Inventory,35459.6,0
DST_01,2025-03-16,Inventory,20584.36,0
DST_01,2025-03-17,Inventory,28392.13,0
DST_01,2025-03-18,Inventory,45489.16,0
DST_01,2025-03-19,Inventory,23993.87,0
DST_01,2025-03-20,Inventory,50969.83,0
DST_01,2025-03-21,Inventory,46614.97,0
DST_01,2025-03-22,Inventory,55130.45,0
DST_01,2025-03-23,Inventory,45484.37,0
DST_01,2025-03-24,Inventory,24593.85,0
DST_01,2025-03-25,Inventory,51670.82,0
DST_01,2025-03-26,Inventory,17577.28,0
DST_01,2025-03-27,Inventory,20480.48,0
DST_01,2025-03-28,Inventory,25776.24,0
DST_01,2025-03-29,Inventory,36117.37,0
DST_01,2025-03-30,Inventory,33516.04,0
DST_01,2025-03-31,Inventory,26057.13,0
DST_01,2025-04-01,Inventory,59849.14,0
DST_01,2025-04-02,Inventory,43750.36,0
DST_01,2025-04-03,Inventory,43293.43,0
DST_01,2025-04-04,Inventory,30904.47,0
DST_01,2025-04-05,Inventory,24375.89,0
DST_01,2025-04-06,Inventory,35827.97,0
DST_01,2025-04-07,Inventory,50278.83,0
DST_01,2025-04-08,Inventory,22716.81,0
DST_01,2025-04-09,Inventory,49257.17,0
DST_01,2025-04-10,Inventory,23840.77,0
DST_02,2025-01-01,Inventory,35037.48,0
DST_02,2025-01-02,Inventory,29549.76,0
DST_02,2025-01-03,Inventory,43770.41,0
DST_02,2025-01-04,Inventory,23511.0,0
DST_02,2025-01-05,Inventory,57079.54,0
DST_02,2025-01-06,Inventory,57482.51,0
DST_02,2025-01-07,Inventory,43589.53,0
DST_02,2025-01-08,Inventory,39391.33,0
DST_02,2025-01-09,Inventory,61152.48,0
DST_02,2025-01-10,Inventory,47178.4,0
DST_02,2025-01-11,Inventory,41121.34,0
DST_02,2025-01-12,Inventory,41861.61,0
DST_02,2025-01-13,Inventory,43244.92,0
DST_02,2025-01-14,Inventory,29139.2,0
DST_02,2025-01-15,Inventory,17910.55,0
DST_02,2025-01-16,Inventory,22312.92,0
DST_02,2025-01-17,Inventory,17190.98,0
DST_02,2025-01-18,Inventory,42543.29,0
DST_02,2025-01-19,Inventory,17311.55,0
DST_02,2025-01-20,Inventory,14049.48,0
DST_02,2025-01-21,Inventory,31645.31,0
DST_02,2025-01-22,Inventory,31612.5,0
DST_02,2025-01-23,Inventory,37891.88,0
DST_02,2025-01-24,Inventory,54672.73,0
DST_02,2025-01-25,Inventory,25540.56,0
DST_02,2025-01-26,Inventory,44936.65,0
DST_02,2025-01-27,Inventory,47599.83,0
DST_02,2025-01-28,Inventory,21808.28,0
DST_02,2025-01-29,Inventory,43964.61,0
DST_02,2025-01-30,Inventory,32889.04,0
DST_02,2025-01-31,Inventory,17480.51,0
DST_02,2025-02-01,Inventory,22975.64,0
DST_02,2025-02-02,Inventory,29639.13,0
DST_02,2025-02-03,Inventory,34336.06,0
DST_02,2025-02-04,Inventory,33450.24,0
DST_02,2025-02-05,Inventory,31148.75,0
DST_02,2025-02-06,Inventory,25171.96,0
DST_02,2025-02-07,Inventory,24258.35,0
DST_02,2025-02-08,Inventory,38804.88,0
DST_02,2025-02-09,Inventory,55356.31,0
DST_02,2025-02-10,Inventory,47538.43,0
DST_02,2025-02-11,Inventory,24905.55,0
DST_02,2025-02-12,Inventory,37280.65,0
DST_02,2025-02-13,Inventory,51881.56,0
DST_02,2025-02-14,Inventory,42701.67,0
DST_02,2025-02-15,Inventory,38460.27,0
DST_02,2025-02-16,Inventory,23278.27,0
DST_02,2025-02-17,Inventory,16403.43,0
DST_02,2025-02-18,Inventory,22452.34,0
DST_02,2025-02-19,Inventory,24092.92,0
DST_02,2025-02-20,Inventory,53084.26,0
DST_02,2025-02-21,Inventory,31855.14,1
DST_02,2025-02-22,Inventory,49061.74,0
DST_02,2025-02-23,Inventory,50030.9,0
DST_02,2025-02-24,Inventory,35272.81,0
DST_02,2025-02-25,Inventory,45149.92,0
DST_02,2025-02-26,Inventory,27604.77,0
DST_02,2025-02-27,Inventory,33809.58,0
DST_02,2025-02-28,Inventory,39533.02,0
DST_02,2025-03-01,Inventory,45587.91,0
DST_02,2025-03-02,Inventory,38795.47,0
DST_02,2025-03-03,Inventory,45060.31,0
DST_02,2025-03-04,Inventory,29024.26,0
DST_02,2025-03-05,Inventory,19106.08,1
DST_02,2025-03-06,Inventory,15392.64,1
DST_02,2025-03-07,Inventory,47081.56,0
DST_02,2025-03-08,Inventory,51576.36,1
DST_02,2025-03-09,Inventory,30493.48,0
DST_02,2025-03-10,Inventory,36960.69,0
DST_02,2025-03-11,Inventory,50517.01,1
DST_02,2025-03-12,Inventory,33407.68,0
DST_02,2025-03-13,Inventory,47056.12,0
DST_02,2025-03-14,Inventory,32364.26,0
DST_02,2025-03-15,Inventory,24614.66,1
DST_02,2025-03-16,Inventory,48700.84,1
DST_02,2025-03-17,Inventory,40160.74,0
DST_02,2025-03-18,Inventory,42761.37,1
DST_02,2025-03-19,Inventory,52525.75,0
DST_02,2025-03-20,Inventory,50003.78,1
DST_02,2025-03-21,Inventory,30859.12,0
DST_02,2025-03-22,Inventory,36927.44,0
DST_02,2025-03-23,Inventory,64830.7,0
DST_02,2025-03-24,Inventory,30579.02,0
DST_02,2025-03-25,Inventory,44527.67,1
DST_02,2025-03-26,Inventory,43716.82,0
DST_02,2025-03-27,Inventory,45285.46,1
DST_02,2025-03-28,Inventory,38138.22,0
DST_02,2025-03-29,Inventory,44531.95,0
DST_02,2025-03-30,Inventory,31024.5,0
DST_02,2025-03-31,Inventory,24206.66,0
DST_02,2025-04-01,Inventory,42105.47,1
DST_02,2025-04-02,Inventory,21972.1,0
DST_02,2025-04-03,Inventory,39151.79,1
DST_02,2025-04-04,Inventory,52300.71,0
DST_02,2025-04-05,Inventory,68134.08,0
DST_02,2025-04-06,Inventory,26721.9,0
DST_02,2025-04-07,Inventory,23220.54,0
DST_02,2025-04-08,Inventory,39285.22,0
DST_02,2025-04-09,Inventory,28803.14,0
DST_02,2025-04-10,Inventory,24161.9,0
DST_03,2025-01-01,Inventory,58501.42,0
DST_03,2025-01-02,Inventory,24573.43,0
DST_03,2025-01-03,Inventory,38583.91,0
DST_03,2025-01-04,Inventory,43760.43,0
DST_03,2025-01-05,Inventory,47272.21,0
DST_03,2025-01-06,Inventory,43443.72,0
DST_03,2025-01-07,Inventory,25845.14,0
DST_03,2025-01-08,Inventory,23608.63,0
DST_03,2025-01-09,Inventory,43959.46,0
DST_03,2025-01-10,Inventory,37454.31,0
DST_03,2025-01-11,Inventory,34394.6,0
DST_03,2025-01-12,Inventory,23974.14,0
DST_03,2025-01-13,Inventory,19553.64,0
DST_03,2025-01-14,Inventory,31473.13,0
DST_03,2025-01-15,Inventory,22883.63,0
DST_03,2025-01-16,Inventory,44162.08,0
DST_03,2025-01-17,Inventory,49322.14,0
DST_03,2025-01-18,Inventory,29900.6,0
DST_03,2025-01-19,Inventory,15721.83,0
DST_03,2025-01-20,Inventory,25632.5,0
DST_03,2025-01-21,Inventory,40359.13,0
DST_03,2025-01-22,Inventory,34766.69,0
DST_03,2025-01-23,Inventory,48200.32,0
DST_03,2025-01-24,Inventory,26587.84,0
DST_03,2025-01-25,Inventory,33366.28,0
DST_03,2025-01-26,Inventory,19614.78,0
DST_03,2025-01-27,Inventory,49370.79,0
DST_03,2025-01-28,Inventory,44605.45,0
DST_03,2025-01-29,Inventory,30108.71,0
DST_03,2025-01-30,Inventory,35648.47,0
DST_03,2025-01-31,Inventory,29113.92,0
DST_03,2025-02-01,Inventory,32598.89,0
DST_03,2025-02-02,Inventory,19238.65,0
DST_03,2025-02-03,Inventory,19864.7,0
DST_03,2025-02-04,Inventory,32743.04,0
DST_03,2025-02-05,Inventory,49900.19,0
DST_03,2025-02-06,Inventory,31832.48,0
DST_03,2025-02-07,Inventory,45155.67,0
DST_03,2025-02-08,Inventory,31141.33,0
DST_03,2025-02-09,Inventory,42794.48,0
DST_03,2025-02-10,Inventory,45483.33,0
DST_03,2025-02-11,Inventory,19376.74,0
DST_03,2025-02-12,Inventory,19176.42,0
DST_03,2025-02-13,Inventory,22828.89,0
DST_03,2025-02-14,Inventory,21622.37,0
DST_03,2025-02-15,Inventory,26870.99,0
DST_03,2025-02-16,Inventory,20973.35,0
DST_03,2025-02-17,Inventory,19165.92,0
DST_03,2025-02-18,Inventory,26189.46,0
DST_03,2025-02-19,Inventory,24533.45,0
DST_03,2025-02-20,Inventory,39200.99,0
DST_03,2025-02-21,Inventory,33718.56,0
DST_03,2025-02-22,Inventory,31250.13,1
DST_03,2025-02-23,Inventory,38356.88,1
DST_03,2025-02-24,Inventory,26404.24,1
DST_03,2025-02-25,Inventory,33372.73,0
DST_03,2025-02-26,Inventory,24263.43,0
DST_03,2025-02-27,Inventory,51624.71,0
DST_03,2025-02-28,Inventory,44942.94,1
DST_03,2025-03-01,Inventory,20036.85,0
DST_03,2025-03-02,Inventory,49348.83,0
DST_03,2025-03-03,Inventory,23610.93,1
DST_03,2025-03-04,Inventory,19619.59,0
DST_03,2025-03-05,Inventory,54704.43,0
DST_03,2025-03-06,Inventory,23385.5,1
DST_03,2025-03-07,Inventory,31066.02,0
DST_03,2025-03-08,Inventory,52363.77,0
DST_03,2025-03-09,Inventory,27916.06,1
DST_03,2025-03-10,Inventory,42509.41,0
DST_03,2025-03-11,Inventory,47340.6,0
DST_03,2025-03-12,Inventory,20505.27,0
DST_03,2025-03-13,Inventory,53119.58,0
DST_03,2025-03-14,Inventory,50576.33,0
DST_03,2025-03-15,Inventory,71237.66,0
DST_03,2025-03-16,Inventory,48041.71,0
DST_03,2025-03-17,Inventory,33384.58,1
DST_03,2025-03-18,Inventory,47281.14,0
DST_03,2025-03-19,Inventory,48582.81,0
DST_03,2025-03-20,Inventory,16821.33,0
DST_03,2025-03-21,Inventory,33022.95,0
DST_03,2025-03-22,Inventory,54572.93,0
DST_03,2025-03-23,Inventory,31668.09,0
DST_03,2025-03-24,Inventory,42771.34,0
DST_03,2025-03-25,Inventory,55196.04,0
DST_03,2025-03-26,Inventory,28609.58,1
DST_03,2025-03-27,Inventory,27475.38,0
DST_03,2025-03-28,Inventory,18826.13,0
DST_03,2025-03-29,Inventory,20716.43,1
DST_03,2025-03-30,Inventory,28722.16,0
DST_03,2025-03-31,Inventory,58947.7,1
DST_03,2025-04-01,Inventory,19736.95,1
DST_03,2025-04-02,Inventory,58341.0,1
DST_03,2025-04-03,Inventory,22297.42,0
DST_03,2025-04-04,Inventory,41897.45,0
DST_03,2025-04-05,Inventory,57837.85,0
DST_03,2025-04-06,Inventory,31156.71,0
DST_03,2025-04-07,Inventory,38762.34,0
DST_03,2025-04-08,Inventory,29639.41,1
DST_03,2025-04-09,Inventory,37194.69,0
DST_03,2025-04-10,Inventory,43065.55,0
DST_04,2025-01-01,Inventory,35140.1,0
DST_04,2025-01-02,Inventory,20391.81,0
DST_04,2025-01-03,Inventory,29306.6,0
DST_04,2025-01-04,Inventory,57765.2,0
DST_04,2025-01-05,Inventory,29953.62,0
DST_04,2025-01-06,Inventory,35023.34,0
DST_04,2025-01-07,Inventory,12320.03,0
DST_04,2025-01-08,Inventory,28632.01,0
DST_04,2025-01-09,Inventory,40898.81,0
DST_04,2025-01-10,Inventory,24481.26,0
DST_04,2025-01-11,Inventory,41208.48,0
DST_04,2025-01-12,Inventory,43526.77,0
DST_04,2025-01-13,Inventory,28703.75,0
DST_04,2025-01-14,Inventory,27639.28,0
DST_04,2025-01-15,Inventory,20182.82,0
DST_04,2025-01-16,Inventory,24677.5,0
DST_04,2025-01-17,Inventory,25261.35,0
DST_04,2025-01-18,Inventory,45333.35,0
DST_04,2025-01-19,Inventory,33058.01,0
DST_04,2025-01-20,Inventory,37855.76,0
DST_04,2025-01-21,Inventory,36767.71,0
DST_04,2025-01-22,Inventory,46165.98,0
DST_04,2025-01-23,Inventory,48901.93,0
DST_04,2025-01-24,Inventory,23960.09,0
DST_04,2025-01-25,Inventory,39892.46,0
DST_04,2025-01-26,Inventory,42457.72,0
DST_04,2025-01-27,Inventory,46700.36,0
DST_04,2025-01-28,Inventory,60197.45,0
DST_04,2025-01-29,Inventory,14078.05,0
DST_04,2025-01-30,Inventory,22607.58,0
DST_04,2025-01-31,Inventory,16911.17,0
DST_04,2025-02-01,Inventory,20493.51,0
DST_04,2025-02-02,Inventory,18260.04,0
DST_04,2025-02-03,Inventory,35560.29,0
DST_04,2025-02-04,Inventory,22206.85,0
DST_04,2025-02-05,Inventory,59025.42,0
DST_04,2025-02-06,Inventory,52416.99,0
DST_04,2025-02-07,Inventory,40052.57,0
DST_04,2025-02-08,Inventory,48132.82,0
DST_04,2025-02-09,Inventory,28169.91,0
DST_04,2025-02-10,Inventory,45417.63,0
DST_04,2025-02-11,Inventory,52261.4,0
DST_04,2025-02-12,Inventory,23909.4,0
DST_04,2025-02-13,Inventory,28520.07,0
DST_04,2025-02-14,Inventory,23099.05,0
DST_04,2025-02-15,Inventory,23968.89,0
DST_04,2025-02-16,Inventory,34476.13,0
DST_04,2025-02-17,Inventory,25068.23,0
DST_04,2025-02-18,Inventory,31958.0,0
DST_04,2025-02-19,Inventory,35015.01,0
DST_04,2025-02-20,Inventory,43180.34,0
DST_04,2025-02-21,Inventory,41587.24,0
DST_04,2025-02-22,Inventory,53027.5,0
DST_04,2025-02-23,Inventory,37860.12,0
DST_04,2025-02-24,Inventory,31890.54,0
DST_04,2025-02-25,Inventory,35532.24,0
DST_04,2025-02-26,Inventory,41611.15,0
DST_04,2025-02-27,Inventory,31717.97,0
DST_04,2025-02-28,Inventory,28485.45,1
DST_04,2025-03-01,Inventory,33754.28,0
DST_04,2025-03-02,Inventory,38187.97,0
DST_04,2025-03-03,Inventory,31185.54,0
DST_04,2025-03-04,Inventory,47753.13,0
DST_04,2025-03-05,Inventory,20072.03,0
DST_04,2025-03-06,Inventory,46089.68,0
DST_04,2025-03-07,Inventory,22946.25,0
DST_04,2025-03-08,Inventory,25116.45,0
DST_04,2025-03-09,Inventory,36575.32,0
DST_04,2025-03-10,Inventory,58001.06,1
DST_04,2025-03-11,Inventory,38936.29,1
DST_04,2025-03-12,Inventory,50415.69,1
DST_04,2025-03-13,Inventory,33765.07,1
DST_04,2025-03-14,Inventory,59560.02,0
DST_04,2025-03-15,Inventory,53698.28,0
DST_04,2025-03-16,Inventory,28194.42,0
DST_04,2025-03-17,Inventory,33299.65,1
DST_04,2025-03-18,Inventory,24007.64,1
DST_04,2025-03-19,Inventory,24958.23,0
DST_04,2025-03-20,Inventory,50423.21,0
DST_04,2025-03-21,Inventory,49866.3,1
DST_04,2025-03-22,Inventory,52392.84,0
DST_04,2025-03-23,Inventory,34361.82,1
DST_04,2025-03-24,Inventory,23649.62,0
DST_04,2025-03-25,Inventory,24123.74,0
DST_04,2025-03-26,Inventory,33221.3,0
DST_04,2025-03-27,Inventory,38988.21,1
DST_04,2025-03-28,Inventory,17745.84,1
DST_04,2025-03-29,Inventory,22147.15,0
DST_04,2025-03-30,Inventory,31038.82,0
DST_04,2025-03-31,Inventory,32105.97,1
DST_04,2025-04-01,Inventory,57089.93,0
DST_04,2025-04-02,Inventory,19351.31,0
DST_04,2025-04-03,Inventory,62103.88,0
DST_04,2025-04-04,Inventory,56126.65,0
DST_04,2025-04-05,Inventory,39410.42,1
DST_04,2025-04-06,Inventory,37780.72,0
DST_04,2025-04-07,Inventory,31146.59,1
DST_04,2025-04-08,Inventory,30809.98,0
DST_04,2025-04-09,Inventory,17641.32,0
DST_04,2025-04-10,Inventory,38899.86,0
DST_05,2025-01-01,Inventory,35145.54,0
DST_05,2025-01-02,Inventory,58711.0,0
DST_05,2025-01-03,Inventory,43481.59,0
DST_05,2025-01-04,Inventory,51182.2,0
DST_05,2025-01-05,Inventory,43402.25,0
DST_05,2025-01-06,Inventory,18404.88,0
DST_05,2025-01-07,Inventory,42109.31,0
DST_05,2025-01-08,Inventory,18737.65,0
DST_05,2025-01-09,Inventory,15093.57,0
DST_05,2025-01-10,Inventory,33186.28,0
DST_05,2025-01-11,Inventory,35714.53,0
DST_05,2025-01-12,Inventory,12691.68,0
DST_05,2025-01-13,Inventory,20802.51,0
DST_05,2025-01-14,Inventory,27142.84,0
DST_05,2025-01-15,Inventory,43985.23,0
DST_05,2025-01-16,Inventory,29426.2,0
DST_05,2025-01-17,Inventory,20329.32,0
DST_05,2025-01-18,Inventory,25765.82,0
DST_05,2025-01-19,Inventory,36848.3,0
DST_05,2025-01-20,Inventory,56464.66,0
DST_05,2025-01-21,Inventory,49831.15,0
DST_05,2025-01-22,Inventory,36166.09,0
DST_05,2025-01-23,Inventory,20537.55,0
DST_05,2025-01-24,Inventory,31376.59,0
DST_05,2025-01-25,Inventory,54043.71,0
DST_05,2025-01-26,Inventory,31840.89,0
DST_05,2025-01-27,Inventory,66460.71,0
DST_05,2025-01-28,Inventory,48311.31,0
DST_05,2025-01-29,Inventory,22132.57,0
DST_05,2025-01-30,Inventory,20898.3,0
DST_05,2025-01-31,Inventory,28661.72,0
DST_05,2025-02-01,Inventory,25875.9,0
DST_05,2025-02-02,Inventory,36795.78,0
DST_05,2025-02-03,Inventory,20977.28,0
DST_05,2025-02-04,Inventory,22449.16,0
DST_05,2025-02-05,Inventory,42356.57,0
DST_05,2025-02-06,Inventory,33661.46,0
DST_05,2025-02-07,Inventory,41322.88,0
DST_05,2025-02-08,Inventory,53113.48,0
DST_05,2025-02-09,Inventory,36439.96,0
DST_05,2025-02-10,Inventory,36023.21,0
DST_05,2025-02-11,Inventory,44455.68,0
DST_05,2025-02-12,Inventory,23735.63,0
DST_05,2025-02-13,Inventory,34839.98,0
DST_05,2025-02-14,Inventory,28730.19,0
DST_05,2025-02-15,Inventory,57279.52,0
DST_05,2025-02-16,Inventory,26161.36,0
DST_05,2025-02-17,Inventory,28168.95,0
DST_05,2025-02-18,Inventory,59714.44,0
DST_05,2025-02-19,Inventory,57047.95,0
DST_05,2025-02-20,Inventory,38466.3,0
DST_05,2025-02-21,Inventory,36721.73,0
DST_05,2025-02-22,Inventory,18719.06,0
DST_05,2025-02-23,Inventory,54726.72,0
DST_05,2025-02-24,Inventory,20254.69,0
DST_05,2025-02-25,Inventory,43083.53,0
DST_05,2025-02-26,Inventory,47398.98,0
DST_05,2025-02-27,Inventory,26167.79,0
DST_05,2025-02-28,Inventory,23540.19,0
DST_05,2025-03-01,Inventory,29583.06,0
DST_05,2025-03-02,Inventory,36751.53,0
DST_05,2025-03-03,Inventory,41037.3,0
DST_05,2025-03-04,Inventory,64669.36,0
DST_05,2025-03-05,Inventory,39962.6,0
DST_05,2025-03-06,Inventory,39519.56,0
DST_05,2025-03-07,Inventory,41304.73,0
DST_05,2025-03-08,Inventory,26303.61,0
DST_05,2025-03-09,Inventory,49216.14,0
DST_05,2025-03-10,Inventory,22363.24,0
DST_05,2025-03-11,Inventory,48108.32,0
DST_05,2025-03-12,Inventory,51859.77,0
DST_05,2025-03-13,Inventory,25160.21,0
DST_05,2025-03-14,Inventory,32242.35,0
DST_05,2025-03-15,Inventory,22050.81,0
DST_05,2025-03-16,Inventory,31429.62,0
DST_05,2025-03-17,Inventory,14990.86,0
DST_05,2025-03-18,Inventory,20640.95,0
DST_05,2025-03-19,Inventory,13688.47,0
DST_05,2025-03-20,Inventory,23454.62,0
DST_05,2025-03-21,Inventory,31040.73,0
DST_05,2025-03-22,Inventory,34453.17,0
DST_05,2025-03-23,Inventory,53927.5,0
DST_05,2025-03-24,Inventory,44331.39,0
DST_05,2025-03-25,Inventory,36597.92,0
DST_05,2025-03-26,Inventory,29302.15,0
DST_05,2025-03-27,Inventory,37907.46,0
DST_05,2025-03-28,Inventory,20936.46,0
DST_05,2025-03-29,Inventory,38167.16,0
DST_05,2025-03-30,Inventory,48901.92,0
DST_05,2025-03-31,Inventory,54442.92,0
DST_05,2025-04-01,Inventory,25151.91,0
DST_05,2025-04-02,Inventory,18615.69,0
DST_05,2025-04-03,Inventory,24768.7,0
DST_05,2025-04-04,Inventory,43372.44,0
DST_05,2025-04-05,Inventory,21275.99,0
DST_05,2025-04-06,Inventory,37760.53,0
DST_05,2025-04-07,Inventory,20410.59,0
DST_05,2025-04-08,Inventory,43820.48,0
DST_05,2025-04-09,Inventory,47094.79,0
DST_05,2025-04-10,Inventory,42898.81,0
DST_06,2025-01-01,Inventory,19671.22,0
DST_06,2025-01-02,Inventory,24178.92,0
DST_06,2025-01-03,Inventory,46136.62,0
DST_06,2025-01-04,Inventory,39065.12,0
DST_06,2025-01-05,Inventory,38221.18,0
DST_06,2025-01-06,Inventory,35635.23,0
DST_06,2025-01-07,Inventory,36793.46,0
DST_06,2025-01-08,Inventory,35532.99,0
DST_06,2025-01-09,Inventory,38774.75,0
DST_06,2025-01-10,Inventory,54894.78,0
DST_06,2025-01-11,Inventory,20320.7,0
DST_06,2025-01-12,Inventory,37102.19,0
DST_06,2025-01-13,Inventory,29497.46,0
DST_06,2025-01-14,Inventory,45719.91,0
DST_06,2025-01-15,Inventory,41366.68,0
DST_06,2025-01-16,Inventory,53463.73,0
DST_06,2025-01-17,Inventory,61142.12,0
DST_06,2025-01-18,Inventory,48635.73,0
DST_06,2025-01-19,Inventory,37642.19,0
DST_06,2025-01-20,Inventory,32106.54,0
DST_06,2025-01-21,Inventory,32266.82,0
DST_06,2025-01-22,Inventory,24462.82,0
DST_06,2025-01-23,Inventory,27137.02,0
DST_06,2025-01-24,Inventory,28255.48,0
DST_06,2025-01-25,Inventory,22826.7,0
DST_06,2025-01-26,Inventory,34602.45,0
DST_06,2025-01-27,Inventory,32917.43,0
DST_06,2025-01-28,Inventory,42321.83,0
DST_06,2025-01-29,Inventory,46184.52,0
DST_06,2025-01-30,Inventory,34707.79,0
DST_06,2025-01-31,Inventory,32796.48,0
DST_06,2025-02-01,Inventory,50165.59,0
DST_06,2025-02-02,Inventory,28670.23,0
DST_06,2025-02-03,Inventory,50740.26,0
DST_06,2025-02-04,Inventory,23596.42,0
DST_06,2025-02-05,Inventory,23667.44,0
DST_06,2025-02-06,Inventory,25788.38,0
DST_06,2025-02-07,Inventory,21495.3,0
DST_06,2025-02-08,Inventory,20471.27,0
DST_06,2025-02-09,Inventory,41030.06,0
DST_06,2025-02-10,Inventory,33886.72,0
DST_06,2025-02-11,Inventory,40392.5,0
DST_06,2025-02-12,Inventory,54045.58,0
DST_06,2025-02-13,Inventory,52016.59,0
DST_06,2025-02-14,Inventory,30371.83,0
DST_06,2025-02-15,Inventory,26233.45,0
DST_06,2025-02-16,Inventory,27643.68,0
DST_06,2025-02-17,Inventory,35044.88,0
DST_06,2025-02-18,Inventory,43330.24,0
DST_06,2025-02-19,Inventory,41344.89,0
DST_06,2025-02-20,Inventory,51348.9,0
DST_06,2025-02-21,Inventory,21932.97,1
DST_06,2025-02-22,Inventory,46460.19,1
DST_06,2025-02-23,Inventory,17206.32,0
DST_06,2025-02-24,Inventory,46259.47,0
DST_06,2025-02-25,Inventory,50812.39,0
DST_06,2025-02-26,Inventory,25944.84,0
DST_06,2025-02-27,Inventory,24741.62,0
DST_06,2025-02-28,Inventory,41564.58,0
DST_06,2025-03-01,Inventory,17412.08,0
DST_06,2025-03-02,Inventory,26286.38,0
DST_06,2025-03-03,Inventory,50385.66,1
DST_06,2025-03-04,Inventory,37403.57,0
DST_06,2025-03-05,Inventory,54632.86,0
DST_06,2025-03-06,Inventory,24368.66,0
DST_06,2025-03-07,Inventory,36298.68,0
DST_06,2025-03-08,Inventory,27048.77,0
DST_06,2025-03-09,Inventory,21254.68,1
DST_06,2025-03-10,Inventory,21365.82,0
DST_06,2025-03-11,Inventory,42314.17,0
DST_06,2025-03-12,Inventory,28457.34,1
DST_06,2025-03-13,Inventory,51345.33,0
DST_06,2025-03-14,Inventory,55991.12,0
DST_06,2025-03-15,Inventory,47225.0,1
DST_06,2025-03-16,Inventory,30744.91,0
DST_06,2025-03-17,Inventory,53929.48,1
DST_06,2025-03-18,Inventory,63816.67,0
DST_06,2025-03-19,Inventory,41250.82,1
DST_06,2025-03-20,Inventory,28834.74,1
DST_06,2025-03-21,Inventory,39716.98,0
DST_06,2025-03-22,Inventory,37630.63,0
DST_06,2025-03-23,Inventory,18615.07,1
DST_06,2025-03-24,Inventory,40510.9,0
DST_06,2025-03-25,Inventory,42873.23,1
DST_06,2025-03-26,Inventory,20224.23,0
DST_06,2025-03-27,Inventory,24208.51,1
DST_06,2025-03-28,Inventory,61062.02,1
DST_06,2025-03-29,Inventory,30408.82,1
DST_06,2025-03-30,Inventory,45678.23,0
DST_06,2025-03-31,Inventory,24246.97,0
DST_06,2025-04-01,Inventory,37911.31,0
DST_06,2025-04-02,Inventory,39412.07,0
DST_06,2025-04-03,Inventory,53418.75,0
DST_06,2025-04-04,Inventory,36529.92,0
DST_06,2025-04-05,Inventory,19040.05,1
DST_06,2025-04-06,Inventory,31095.77,0
DST_06,2025-04-07,Inventory,41892.31,0
DST_06,2025-04-08,Inventory,48207.96,1
DST_06,2025-04-09,Inventory,31731.5,0
DST_06,2025-04-10,Inventory,33333.26,1
DST_07,2025-01-01,Inventory,18462.72,0
DST_07,2025-01-02,Inventory,23523.39,0
DST_07,2025-01-03,Inventory,32655.75,0
DST_07,2025-01-04,Inventory,44726.91,0
DST_07,2025-01-05,Inventory,32015.01,0
DST_07,2025-01-06,Inventory,25013.61,0
DST_07,2025-01-07,Inventory,29211.32,0
DST_07,2025-01-08,Inventory,39855.18,0
DST_07,2025-01-09,Inventory,41553.3,0
DST_07,2025-01-10,Inventory,38434.93,0
DST_07,2025-01-11,Inventory,26531.79,0
DST_07,2025-01-12,Inventory,54248.86,0
DST_07,2025-01-13,Inventory,32044.15,0
DST_07,2025-01-14,Inventory,40781.52,0
DST_07,2025-01-15,Inventory,19326.28,0
DST_07,2025-01-16,Inventory,22725.42,0
DST_07,2025-01-17,Inventory,39970.1,0
DST_07,2025-01-18,Inventory,26623.75,0
DST_07,2025-01-19,Inventory,39725.91,0
DST_07,2025-01-20,Inventory,26732.91,0
DST_07,2025-01-21,Inventory,19513.14,0
DST_07,2025-01-22,Inventory,45497.6,0
DST_07,2025-01-23,Inventory,20510.94,0
DST_07,2025-01-24,Inventory,26027.89,0
DST_07,2025-01-25,Inventory,27554.18,0
DST_07,2025-01-26,Inventory,53589.09,0
DST_07,2025-01-27,Inventory,27142.82,0
DST_07,2025-01-28,Inventory,41038.92,0
DST_07,2025-01-29,Inventory,24304.18,0
DST_07,2025-01-30,Inventory,26514.26,0
DST_07,2025-01-31,Inventory,18880.54,0
DST_07,2025-02-01,Inventory,29727.4,0
DST_07,2025-02-02,Inventory,29158.33,0
DST_07,2025-02-03,Inventory,43189.0,0
DST_07,2025-02-04,Inventory,56152.74,0
DST_07,2025-02-05,Inventory,57238.74,0
DST_07,2025-02-06,Inventory,36172.98,0
DST_07,2025-02-07,Inventory,34053.36,0
DST_07,2025-02-08,Inventory,31901.59,0
DST_07,2025-02-09,Inventory,40383.72,0
DST_07,2025-02-10,Inventory,50659.13,0
DST_07,2025-02-11,Inventory,64362.39,0
DST_07,2025-02-12,Inventory,31499.07,0
DST_07,2025-02-13,Inventory,64189.62,0
DST_07,2025-02-14,Inventory,26118.33,0
DST_07,2025-02-15,Inventory,22660.44,0
DST_07,2025-02-16,Inventory,29505.13,0
DST_07,2025-02-17,Inventory,29092.37,0
DST_07,2025-02-18,Inventory,26697.24,0
DST_07,2025-02-19,Inventory,24695.35,0
DST_07,2025-02-20,Inventory,23494.77,0
DST_07,2025-02-21,Inventory,17861.9,0
DST_07,2025-02-22,Inventory,44305.25,0
DST_07,2025-02-23,Inventory,21955.32,0
DST_07,2025-02-24,Inventory,44527.68,0
DST_07,2025-02-25,Inventory,15659.36,0
DST_07,2025-02-26,Inventory,44629.44,0
DST_07,2025-02-27,Inventory,42146.32,0
DST_07,2025-02-28,Inventory,49800.34,0
DST_07,2025-03-01,Inventory,34859.38,0
DST_07,2025-03-02,Inventory,28688.43,0
DST_07,2025-03-03,Inventory,27795.2,0
DST_07,2025-03-04,Inventory,24799.62,0
DST_07,2025-03-05,Inventory,42603.4,0
DST_07,2025-03-06,Inventory,37785.99,0
DST_07,2025-03-07,Inventory,46452.02,0
DST_07,2025-03-08,Inventory,40882.82,0
DST_07,2025-03-09,Inventory,24085.41,0
DST_07,2025-03-10,Inventory,15826.38,0
DST_07,2025-03-11,Inventory,31506.38,0
DST_07,2025-03-12,Inventory,40805.84,0
DST_07,2025-03-13,Inventory,56676.92,0
DST_07,2025-03-14,Inventory,32826.72,0
DST_07,2025-03-15,Inventory,43755.8,0
DST_07,2025-03-16,Inventory,35575.83,0
DST_07,2025-03-17,Inventory,65742.11,0
DST_07,2025-03-18,Inventory,24559.04,0
DST_07,2025-03-19,Inventory,44979.53,0
DST_07,2025-03-20,Inventory,30536.61,0
DST_07,2025-03-21,Inventory,40693.03,0
DST_07,2025-03-22,Inventory,39640.39,0
DST_07,2025-03-23,Inventory,43602.74,0
DST_07,2025-03-24,Inventory,25684.08,0
DST_07,2025-03-25,Inventory,26377.45,0
DST_07,2025-03-26,Inventory,25416.81,0
DST_07,2025-03-27,Inventory,17087.96,0
DST_07,2025-03-28,Inventory,43216.33,0
DST_07,2025-03-29,Inventory,27599.0,0
DST_07,2025-03-30,Inventory,27033.96,0
DST_07,2025-03-31,Inventory,38822.51,0
DST_07,2025-04-01,Inventory,47368.55,0
DST_07,2025-04-02,Inventory,13284.17,0
DST_07,2025-04-03,Inventory,20787.46,0
DST_07,2025-04-04,Inventory,38991.83,0
DST_07,2025-04-05,Inventory,23810.28,0
DST_07,2025-04-06,Inventory,30701.22,0
DST_07,2025-04-07,Inventory,61089.89,0
DST_07,2025-04-08,Inventory,25070.63,0
DST_07,2025-04-09,Inventory,35250.96,0
DST_07,2025-04-10,Inventory,38450.73,0
DST_08,2025-01-01,Inventory,30874.82,0
DST_08,2025-01-02,Inventory,32981.93,0
DST_08,2025-01-03,Inventory,47040.64,0
DST_08,2025-01-04,Inventory,33585.5,0
DST_08,2025-01-05,Inventory,29853.32,0
DST_08,2025-01-06,Inventory,34365.05,0
DST_08,2025-01-07,Inventory,20817.74,0
DST_08,2025-01-08,Inventory,30975.18,0
DST_08,2025-01-09,Inventory,17784.98,0
DST_08,2025-01-10,Inventory,55553.42,0
DST_08,2025-01-11,Inventory,46056.27,0
DST_08,2025-01-12,Inventory,34490.86,0
DST_08,2025-01-13,Inventory,55293.7,0
DST_08,2025-01-14,Inventory,23637.3,0
DST_08,2025-01-15,Inventory,23033.42,0
DST_08,2025-01-16,Inventory,24293.46,0
DST_08,2025-01-17,Inventory,37365.65,0
DST_08,2025-01-18,Inventory,19561.78,0
DST_08,2025-01-19,Inventory,37567.53,0
DST_08,2025-01-20,Inventory,42551.07,0
DST_08,2025-01-21,Inventory,19934.16,0
DST_08,2025-01-22,Inventory,20941.5,0
DST_08,2025-01-23,Inventory,53934.53,0
DST_08,2025-01-24,Inventory,24756.49,0
DST_08,2025-01-25,Inventory,36659.36,0
DST_08,2025-01-26,Inventory,39938.33,0
DST_08,2025-01-27,Inventory,44919.47,0
DST_08,2025-01-28,Inventory,46091.56,0
DST_08,2025-01-29,Inventory,27920.57,0
DST_08,2025-01-30,Inventory,49931.03,0
DST_08,2025-01-31,Inventory,39672.74,0
DST_08,2025-02-01,Inventory,39673.45,0
DST_08,2025-02-02,Inventory,37495.4,0
DST_08,2025-02-03,Inventory,62610.26,0
DST_08,2025-02-04,Inventory,38291.0,0
DST_08,2025-02-05,Inventory,46900.41,0
DST_08,2025-02-06,Inventory,65786.03,0
DST_08,2025-02-07,Inventory,26691.95,0
DST_08,2025-02-08,Inventory,26171.66,0
DST_08,2025-02-09,Inventory,45531.82,0
DST_08,2025-02-10,Inventory,16678.01,0
DST_08,2025-02-11,Inventory,41436.83,0
DST_08,2025-02-12,Inventory,27544.17,0
DST_08,2025-02-13,Inventory,38158.48,0
DST_08,2025-02-14,Inventory,27540.31,0
DST_08,2025-02-15,Inventory,32499.29,0
DST_08,2025-02-16,Inventory,25564.82,0
DST_08,2025-02-17,Inventory,45440.41,0
DST_08,2025-02-18,Inventory,66412.39,0
DST_08,2025-02-19,Inventory,39448.0,0
DST_08,2025-02-20,Inventory,40437.19,0
DST_08,2025-02-21,Inventory,43405.95,0
DST_08,2025-02-22,Inventory,36276.92,0
DST_08,2025-02-23,Inventory,28791.73,0
DST_08,2025-02-24,Inventory,16798.88,0
DST_08,2025-02-25,Inventory,47410.51,0
DST_08,2025-02-26,Inventory,46143.02,0
DST_08,2025-02-27,Inventory,64019.01,0
DST_08,2025-02-28,Inventory,48208.73,0
DST_08,2025-03-01,Inventory,47763.29,0
DST_08,2025-03-02,Inventory,15235.26,0
DST_08,2025-03-03,Inventory,19389.62,0
DST_08,2025-03-04,Inventory,32659.73,0
DST_08,2025-03-05,Inventory,29312.25,0
DST_08,2025-03-06,Inventory,49605.99,0
DST_08,2025-03-07,Inventory,27218.82,0
DST_08,2025-03-08,Inventory,43076.53,0
DST_08,2025-03-09,Inventory,28817.89,0
DST_08,2025-03-10,Inventory,51638.37,0
DST_08,2025-03-11,Inventory,46602.93,0
DST_08,2025-03-12,Inventory,62294.85,0
DST_08,2025-03-13,Inventory,35519.25,0
DST_08,2025-03-14,Inventory,41236.12,0
DST_08,2025-03-15,Inventory,38744.5,0
DST_08,2025-03-16,Inventory,25434.84,0
DST_08,2025-03-17,Inventory,24862.26,0
DST_08,2025-03-18,Inventory,46945.88,0
DST_08,2025-03-19,Inventory,31191.66,0
DST_08,2025-03-20,Inventory,58166.25,0
DST_08,2025-03-21,Inventory,21735.77,0
DST_08,2025-03-22,Inventory,12623.91,0
DST_08,2025-03-23,Inventory,22055.71,0
DST_08,2025-03-24,Inventory,51504.74,0
DST_08,2025-03-25,Inventory,49987.15,0
DST_08,2025-03-26,Inventory,26970.09,0
DST_08,2025-03-27,Inventory,26786.28,0
DST_08,2025-03-28,Inventory,33561.95,0
DST_08,2025-03-29,Inventory,31326.6,0
DST_08,2025-03-30,Inventory,46877.15,0
DST_08,2025-03-31,Inventory,45406.55,0
DST_08,2025-04-01,Inventory,35756.32,0
DST_08,2025-04-02,Inventory,31847.37,0
DST_08,2025-04-03,Inventory,29493.7,0
DST_08,2025-04-04,Inventory,28317.15,0
DST_08,2025-04-05,Inventory,45169.6,0
DST_08,2025-04-06,Inventory,27569.55,0
DST_08,2025-04-07,Inventory,27389.05,0
DST_08,2025-04-08,Inventory,50093.79,0
DST_08,2025-04-09,Inventory,35597.32,0
DST_08,2025-04-10,Inventory,21625.46,0
RTL_01,2025-01-01,Inventory,59695.99,0
RTL_01,2025-01-02,Inventory,78125.52,0
RTL_01,2025-01-03,Inventory,58445.79,0
RTL_01,2025-01-04,Inventory,35341.06,0
RTL_01,2025-01-05,Inventory,25682.08,0
RTL_01,2025-01-06,Inventory,53472.27,0
RTL_01,2025-01-07,Inventory,55494.06,0
RTL_01,2025-01-08,Inventory,53309.21,0
RTL_01,2025-01-09,Inventory,34783.42,0
RTL_01,2025-01-10,Inventory,32864.99,0
RTL_01,2025-01-11,Inventory,27580.75,0
RTL_01,2025-01-12,Inventory,34018.08,0
RTL_01,2025-01-13,Inventory,65712.55,0
RTL_01,2025-01-14,Inventory,59951.68,0
RTL_01,2025-01-15,Inventory,27632.77,0
RTL_01,2025-01-16,Inventory,38677.11,0
RTL_01,2025-01-17,Inventory,41038.17,0
RTL_01,2025-01-18,Inventory,63875.23,0
RTL_01,2025-01-19,Inventory,25968.1,0
RTL_01,2025-01-20,Inventory,40748.56,0
RTL_01,2025-01-21,Inventory,30669.48,0
RTL_01,2025-01-22,Inventory,51188.51,0
RTL_01,2025-01-23,Inventory,61917.62,0
RTL_01,2025-01-24,Inventory,55304.81,0
RTL_01,2025-01-25,Inventory,60919.38,0
RTL_01,2025-01-26,Inventory,53698.16,0
RTL_01,2025-01-27,Inventory,32852.39,0
RTL_01,2025-01-28,Inventory,27900.12,0
RTL_01,2025-01-29,Inventory,53793.84,0
RTL_01,2025-01-30,Inventory,52616.22,0
RTL_01,2025-01-31,Inventory,33604.82,0
RTL_01,2025-02-01,Inventory,27355.69,0
RTL_01,2025-02-02,Inventory,42819.99,0
RTL_01,2025-02-03,Inventory,17829.25,0
RTL_01,2025-02-04,Inventory,36902.98,0
RTL_01,2025-02-05,Inventory,32053.2,0
RTL_01,2025-02-06,Inventory,59887.26,0
RTL_01,2025-02-07,Inventory,35750.42,0
RTL_01,2025-02-08,Inventory,24892.6,0
RTL_01,2025-02-09,Inventory,40947.71,0
RTL_01,2025-02-10,Inventory,32425.49,0
RTL_01,2025-02-11,Inventory,39557.99,0
RTL_01,2025-02-12,Inventory,34636.77,0
RTL_01,2025-02-13,Inventory,42935.98,0
RTL_01,2025-02-14,Inventory,78280.14,0
RTL_01,2025-02-15,Inventory,51865.05,0
RTL_01,2025-02-16,Inventory,35004.86,0
RTL_01,2025-02-17,Inventory,73492.38,0
RTL_01,2025-02-18,Inventory,47702.03,0
RTL_01,2025-02-19,Inventory,66058.86,0
RTL_01,2025-02-20,Inventory,84257.29,0
RTL_01,2025-02-21,Inventory,28986.51,0
RTL_01,2025-02-22,Inventory,66320.19,0
RTL_01,2025-02-23,Inventory,34525.21,0
RTL_01,2025-02-24,Inventory,74026.39,0
RTL_01,2025-02-25,Inventory,55599.5,0
RTL_01,2025-02-26,Inventory,53461.99,0
RTL_01,2025-02-27,Inventory,23059.31,0
RTL_01,2025-02-28,Inventory,31881.47,0
RTL_01,2025-03-01,Inventory,23891.36,0
RTL_01,2025-03-02,Inventory,33752.79,0
RTL_01,2025-03-03,Inventory,35605.0,0
RTL_01,2025-03-04,Inventory,57691.43,0
RTL_01,2025-03-05,Inventory,38712.18,0
RTL_01,2025-03-06,Inventory,29469.85,0
RTL_01,2025-03-07,Inventory,56194.47,0
RTL_01,2025-03-08,Inventory,54754.75,0
RTL_01,2025-03-09,Inventory,40891.65,0
RTL_01,2025-03-10,Inventory,60522.79,0
RTL_01,2025-03-11,Inventory,59369.49,0
RTL_01,2025-03-12,Inventory,29839.4,0
RTL_01,2025-03-13,Inventory,40557.52,0
RTL_01,2025-03-14,Inventory,47971.96,0
RTL_01,2025-03-15,Inventory,27486.27,0
RTL_01,2025-03-16,Inventory,43941.14,0
RTL_01,2025-03-17,Inventory,26014.51,0
RTL_01,2025-03-18,Inventory,50687.06,0
RTL_01,2025-03-19,Inventory,32386.05,0
RTL_01,2025-03-20,Inventory,48092.24,0
RTL_01,2025-03-21,Inventory,53453.49,0
RTL_01,2025-03-22,Inventory,54777.89,0
RTL_01,2025-03-23,Inventory,34368.56,0
RTL_01,2025-03-24,Inventory,37183.87,0
RTL_01,2025-03-25,Inventory,49356.61,0
RTL_01,2025-03-26,Inventory,27874.06,0
RTL_01,2025-03-27,Inventory,28439.99,0
RTL_01,2025-03-28,Inventory,60446.58,0
RTL_01,2025-03-29,Inventory,55457.29,0
RTL_01,2025-03-30,Inventory,56390.32,0
RTL_01,2025-03-31,Inventory,54099.91,0
RTL_01,2025-04-01,Inventory,31818.37,0
RTL_01,2025-04-02,Inventory,18306.12,0
RTL_01,2025-04-03,Inventory,32002.36,0
RTL_01,2025-04-04,Inventory,40092.57,0
RTL_01,2025-04-05,Inventory,50910.29,0
RTL_01,2025-04-06,Inventory,55043.85,0
RTL_01,2025-04-07,Inventory,35715.49,0
RTL_01,2025-04-08,Inventory,60211.9,0
RTL_01,2025-04-09,Inventory,50528.03,0
RTL_01,2025-04-10,Inventory,45760.93,0
RTL_02,2025-01-01,Inventory,32336.76,0
RTL_02,2025-01-02,Inventory,56042.53,0
RTL_02,2025-01-03,Inventory,56997.35,0
RTL_02,2025-01-04,Inventory,51318.73,0
RTL_02,2025-01-05,Inventory,23937.67,0
RTL_02,2025-01-06,Inventory,63714.4,0
RTL_02,2025-01-07,Inventory,34313.67,0
RTL_02,2025-01-08,Inventory,33377.8,0
RTL_02,2025-01-09,Inventory,24311.31,0
RTL_02,2025-01-10,Inventory,47866.51,0
RTL_02,2025-01-11,Inventory,45857.71,0
RTL_02,2025-01-12,Inventory,28894.0,0
RTL_02,2025-01-13,Inventory,34696.93,0
RTL_02,2025-01-14,Inventory,59397.68,0
RTL_02,2025-01-15,Inventory,30006.81,0
RTL_02,2025-01-16,Inventory,37927.73,0
RTL_02,2025-01-17,Inventory,45176.4,0
RTL_02,2025-01-18,Inventory,22219.6,0
RTL_02,2025-01-19,Inventory,55770.84,0
RTL_02,2025-01-20,Inventory,28437.39,0
RTL_02,2025-01-21,Inventory,49303.32,0
RTL_02,2025-01-22,Inventory,30743.53,0
RTL_02,2025-01-23,Inventory,63453.52,0
RTL_02,2025-01-24,Inventory,53442.57,0
RTL_02,2025-01-25,Inventory,58880.12,0
RTL_02,2025-01-26,Inventory,35297.66,0
RTL_02,2025-01-27,Inventory,24415.42,0
RTL_02,2025-01-28,Inventory,70483.86,0
RTL_02,2025-01-29,Inventory,56759.18,0
RTL_02,2025-01-30,Inventory,59994.46,0
RTL_02,2025-01-31,Inventory,31878.87,0
RTL_02,2025-02-01,Inventory,36953.57,0
RTL_02,2025-02-02,Inventory,26093.17,0
RTL_02,2025-02-03,Inventory,50040.17,0
RTL_02,2025-02-04,Inventory,67396.36,0
RTL_02,2025-02-05,Inventory,23947.93,0
RTL_02,2025-02-06,Inventory,30850.51,0
RTL_02,2025-02-07,Inventory,51436.07,0
RTL_02,2025-02-08,Inventory,61583.55,0
RTL_02,2025-02-09,Inventory,49902.61,0
RTL_02,2025-02-10,Inventory,44255.03,0
RTL_02,2025-02-11,Inventory,47108.91,0
RTL_02,2025-02-12,Inventory,55362.02,0
RTL_02,2025-02-13,Inventory,60674.7,0
RTL_02,2025-02-14,Inventory,60128.32,0
RTL_02,2025-02-15,Inventory,36425.55,0
RTL_02,2025-02-16,Inventory,21757.36,0
RTL_02,2025-02-17,Inventory,35916.97,0
RTL_02,2025-02-18,Inventory,55876.95,0
RTL_02,2025-02-19,Inventory,31816.72,0
RTL_02,2025-02-20,Inventory,22739.94,0
RTL_02,2025-02-21,Inventory,37174.0,0
RTL_02,2025-02-22,Inventory,48891.61,0
RTL_02,2025-02-23,Inventory,35537.58,0
RTL_02,2025-02-24,Inventory,21345.85,0
RTL_02,2025-02-25,Inventory,48331.3,0
RTL_02,2025-02-26,Inventory,29665.16,1
RTL_02,2025-02-27,Inventory,18867.34,0
RTL_02,2025-02-28,Inventory,57422.3,0
RTL_02,2025-03-01,Inventory,27334.08,0
RTL_02,2025-03-02,Inventory,37787.01,0
RTL_02,2025-03-03,Inventory,26835.02,0
RTL_02,2025-03-04,Inventory,27152.13,0
RTL_02,2025-03-05,Inventory,26568.52,0
RTL_02,2025-03-06,Inventory,42332.61,0
RTL_02,2025-03-07,Inventory,28607.41,0
RTL_02,2025-03-08,Inventory,65978.28,0
RTL_02,2025-03-09,Inventory,51086.71,1
RTL_02,2025-03-10,Inventory,30907.06,0
RTL_02,2025-03-11,Inventory,31045.5,0
RTL_02,2025-03-12,Inventory,36904.47,0
RTL_02,2025-03-13,Inventory,25159.52,0
RTL_02,2025-03-14,Inventory,66346.75,0
RTL_02,2025-03-15,Inventory,34895.62,0
RTL_02,2025-03-16,Inventory,32527.95,0
RTL_02,2025-03-17,Inventory,68117.54,1
RTL_02,2025-03-18,Inventory,30780.35,0
RTL_02,2025-03-19,Inventory,29418.24,0
RTL_02,2025-03-20,Inventory,30525.96,0
RTL_02,2025-03-21,Inventory,34115.7,0
RTL_02,2025-03-22,Inventory,17124.45,0
RTL_02,2025-03-23,Inventory,34428.62,0
RTL_02,2025-03-24,Inventory,37128.6,0
RTL_02,2025-03-25,Inventory,31771.11,0
RTL_02,2025-03-26,Inventory,65028.01,0
RTL_02,2025-03-27,Inventory,52392.56,0
RTL_02,2025-03-28,Inventory,23573.09,1
RTL_02,2025-03-29,Inventory,79162.12,0
RTL_02,2025-03-30,Inventory,33880.66,1
RTL_02,2025-03-31,Inventory,56512.94,1
RTL_02,2025-04-01,Inventory,62912.15,0
RTL_02,2025-04-02,Inventory,44231.24,1
RTL_02,2025-04-03,Inventory,41492.48,1
RTL_02,2025-04-04,Inventory,56040.44,0
RTL_02,2025-04-05,Inventory,27846.97,0
RTL_02,2025-04-06,Inventory,70359.57,0
RTL_02,2025-04-07,Inventory,23074.93,0
RTL_02,2025-04-08,Inventory,29563.2,0
RTL_02,2025-04-09,Inventory,49961.39,0
RTL_02,2025-04-10,Inventory,54785.09,1
RTL_03,2025-01-01,Inventory,44982.64,0
RTL_03,2025-01-02,Inventory,29890.54,0
RTL_03,2025-01-03,Inventory,42885.83,0
RTL_03,2025-01-04,Inventory,41127.73,0
RTL_03,2025-01-05,Inventory,30081.22,0
RTL_03,2025-01-06,Inventory,65177.41,0
RTL_03,2025-01-07,Inventory,60340.57,0
RTL_03,2025-01-08,Inventory,43502.06,0
RTL_03,2025-01-09,Inventory,46420.73,0
RTL_03,2025-01-10,Inventory,27513.21,0
RTL_03,2025-01-11,Inventory,25878.38,0
RTL_03,2025-01-12,Inventory,60078.86,0
RTL_03,2025-01-13,Inventory,44792.97,0
RTL_03,2025-01-14,Inventory,39951.71,0
RTL_03,2025-01-15,Inventory,44811.13,0
RTL_03,2025-01-16,Inventory,37195.06,0
RTL_03,2025-01-17,Inventory,49546.5,0
RTL_03,2025-01-18,Inventory,32474.61,0
RTL_03,2025-01-19,Inventory,29265.41,0
RTL_03,2025-01-20,Inventory,39281.91,0
RTL_03,2025-01-21,Inventory,72547.63,0
RTL_03,2025-01-22,Inventory,51713.71,0
RTL_03,2025-01-23,Inventory,39380.7,0
RTL_03,2025-01-24,Inventory,66564.59,0
RTL_03,2025-01-25,Inventory,27964.02,0
RTL_03,2025-01-26,Inventory,58444.79,0
RTL_03,2025-01-27,Inventory,24482.57,0
RTL_03,2025-01-28,Inventory,54828.89,0
RTL_03,2025-01-29,Inventory,32644.65,0
RTL_03,2025-01-30,Inventory,50893.19,0
RTL_03,2025-01-31,Inventory,38013.81,0
RTL_03,2025-02-01,Inventory,35629.83,0
RTL_03,2025-02-02,Inventory,31825.71,0
RTL_03,2025-02-03,Inventory,35248.51,0
RTL_03,2025-02-04,Inventory,55857.19,0
RTL_03,2025-02-05,Inventory,46525.62,0
RTL_03,2025-02-06,Inventory,31008.65,0
RTL_03,2025-02-07,Inventory,64116.69,0
RTL_03,2025-02-08,Inventory,36431.03,0
RTL_03,2025-02-09,Inventory,38511.7,0
RTL_03,2025-02-10,Inventory,60564.03,0
RTL_03,2025-02-11,Inventory,30419.06,0
RTL_03,2025-02-12,Inventory,55193.46,0
RTL_03,2025-02-13,Inventory,50036.32,0
RTL_03,2025-02-14,Inventory,62843.46,0
RTL_03,2025-02-15,Inventory,26914.09,0
RTL_03,2025-02-16,Inventory,29160.43,0
RTL_03,2025-02-17,Inventory,23449.62,0
RTL_03,2025-02-18,Inventory,43812.25,0
RTL_03,2025-02-19,Inventory,50197.48,0
RTL_03,2025-02-20,Inventory,71341.52,0
RTL_03,2025-02-21,Inventory,17871.99,0
RTL_03,2025-02-22,Inventory,33342.9,0
RTL_03,2025-02-23,Inventory,64516.99,1
RTL_03,2025-02-24,Inventory,51319.54,0
RTL_03,2025-02-25,Inventory,47893.54,1
RTL_03,2025-02-26,Inventory,31870.97,0
RTL_03,2025-02-27,Inventory,43826.4,1
RTL_03,2025-02-28,Inventory,27177.6,0
RTL_03,2025-03-01,Inventory,41926.96,0
RTL_03,2025-03-02,Inventory,34412.45,1
RTL_03,2025-03-03,Inventory,24310.78,1
RTL_03,2025-03-04,Inventory,48680.87,0
RTL_03,2025-03-05,Inventory,56912.9,0
RTL_03,2025-03-06,Inventory,32930.61,1
RTL_03,2025-03-07,Inventory,48765.56,0
RTL_03,2025-03-08,Inventory,53850.33,0
RTL_03,2025-03-09,Inventory,44702.17,1
RTL_03,2025-03-10,Inventory,28671.19,1
RTL_03,2025-03-11,Inventory,59504.09,1
RTL_03,2025-03-12,Inventory,30719.41,0
RTL_03,2025-03-13,Inventory,63257.32,0
RTL_03,2025-03-14,Inventory,36839.75,0
RTL_03,2025-03-15,Inventory,40829.32,1
RTL_03,2025-03-16,Inventory,37117.0,0
RTL_03,2025-03-17,Inventory,67678.97,0
RTL_03,2025-03-18,Inventory,32126.0,1
RTL_03,2025-03-19,Inventory,33795.46,0
RTL_03,2025-03-20,Inventory,51056.93,0
RTL_03,2025-03-21,Inventory,51874.71,1
RTL_03,2025-03-22,Inventory,30337.38,0
RTL_03,2025-03-23,Inventory,36870.73,1
RTL_03,2025-03-24,Inventory,79767.26,0
RTL_03,2025-03-25,Inventory,56103.24,1
RTL_03,2025-03-26,Inventory,45723.35,0
RTL_03,2025-03-27,Inventory,30526.16,0
RTL_03,2025-03-28,Inventory,38237.59,0
RTL_03,2025-03-29,Inventory,33620.15,0
RTL_03,2025-03-30,Inventory,38326.69,0
RTL_03,2025-03-31,Inventory,71887.2,0
RTL_03,2025-04-01,Inventory,70268.87,1
RTL_03,2025-04-02,Inventory,56315.54,1
RTL_03,2025-04-03,Inventory,34755.86,0
RTL_03,2025-04-04,Inventory,59089.06,1
RTL_03,2025-04-05,Inventory,22667.55,1
RTL_03,2025-04-06,Inventory,33258.44,0
RTL_03,2025-04-07,Inventory,42747.86,0
RTL_03,2025-04-08,Inventory,20485.34,0
RTL_03,2025-04-09,Inventory,61238.17,1
RTL_03,2025-04-10,Inventory,45125.79,0
RTL_04,2025-01-01,Inventory,24978.95,0
RTL_04,2025-01-02,Inventory,35497.57,0
RTL_04,2025-01-03,Inventory,68017.1,0
RTL_04,2025-01-04,Inventory,59152.6,0
RTL_04,2025-01-05,Inventory,38013.05,0
RTL_04,2025-01-06,Inventory,24840.01,0
RTL_04,2025-01-07,Inventory,28382.64,0
RTL_04,2025-01-08,Inventory,28987.75,0
RTL_04,2025-01-09,Inventory,25877.75,0
RTL_04,2025-01-10,Inventory,30388.82,0
RTL_04,2025-01-11,Inventory,46019.8,0
RTL_04,2025-01-12,Inventory,58988.76,0
RTL_04,2025-01-13,Inventory,26912.1,0
RTL_04,2025-01-14,Inventory,28185.86,0
RTL_04,2025-01-15,Inventory,69118.08,0
RTL_04,2025-01-16,Inventory,56603.9,0
RTL_04,2025-01-17,Inventory,25754.93,0
RTL_04,2025-01-18,Inventory,38721.09,0
RTL_04,2025-01-19,Inventory,51257.44,0
RTL_04,2025-01-20,Inventory,49944.66,0
RTL_04,2025-01-21,Inventory,26201.44,0
RTL_04,2025-01-22,Inventory,44570.52,0
RTL_04,2025-01-23,Inventory,52180.21,0
RTL_04,2025-01-24,Inventory,67059.91,0
RTL_04,2025-01-25,Inventory,52840.18,0
RTL_04,2025-01-26,Inventory,24335.12,0
RTL_04,2025-01-27,Inventory,48767.5,0
RTL_04,2025-01-28,Inventory,33348.11,0
RTL_04,2025-01-29,Inventory,40518.98,0
RTL_04,2025-01-30,Inventory,39185.73,0
RTL_04,2025-01-31,Inventory,68681.76,0
RTL_04,2025-02-01,Inventory,47837.27,0
RTL_04,2025-02-02,Inventory,78091.73,0
RTL_04,2025-02-03,Inventory,58826.35,0
RTL_04,2025-02-04,Inventory,67388.91,0
RTL_04,2025-02-05,Inventory,31165.71,0
RTL_04,2025-02-06,Inventory,24651.4,0
RTL_04,2025-02-07,Inventory,60946.53,0
RTL_04,2025-02-08,Inventory,61828.84,0
RTL_04,2025-02-09,Inventory,41418.79,0
RTL_04,2025-02-10,Inventory,41711.06,0
RTL_04,2025-02-11,Inventory,31049.01,0
RTL_04,2025-02-12,Inventory,23112.34,0
RTL_04,2025-02-13,Inventory,59311.94,0
RTL_04,2025-02-14,Inventory,23922.3,0
RTL_04,2025-02-15,Inventory,39490.01,0
RTL_04,2025-02-16,Inventory,30548.78,0
RTL_04,2025-02-17,Inventory,37983.83,0
RTL_04,2025-02-18,Inventory,53727.23,0
RTL_04,2025-02-19,Inventory,30977.2,0
RTL_04,2025-02-20,Inventory,65716.18,0
RTL_04,2025-02-21,Inventory,53621.86,0
RTL_04,2025-02-22,Inventory,32234.43,0
RTL_04,2025-02-23,Inventory,51145.22,0
RTL_04,2025-02-24,Inventory,62593.73,0
RTL_04,2025-02-25,Inventory,53430.96,0
RTL_04,2025-02-26,Inventory,35623.73,0
RTL_04,2025-02-27,Inventory,35068.89,0
RTL_04,2025-02-28,Inventory,32300.51,0
RTL_04,2025-03-01,Inventory,68164.62,0
RTL_04,2025-03-02,Inventory,30658.35,0
RTL_04,2025-03-03,Inventory,66997.89,0
RTL_04,2025-03-04,Inventory,45386.66,0
RTL_04,2025-03-05,Inventory,37142.93,0
RTL_04,2025-03-06,Inventory,55457.03,0
RTL_04,2025-03-07,Inventory,36365.69,0
RTL_04,2025-03-08,Inventory,42097.47,0
RTL_04,2025-03-09,Inventory,67500.44,0
RTL_04,2025-03-10,Inventory,30691.08,0
RTL_04,2025-03-11,Inventory,71394.35,0
RTL_04,2025-03-12,Inventory,28064.86,0
RTL_04,2025-03-13,Inventory,41131.56,0
RTL_04,2025-03-14,Inventory,49705.19,0
RTL_04,2025-03-15,Inventory,27022.28,0
RTL_04,2025-03-16,Inventory,69746.01,0
RTL_04,2025-03-17,Inventory,29406.17,0
RTL_04,2025-03-18,Inventory,27059.25,0
RTL_04,2025-03-19,Inventory,58937.21,0
RTL_04,2025-03-20,Inventory,44070.0,0
RTL_04,2025-03-21,Inventory,57929.43,0
RTL_04,2025-03-22,Inventory,44115.53,0
RTL_04,2025-03-23,Inventory,40247.69,0
RTL_04,2025-03-24,Inventory,80028.2,0
RTL_04,2025-03-25,Inventory,44401.38,0
RTL_04,2025-03-26,Inventory,48722.36,0
RTL_04,2025-03-27,Inventory,49761.65,0
RTL_04,2025-03-28,Inventory,39712.81,0
RTL_04,2025-03-29,Inventory,52112.14,0
RTL_04,2025-03-30,Inventory,31903.8,0
RTL_04,2025-03-31,Inventory,67699.09,0
RTL_04,2025-04-01,Inventory,27709.39,0
RTL_04,2025-04-02,Inventory,37364.92,0
RTL_04,2025-04-03,Inventory,36263.1,0
RTL_04,2025-04-04,Inventory,31613.27,0
RTL_04,2025-04-05,Inventory,80213.31,0
RTL_04,2025-04-06,Inventory,55815.38,0
RTL_04,2025-04-07,Inventory,32278.26,0
RTL_04,2025-04-08,Inventory,28324.51,0
RTL_04,2025-04-09,Inventory,41634.72,0
RTL_04,2025-04-10,Inventory,75911.99,0
RTL_05,2025-01-01,Inventory,30532.37,0
RTL_05,2025-01-02,Inventory,46274.74,0
RTL_05,2025-01-03,Inventory,81068.64,0
RTL_05,2025-01-04,Inventory,67739.41,0
RTL_05,2025-01-05,Inventory,21023.75,0
RTL_05,2025-01-06,Inventory,52659.75,0
RTL_05,2025-01-07,Inventory,39052.29,0
RTL_05,2025-01-08,Inventory,27444.59,0
RTL_05,2025-01-09,Inventory,75652.96,0
RTL_05,2025-01-10,Inventory,74136.28,0
RTL_05,2025-01-11,Inventory,56238.4,0
RTL_05,2025-01-12,Inventory,48732.04,0
RTL_05,2025-01-13,Inventory,47905.61,0
RTL_05,2025-01-14,Inventory,73007.68,0
RTL_05,2025-01-15,Inventory,26024.15,0
RTL_05,2025-01-16,Inventory,44146.84,0
RTL_05,2025-01-17,Inventory,41221.31,0
RTL_05,2025-01-18,Inventory,62948.34,0
RTL_05,2025-01-19,Inventory,31807.87,0
RTL_05,2025-01-20,Inventory,69941.71,0
RTL_05,2025-01-21,Inventory,34550.51,0
RTL_05,2025-01-22,Inventory,42017.13,0
RTL_05,2025-01-23,Inventory,67703.29,0
RTL_05,2025-01-24,Inventory,32840.51,0
RTL_05,2025-01-25,Inventory,42148.54,0
RTL_05,2025-01-26,Inventory,71331.08,0
RTL_05,2025-01-27,Inventory,33264.1,0
RTL_05,2025-01-28,Inventory,48474.86,0
RTL_05,2025-01-29,Inventory,22891.27,0
RTL_05,2025-01-30,Inventory,53616.03,0
RTL_05,2025-01-31,Inventory,85132.02,0
RTL_05,2025-02-01,Inventory,42598.6,0
RTL_05,2025-02-02,Inventory,25415.21,0
RTL_05,2025-02-03,Inventory,31539.15,0
RTL_05,2025-02-04,Inventory,24629.96,0
RTL_05,2025-02-05,Inventory,33844.01,0
RTL_05,2025-02-06,Inventory,41634.26,0
RTL_05,2025-02-07,Inventory,51500.87,0
RTL_05,2025-02-08,Inventory,50637.77,0
RTL_05,2025-02-09,Inventory,29699.64,0
RTL_05,2025-02-10,Inventory,46825.6,0
RTL_05,2025-02-11,Inventory,34319.93,0
RTL_05,2025-02-12,Inventory,63978.16,0
RTL_05,2025-02-13,Inventory,58739.98,0
RTL_05,2025-02-14,Inventory,36053.27,0
RTL_05,2025-02-15,Inventory,39535.04,0
RTL_05,2025-02-16,Inventory,48804.51,0
RTL_05,2025-02-17,Inventory,40377.73,0
RTL_05,2025-02-18,Inventory,21725.1,0
RTL_05,2025-02-19,Inventory,76523.42,0
RTL_05,2025-02-20,Inventory,28849.8,0
RTL_05,2025-02-21,Inventory,32015.92,0
RTL_05,2025-02-22,Inventory,43187.72,0
RTL_05,2025-02-23,Inventory,46935.92,0
RTL_05,2025-02-24,Inventory,44744.64,0
RTL_05,2025-02-25,Inventory,61135.6,0
RTL_05,2025-02-26,Inventory,32296.26,0
RTL_05,2025-02-27,Inventory,81887.84,0
RTL_05,2025-02-28,Inventory,33049.88,0
RTL_05,2025-03-01,Inventory,21166.6,0
RTL_05,2025-03-02,Inventory,48646.69,0
RTL_05,2025-03-03,Inventory,34065.94,0
RTL_05,2025-03-04,Inventory,44924.45,0
RTL_05,2025-03-05,Inventory,37181.65,0
RTL_05,2025-03-06,Inventory,38603.89,0
RTL_05,2025-03-07,Inventory,36984.32,0
RTL_05,2025-03-08,Inventory,29911.38,0
RTL_05,2025-03-09,Inventory,59555.06,0
RTL_05,2025-03-10,Inventory,60481.87,0
RTL_05,2025-03-11,Inventory,59307.66,0
RTL_05,2025-03-12,Inventory,53741.85,0
RTL_05,2025-03-13,Inventory,59473.18,0
RTL_05,2025-03-14,Inventory,59143.24,0
RTL_05,2025-03-15,Inventory,86701.95,0
RTL_05,2025-03-16,Inventory,57731.73,0
RTL_05,2025-03-17,Inventory,65765.07,0
RTL_05,2025-03-18,Inventory,22479.98,0
RTL_05,2025-03-19,Inventory,43500.74,0
RTL_05,2025-03-20,Inventory,45617.8,0
RTL_05,2025-03-21,Inventory,18934.11,0
RTL_05,2025-03-22,Inventory,48037.9,0
RTL_05,2025-03-23,Inventory,69372.84,0
RTL_05,2025-03-24,Inventory,65078.75,0
RTL_05,2025-03-25,Inventory,55919.82,0
RTL_05,2025-03-26,Inventory,47645.84,0
RTL_05,2025-03-27,Inventory,63779.9,0
RTL_05,2025-03-28,Inventory,28688.76,0
RTL_05,2025-03-29,Inventory,60943.85,0
RTL_05,2025-03-30,Inventory,27399.2,0
RTL_05,2025-03-31,Inventory,18779.91,0
RTL_05,2025-04-01,Inventory,37398.17,0
RTL_05,2025-04-02,Inventory,17837.04,0
RTL_05,2025-04-03,Inventory,27051.25,0
RTL_05,2025-04-04,Inventory,54070.79,0
RTL_05,2025-04-05,Inventory,40752.76,0
RTL_05,2025-04-06,Inventory,25113.15,0
RTL_05,2025-04-07,Inventory,52856.13,0
RTL_05,2025-04-08,Inventory,67633.5,0
RTL_05,2025-04-09,Inventory,59351.6,0
RTL_05,2025-04-10,Inventory,73679.43,0
RTL_06,2025-01-01,Inventory,41924.0,0
RTL_06,2025-01-02,Inventory,41476.0,0
RTL_06,2025-01-03,Inventory,56827.18,0
RTL_06,2025-01-04,Inventory,48850.1,0
RTL_06,2025-01-05,Inventory,57259.44,0
RTL_06,2025-01-06,Inventory,72047.05,0
RTL_06,2025-01-07,Inventory,43906.81,0
RTL_06,2025-01-08,Inventory,56508.04,0
RTL_06,2025-01-09,Inventory,62895.64,0
RTL_06,2025-01-10,Inventory,27799.25,0
RTL_06,2025-01-11,Inventory,55337.13,0
RTL_06,2025-01-12,Inventory,50061.26,0
RTL_06,2025-01-13,Inventory,34848.49,0
RTL_06,2025-01-14,Inventory,48775.21,0
RTL_06,2025-01-15,Inventory,63869.26,0
RTL_06,2025-01-16,Inventory,26871.62,0
RTL_06,2025-01-17,Inventory,59239.22,0
RTL_06,2025-01-18,Inventory,57698.5,0
RTL_06,2025-01-19,Inventory,63341.3,0
RTL_06,2025-01-20,Inventory,63023.32,0
RTL_06,2025-01-21,Inventory,51358.88,0
RTL_06,2025-01-22,Inventory,40157.77,0
RTL_06,2025-01-23,Inventory,54476.75,0
RTL_06,2025-01-24,Inventory,55781.96,0
RTL_06,2025-01-25,Inventory,69171.84,0
RTL_06,2025-01-26,Inventory,26233.27,0
RTL_06,2025-01-27,Inventory,48710.76,0
RTL_06,2025-01-28,Inventory,74041.31,0
RTL_06,2025-01-29,Inventory,33412.25,0
RTL_06,2025-01-30,Inventory,43976.67,0
RTL_06,2025-01-31,Inventory,64764.86,0
RTL_06,2025-02-01,Inventory,38809.66,0
RTL_06,2025-02-02,Inventory,70093.86,0
RTL_06,2025-02-03,Inventory,46306.07,0
RTL_06,2025-02-04,Inventory,62684.9,0
RTL_06,2025-02-05,Inventory,24320.71,0
RTL_06,2025-02-06,Inventory,82940.7,0
RTL_06,2025-02-07,Inventory,70093.33,0
RTL_06,2025-02-08,Inventory,59018.09,0
RTL_06,2025-02-09,Inventory,53806.93,0
RTL_06,2025-02-10,Inventory,42231.58,0
RTL_06,2025-02-11,Inventory,41772.35,0
RTL_06,2025-02-12,Inventory,13693.75,0
RTL_06,2025-02-13,Inventory,38446.35,0
RTL_06,2025-02-14,Inventory,61997.81,0
RTL_06,2025-02-15,Inventory,58868.66,0
RTL_06,2025-02-16,Inventory,32804.65,0
RTL_06,2025-02-17,Inventory,63972.61,0
RTL_06,2025-02-18,Inventory,65592.79,0
RTL_06,2025-02-19,Inventory,44915.18,0
RTL_06,2025-02-20,Inventory,58895.27,0
RTL_06,2025-02-21,Inventory,54268.79,1
RTL_06,2025-02-22,Inventory,50413.34,0
RTL_06,2025-02-23,Inventory,27795.47,0
RTL_06,2025-02-24,Inventory,33142.04,0
RTL_06,2025-02-25,Inventory,54367.52,0
RTL_06,2025-02-26,Inventory,63554.86,0
RTL_06,2025-02-27,Inventory,67546.2,0
RTL_06,2025-02-28,Inventory,48100.29,0
RTL_06,2025-03-01,Inventory,43779.61,1
RTL_06,2025-03-02,Inventory,19912.56,0
RTL_06,2025-03-03,Inventory,28261.37,0
RTL_06,2025-03-04,Inventory,33951.97,1
RTL_06,2025-03-05,Inventory,78910.83,0
RTL_06,2025-03-06,Inventory,59120.13,1
RTL_06,2025-03-07,Inventory,80128.82,0
RTL_06,2025-03-08,Inventory,19162.1,1
RTL_06,2025-03-09,Inventory,41793.8,0
RTL_06,2025-03-10,Inventory,66955.99,0
RTL_06,2025-03-11,Inventory,35674.93,1
RTL_06,2025-03-12,Inventory,40316.43,0
RTL_06,2025-03-13,Inventory,42259.59,0
RTL_06,2025-03-14,Inventory,36141.86,0
RTL_06,2025-03-15,Inventory,58456.21,0
RTL_06,2025-03-16,Inventory,66245.78,0
RTL_06,2025-03-17,Inventory,44876.08,1
RTL_06,2025-03-18,Inventory,50334.97,0
RTL_06,2025-03-19,Inventory,30577.76,0
RTL_06,2025-03-20,Inventory,36542.7,1
RTL_06,2025-03-21,Inventory,30905.55,1
RTL_06,2025-03-22,Inventory,69183.76,0
RTL_06,2025-03-23,Inventory,30222.42,0
RTL_06,2025-03-24,Inventory,47471.26,0
RTL_06,2025-03-25,Inventory,36318.29,0
RTL_06,2025-03-26,Inventory,41513.69,0
RTL_06,2025-03-27,Inventory,43869.83,0
RTL_06,2025-03-28,Inventory,71354.16,0
RTL_06,2025-03-29,Inventory,29334.67,0
RTL_06,2025-03-30,Inventory,69904.34,1
RTL_06,2025-03-31,Inventory,64826.37,0
RTL_06,2025-04-01,Inventory,62978.96,0
RTL_06,2025-04-02,Inventory,41460.75,0
RTL_06,2025-04-03,Inventory,69266.14,0
RTL_06,2025-04-04,Inventory,61350.97,0
RTL_06,2025-04-05,Inventory,60566.58,1
RTL_06,2025-04-06,Inventory,34856.83,0
RTL_06,2025-04-07,Inventory,44184.01,0
RTL_06,2025-04-08,Inventory,38963.92,1
RTL_06,2025-04-09,Inventory,57233.63,0
RTL_06,2025-04-10,Inventory,48761.74,1
RTL_07,2025-01-01,Inventory,49827.61,0
RTL_07,2025-01-02,Inventory,27769.05,0
RTL_07,2025-01-03,Inventory,47811.02,0
RTL_07,2025-01-04,Inventory,26573.09,0
RTL_07,2025-01-05,Inventory,43788.28,0
RTL_07,2025-01-06,Inventory,33381.66,0
RTL_07,2025-01-07,Inventory,39735.71,0
RTL_07,2025-01-08,Inventory,35014.49,0
RTL_07,2025-01-09,Inventory,22944.88,0
RTL_07,2025-01-10,Inventory,73578.3,0
RTL_07,2025-01-11,Inventory,47717.83,0
RTL_07,2025-01-12,Inventory,37253.91,0
RTL_07,2025-01-13,Inventory,60725.89,0
RTL_07,2025-01-14,Inventory,50620.83,0
RTL_07,2025-01-15,Inventory,55431.28,0
RTL_07,2025-01-16,Inventory,68436.16,0
RTL_07,2025-01-17,Inventory,23559.23,0
RTL_07,2025-01-18,Inventory,70155.07,0
RTL_07,2025-01-19,Inventory,53154.25,0
RTL_07,2025-01-20,Inventory,23847.2,0
RTL_07,2025-01-21,Inventory,45914.66,0
RTL_07,2025-01-22,Inventory,57961.57,0
RTL_07,2025-01-23,Inventory,28846.82,0
RTL_07,2025-01-24,Inventory,30211.9,0
RTL_07,2025-01-25,Inventory,46779.68,0
RTL_07,2025-01-26,Inventory,37688.75,0
RTL_07,2025-01-27,Inventory,57138.89,0
RTL_07,2025-01-28,Inventory,52893.8,0
RTL_07,2025-01-29,Inventory,35506.29,0
RTL_07,2025-01-30,Inventory,29191.79,0
RTL_07,2025-01-31,Inventory,15340.85,0
RTL_07,2025-02-01,Inventory,59101.27,0
RTL_07,2025-02-02,Inventory,56056.88,0
RTL_07,2025-02-03,Inventory,42612.02,0
RTL_07,2025-02-04,Inventory,20824.26,0
RTL_07,2025-02-05,Inventory,43218.45,0
RTL_07,2025-02-06,Inventory,66396.45,0
RTL_07,2025-02-07,Inventory,64337.53,0
RTL_07,2025-02-08,Inventory,55149.28,0
RTL_07,2025-02-09,Inventory,40771.7,0
RTL_07,2025-02-10,Inventory,24175.05,0
RTL_07,2025-02-11,Inventory,37174.13,0
RTL_07,2025-02-12,Inventory,34603.82,0
RTL_07,2025-02-13,Inventory,37099.76,0
RTL_07,2025-02-14,Inventory,49930.7,0
RTL_07,2025-02-15,Inventory,49013.07,0
RTL_07,2025-02-16,Inventory,58651.01,0
RTL_07,2025-02-17,Inventory,19491.71,0
RTL_07,2025-02-18,Inventory,42763.6,0
RTL_07,2025-02-19,Inventory,41011.75,0
RTL_07,2025-02-20,Inventory,41259.19,0
RTL_07,2025-02-21,Inventory,45678.16,0
RTL_07,2025-02-22,Inventory,29336.91,0
RTL_07,2025-02-23,Inventory,36054.5,0
RTL_07,2025-02-24,Inventory,55668.44,0
RTL_07,2025-02-25,Inventory,28083.9,0
RTL_07,2025-02-26,Inventory,27170.7,0
RTL_07,2025-02-27,Inventory,55795.09,0
RTL_07,2025-02-28,Inventory,45590.96,0
RTL_07,2025-03-01,Inventory,56474.72,0
RTL_07,2025-03-02,Inventory,51625.8,0
RTL_07,2025-03-03,Inventory,64614.56,0
RTL_07,2025-03-04,Inventory,26344.73,0
RTL_07,2025-03-05,Inventory,39030.75,0
RTL_07,2025-03-06,Inventory,50699.78,0
RTL_07,2025-03-07,Inventory,20068.34,0
RTL_07,2025-03-08,Inventory,41424.69,0
RTL_07,2025-03-09,Inventory,33766.59,0
RTL_07,2025-03-10,Inventory,69920.02,0
RTL_07,2025-03-11,Inventory,38008.94,0
RTL_07,2025-03-12,Inventory,25638.37,0
RTL_07,2025-03-13,Inventory,74186.25,0
RTL_07,2025-03-14,Inventory,35052.91,0
RTL_07,2025-03-15,Inventory,49215.31,0
RTL_07,2025-03-16,Inventory,26539.79,0
RTL_07,2025-03-17,Inventory,56337.02,0
RTL_07,2025-03-18,Inventory,25288.06,0
RTL_07,2025-03-19,Inventory,50958.15,0
RTL_07,2025-03-20,Inventory,71220.21,0
RTL_07,2025-03-21,Inventory,59309.45,0
RTL_07,2025-03-22,Inventory,86285.47,0
RTL_07,2025-03-23,Inventory,57111.59,0
RTL_07,2025-03-24,Inventory,40163.46,0
RTL_07,2025-03-25,Inventory,27758.78,0
RTL_07,2025-03-26,Inventory,28478.04,0
RTL_07,2025-03-27,Inventory,30301.48,0
RTL_07,2025-03-28,Inventory,54817.94,0
RTL_07,2025-03-29,Inventory,26677.98,0
RTL_07,2025-03-30,Inventory,61417.79,0
RTL_07,2025-03-31,Inventory,47174.83,0
RTL_07,2025-04-01,Inventory,36941.01,0
RTL_07,2025-04-02,Inventory,66990.78,0
RTL_07,2025-04-03,Inventory,47251.65,0
RTL_07,2025-04-04,Inventory,51455.75,0
RTL_07,2025-04-05,Inventory,38099.34,0
RTL_07,2025-04-06,Inventory,44249.66,0
RTL_07,2025-04-07,Inventory,30966.34,0
RTL_07,2025-04-08,Inventory,59535.73,0
RTL_07,2025-04-09,Inventory,46900.35,0
RTL_07,2025-04-10,Inventory,72885.55,0
RTL_08,2025-01-01,Inventory,29080.81,0
RTL_08,2025-01-02,Inventory,27712.92,0
RTL_08,2025-01-03,Inventory,44665.46,0
RTL_08,2025-01-04,Inventory,32592.82,0
RTL_08,2025-01-05,Inventory,31709.59,0
RTL_08,2025-01-06,Inventory,47033.23,0
RTL_08,2025-01-07,Inventory,43751.6,0
RTL_08,2025-01-08,Inventory,67367.36,0
RTL_08,2025-01-09,Inventory,47246.71,0
RTL_08,2025-01-10,Inventory,64101.64,0
RTL_08,2025-01-11,Inventory,31460.61,0
RTL_08,2025-01-12,Inventory,24333.69,0
RTL_08,2025-01-13,Inventory,46322.84,0
RTL_08,2025-01-14,Inventory,50923.35,0
RTL_08,2025-01-15,Inventory,30044.82,0
RTL_08,2025-01-16,Inventory,27788.84,0
RTL_08,2025-01-17,Inventory,29394.81,0
RTL_08,2025-01-18,Inventory,76731.68,0
RTL_08,2025-01-19,Inventory,50066.0,0
RTL_08,2025-01-20,Inventory,34283.65,0
RTL_08,2025-01-21,Inventory,28620.67,0
RTL_08,2025-01-22,Inventory,25933.13,0
RTL_08,2025-01-23,Inventory,38770.35,0
RTL_08,2025-01-24,Inventory,32408.82,0
RTL_08,2025-01-25,Inventory,37434.3,0
RTL_08,2025-01-26,Inventory,28538.66,0
RTL_08,2025-01-27,Inventory,27240.58,0
RTL_08,2025-01-28,Inventory,27962.57,0
RTL_08,2025-01-29,Inventory,79962.0,0
RTL_08,2025-01-30,Inventory,44202.26,0
RTL_08,2025-01-31,Inventory,43410.65,0
RTL_08,2025-02-01,Inventory,60473.95,0
RTL_08,2025-02-02,Inventory,40873.08,0
RTL_08,2025-02-03,Inventory,34833.08,0
RTL_08,2025-02-04,Inventory,29585.62,0
RTL_08,2025-02-05,Inventory,51064.07,0
RTL_08,2025-02-06,Inventory,28822.0,0
RTL_08,2025-02-07,Inventory,57835.22,0
RTL_08,2025-02-08,Inventory,20771.01,0
RTL_08,2025-02-09,Inventory,47508.71,0
RTL_08,2025-02-10,Inventory,49349.45,0
RTL_08,2025-02-11,Inventory,51420.85,0
RTL_08,2025-02-12,Inventory,51414.05,0
RTL_08,2025-02-13,Inventory,30863.44,0
RTL_08,2025-02-14,Inventory,45312.62,0
RTL_08,2025-02-15,Inventory,32152.67,0
RTL_08,2025-02-16,Inventory,44147.3,0
RTL_08,2025-02-17,Inventory,54469.83,0
RTL_08,2025-02-18,Inventory,47091.07,0
RTL_08,2025-02-19,Inventory,55051.54,0
RTL_08,2025-02-20,Inventory,49574.47,0
RTL_08,2025-02-21,Inventory,30011.01,0
RTL_08,2025-02-22,Inventory,41218.37,0
RTL_08,2025-02-23,Inventory,26772.16,0
RTL_08,2025-02-24,Inventory,43649.31,0
RTL_08,2025-02-25,Inventory,57221.13,0
RTL_08,2025-02-26,Inventory,32661.55,0
RTL_08,2025-02-27,Inventory,47595.71,0
RTL_08,2025-02-28,Inventory,36493.32,0
RTL_08,2025-03-01,Inventory,44524.72,0
RTL_08,2025-03-02,Inventory,56628.13,0
RTL_08,2025-03-03,Inventory,34231.04,0
RTL_08,2025-03-04,Inventory,36079.63,0
RTL_08,2025-03-05,Inventory,42443.93,0
RTL_08,2025-03-06,Inventory,47684.58,0
RTL_08,2025-03-07,Inventory,37762.11,0
RTL_08,2025-03-08,Inventory,52448.72,0
RTL_08,2025-03-09,Inventory,29597.9,0
RTL_08,2025-03-10,Inventory,47276.22,0
RTL_08,2025-03-11,Inventory,72823.58,0
RTL_08,2025-03-12,Inventory,55600.23,0
RTL_08,2025-03-13,Inventory,48887.57,0
RTL_08,2025-03-14,Inventory,25553.78,0
RTL_08,2025-03-15,Inventory,34299.02,0
RTL_08,2025-03-16,Inventory,40266.42,0
RTL_08,2025-03-17,Inventory,45212.05,0
RTL_08,2025-03-18,Inventory,34629.33,0
RTL_08,2025-03-19,Inventory,23816.13,0
RTL_08,2025-03-20,Inventory,41388.13,0
RTL_08,2025-03-21,Inventory,37005.55,0
RTL_08,2025-03-22,Inventory,45922.08,0
RTL_08,2025-03-23,Inventory,60638.12,0
RTL_08,2025-03-24,Inventory,43652.45,0
RTL_08,2025-03-25,Inventory,50899.71,0
RTL_08,2025-03-26,Inventory,54610.35,0
RTL_08,2025-03-27,Inventory,20140.11,0
RTL_08,2025-03-28,Inventory,23622.87,0
RTL_08,2025-03-29,Inventory,58578.3,0
RTL_08,2025-03-30,Inventory,39614.59,0
RTL_08,2025-03-31,Inventory,27565.45,0
RTL_08,2025-04-01,Inventory,34550.89,0
RTL_08,2025-04-02,Inventory,55809.78,0
RTL_08,2025-04-03,Inventory,52675.25,0
RTL_08,2025-04-04,Inventory,46030.8,0
RTL_08,2025-04-05,Inventory,41040.84,0
RTL_08,2025-04-06,Inventory,70269.39,0
RTL_08,2025-04-07,Inventory,24667.29,0
RTL_08,2025-04-08,Inventory,55050.77,0
RTL_08,2025-04-09,Inventory,24886.82,0
RTL_08,2025-04-10,Inventory,63108.47,0
