node_id,date,metric_name,value,delay_flag
SUP_01,2025-01-01,Production,424.86,0
SUP_01,2025-01-02,Production,404.92,0
SUP_01,2025-01-03,Production,541.78,0
SUP_01,2025-01-04,Production,508.32,0
SUP_01,2025-01-05,Production,443.06,0
SUP_01,2025-01-06,Production,408.6,0
SUP_01,2025-01-07,Production,447.56,0
SUP_01,2025-01-08,Production,515.81,0
SUP_01,2025-01-09,Production,525.9,0
SUP_01,2025-01-10,Production,444.59,0
SUP_01,2025-01-11,Production,409.4,0
SUP_01,2025-01-12,Production,459.27,0
SUP_01,2025-01-13,Production,461.74,0
SUP_01,2025-01-14,Production,472.94,0
SUP_01,2025-01-15,Production,408.81,0
SUP_01,2025-01-16,Production,608.07,0
SUP_01,2025-01-17,Production,392.89,0
SUP_01,2025-01-18,Production,587.36,0
SUP_01,2025-01-19,Production,576.57,0
SUP_01,2025-01-20,Production,536.02,0
SUP_01,2025-01-21,Production,620.2,0
SUP_01,2025-01-22,Production,500.48,0
SUP_01,2025-01-23,Production,421.24,0
SUP_01,2025-01-24,Production,402.5,0
SUP_01,2025-01-25,Production,389.05,0
SUP_01,2025-01-26,Production,526.05,0
SUP_01,2025-01-27,Production,315.53,0
SUP_01,2025-01-28,Production,320.82,0
SUP_01,2025-01-29,Production,589.18,0
SUP_01,2025-01-30,Production,541.99,0
SUP_01,2025-01-31,Production,487.63,0
SUP_01,2025-02-01,Production,533.86,0
SUP_01,2025-02-02,Production,520.32,0
SUP_01,2025-02-03,Production,433.03,0
SUP_01,2025-02-04,Production,316.62,0
SUP_01,2025-02-05,Production,566.53,0
SUP_01,2025-02-06,Production,490.52,0
SUP_01,2025-02-07,Production,325.01,0
SUP_01,2025-02-08,Production,462.92,0
SUP_01,2025-02-09,Production,407.43,0
SUP_01,2025-02-10,Production,439.52,0
SUP_01,2025-02-11,Production,420.21,0
SUP_01,2025-02-12,Production,500.06,0
SUP_01,2025-02-13,Production,431.07,0
SUP_01,2025-02-14,Production,345.11,0
SUP_01,2025-02-15,Production,511.12,0
SUP_01,2025-02-16,Production,494.12,0
SUP_01,2025-02-17,Production,320.51,0
SUP_01,2025-02-18,Production,487.16,0
SUP_01,2025-02-19,Production,530.61,0
SUP_01,2025-02-20,Production,436.15,0
SUP_01,2025-02-21,Production,467.04,0
SUP_01,2025-02-22,Production,380.58,0
SUP_01,2025-02-23,Production,291.06,0
SUP_01,2025-02-24,Production,497.39,0
SUP_01,2025-02-25,Production,442.02,0
SUP_01,2025-02-26,Production,489.02,0
SUP_01,2025-02-27,Production,428.68,0
SUP_01,2025-02-28,Production,426.35,0
SUP_01,2025-03-01,Production,464.74,0
SUP_01,2025-03-02,Production,444.25,0
SUP_01,2025-03-03,Production,528.67,0
SUP_01,2025-03-04,Production,411.5,0
SUP_01,2025-03-05,Production,318.82,0
SUP_01,2025-03-06,Production,463.09,0
SUP_01,2025-03-07,Production,331.64,0
SUP_01,2025-03-08,Production,219.87,0
SUP_01,2025-03-09,Production,350.39,0
SUP_01,2025-03-10,Production,410.17,0
SUP_01,2025-03-11,Production,377.71,0
SUP_01,2025-03-12,Production,310.44,0
SUP_01,2025-03-13,Production,429.6,0
SUP_01,2025-03-14,Production,560.48,0
SUP_01,2025-03-15,Production,525.33,0
SUP_01,2025-03-16,Production,450.75,0
SUP_01,2025-03-17,Production,533.66,0
SUP_01,2025-03-18,Production,410.0,0
SUP_01,2025-03-19,Production,369.9,0
SUP_01,2025-03-20,Production,511.62,0
SUP_01,2025-03-21,Production,351.59,0
SUP_01,2025-03-22,Production,480.33,0
SUP_01,2025-03-23,Production,447.67,0
SUP_01,2025-03-24,Production,417.06,0
SUP_01,2025-03-25,Production,408.4,0
SUP_01,2025-03-26,Production,553.28,0
SUP_01,2025-03-27,Production,305.66,0
SUP_01,2025-03-28,Production,474.43,0
SUP_01,2025-03-29,Production,423.79,0
SUP_01,2025-03-30,Production,382.66,0
SUP_01,2025-03-31,Production,453.54,0
SUP_01,2025-04-01,Production,478.68,0
SUP_01,2025-04-02,Production,444.56,0
SUP_01,2025-04-03,Production,472.25,0
SUP_01,2025-04-04,Production,578.49,0
SUP_01,2025-04-05,Production,395.43,0
SUP_01,2025-04-06,Production,487.96,0
SUP_01,2025-04-07,Production,292.1,0
SUP_01,2025-04-08,Production,491.5,0
SUP_01,2025-04-09,Production,280.45,0
SUP_01,2025-04-10,Production,507.34,0
SUP_02,2025-01-01,Production,355.45,0
SUP_02,2025-01-02,Production,482.66,0
SUP_02,2025-01-03,Production,160.4,0
SUP_02,2025-01-04,Production,454.78,0
SUP_02,2025-01-05,Production,613.95,0
SUP_02,2025-01-06,Production,573.33,0
SUP_02,2025-01-07,Production,446.57,0
SUP_02,2025-01-08,Production,448.71,0
SUP_02,2025-01-09,Production,677.91,0
SUP_02,2025-01-10,Production,596.44,0
SUP_02,2025-01-11,Production,325.69,0
SUP_02,2025-01-12,Production,334.63,0
SUP_02,2025-01-13,Production,314.73,0
SUP_02,2025-01-14,Production,442.91,0
SUP_02,2025-01-15,Production,219.06,0
SUP_02,2025-01-16,Production,20.55,0
SUP_02,2025-01-17,Production,406.56,0
SUP_02,2025-01-18,Production,500.32,0
SUP_02,2025-01-19,Production,487.09,0
SUP_02,2025-01-20,Production,665.88,0
SUP_02,2025-01-21,Production,192.83,0
SUP_02,2025-01-22,Production,347.9,0
SUP_02,2025-01-23,Production,163.0,0
SUP_02,2025-01-24,Production,498.91,0
SUP_02,2025-01-25,Production,429.19,0
SUP_02,2025-01-26,Production,354.33,0
SUP_02,2025-01-27,Production,458.25,0
SUP_02,2025-01-28,Production,309.35,0
SUP_02,2025-01-29,Production,246.65,0
SUP_02,2025-01-30,Production,764.47,0
SUP_02,2025-01-31,Production,611.23,0
SUP_02,2025-02-01,Production,413.36,0
SUP_02,2025-02-02,Production,143.3,0
SUP_02,2025-02-03,Production,407.36,0
SUP_02,2025-02-04,Production,564.26,0
SUP_02,2025-02-05,Production,483.8,0
SUP_02,2025-02-06,Production,650.79,0
SUP_02,2025-02-07,Production,694.11,0
SUP_02,2025-02-08,Production,433.18,0
SUP_02,2025-02-09,Production,356.87,0
SUP_02,2025-02-10,Production,351.63,0
SUP_02,2025-02-11,Production,367.73,0
SUP_02,2025-02-12,Production,629.98,0
SUP_02,2025-02-13,Production,365.61,0
SUP_02,2025-02-14,Production,115.57,0
SUP_02,2025-02-15,Production,542.51,0
SUP_02,2025-02-16,Production,430.32,0
SUP_02,2025-02-17,Production,357.04,0
SUP_02,2025-02-18,Production,59.32,0
SUP_02,2025-02-19,Production,682.81,0
SUP_02,2025-02-20,Production,588.55,0
SUP_02,2025-02-21,Production,223.79,0
SUP_02,2025-02-22,Production,480.2,0
SUP_02,2025-02-23,Production,234.37,0
SUP_02,2025-02-24,Production,179.28,0
SUP_02,2025-02-25,Production,32.42,0
SUP_02,2025-02-26,Production,605.06,0
SUP_02,2025-02-27,Production,625.08,0
SUP_02,2025-02-28,Production,388.35,0
SUP_02,2025-03-01,Production,438.09,0
SUP_02,2025-03-02,Production,799.18,0
SUP_02,2025-03-03,Production,299.7,0
SUP_02,2025-03-04,Production,214.27,0
SUP_02,2025-03-05,Production,475.38,0
SUP_02,2025-03-06,Production,559.33,0
SUP_02,2025-03-07,Production,390.93,0
SUP_02,2025-03-08,Production,166.25,0
SUP_02,2025-03-09,Production,297.35,0
SUP_02,2025-03-10,Production,586.3,0
SUP_02,2025-03-11,Production,592.21,0
SUP_02,2025-03-12,Production,117.58,0
SUP_02,2025-03-13,Production,206.74,0
SUP_02,2025-03-14,Production,253.98,0
SUP_02,2025-03-15,Production,444.94,0
SUP_02,2025-03-16,Production,889.09,0
SUP_02,2025-03-17,Production,393.13,0
SUP_02,2025-03-18,Production,462.36,0
SUP_02,2025-03-19,Production,291.39,0
SUP_02,2025-03-20,Production,964.4,0
SUP_02,2025-03-21,Production,330.24,0
SUP_02,2025-03-22,Production,348.18,0
SUP_02,2025-03-23,Production,481.08,0
SUP_02,2025-03-24,Production,186.49,0
SUP_02,2025-03-25,Production,610.92,0
SUP_02,2025-03-26,Production,448.34,0
SUP_02,2025-03-27,Production,282.32,0
SUP_02,2025-03-28,Production,331.45,0
SUP_02,2025-03-29,Production,73.14,0
SUP_02,2025-03-30,Production,339.46,0
SUP_02,2025-03-31,Production,0,0
SUP_02,2025-04-01,Production,360.37,0
SUP_02,2025-04-02,Production,351.4,0
SUP_02,2025-04-03,Production,332.81,0
SUP_02,2025-04-04,Production,334.03,0
SUP_02,2025-04-05,Production,282.47,0
SUP_02,2025-04-06,Production,695.54,0
SUP_02,2025-04-07,Production,736.36,0
SUP_02,2025-04-08,Production,416.26,0
SUP_02,2025-04-09,Production,677.56,0
SUP_02,2025-04-10,Production,389.02,0
SUP_03,2025-01-01,Production,386.28,0
SUP_03,2025-01-02,Production,275.38,0
SUP_03,2025-01-03,Production,596.95,0
SUP_03,2025-01-04,Production,580.22,0
SUP_03,2025-01-05,Production,178.1,0
SUP_03,2025-01-06,Production,483.71,0
SUP_03,2025-01-07,Production,341.07,0
SUP_03,2025-01-08,Production,259.97,0
SUP_03,2025-01-09,Production,444.59,0
SUP_03,2025-01-10,Production,45.71,0
SUP_03,2025-01-11,Production,358.57,0
SUP_03,2025-01-12,Production,848.11,0
SUP_03,2025-01-13,Production,541.79,0
SUP_03,2025-01-14,Production,210.74,0
SUP_03,2025-01-15,Production,566.59,0
SUP_03,2025-01-16,Production,468.67,0
SUP_03,2025-01-17,Production,382.41,0
SUP_03,2025-01-18,Production,326.58,0
SUP_03,2025-01-19,Production,450.15,0
SUP_03,2025-01-20,Production,325.18,0
SUP_03,2025-01-21,Production,413.51,0
SUP_03,2025-01-22,Production,605.81,0
SUP_03,2025-01-23,Production,621.87,0
SUP_03,2025-01-24,Production,176.84,0
SUP_03,2025-01-25,Production,351.31,0
SUP_03,2025-01-26,Production,788.57,0
SUP_03,2025-01-27,Production,828.52,0
SUP_03,2025-01-28,Production,527.91,0
SUP_03,2025-01-29,Production,789.13,0
SUP_03,2025-01-30,Production,704.56,0
SUP_03,2025-01-31,Production,422.19,0
SUP_03,2025-02-01,Production,29.39,0
SUP_03,2025-02-02,Production,437.11,0
SUP_03,2025-02-03,Production,179.85,0
SUP_03,2025-02-04,Production,478.73,0
SUP_03,2025-02-05,Production,817.92,0
SUP_03,2025-02-06,Production,502.4,0
SUP_03,2025-02-07,Production,284.57,0
SUP_03,2025-02-08,Production,203.63,0
SUP_03,2025-02-09,Production,36.41,0
SUP_03,2025-02-10,Production,48.41,0
SUP_03,2025-02-11,Production,792.75,0
SUP_03,2025-02-12,Production,630.35,0
SUP_03,2025-02-13,Production,422.39,0
SUP_03,2025-02-14,Production,417.77,0
SUP_03,2025-02-15,Production,439.05,0
SUP_03,2025-02-16,Production,447.53,0
SUP_03,2025-02-17,Production,743.31,0
SUP_03,2025-02-18,Production,532.2,0
SUP_03,2025-02-19,Production,32.31,0
SUP_03,2025-02-20,Production,673.48,0
SUP_03,2025-02-21,Production,43.4,0
SUP_03,2025-02-22,Production,364.42,0
SUP_03,2025-02-23,Production,157.96,0
SUP_03,2025-02-24,Production,458.5,0
SUP_03,2025-02-25,Production,185.13,0
SUP_03,2025-02-26,Production,159.71,0
SUP_03,2025-02-27,Production,229.5,0
SUP_03,2025-02-28,Production,621.47,0
SUP_03,2025-03-01,Production,410.87,0
SUP_03,2025-03-02,Production,590.57,0
SUP_03,2025-03-03,Production,736.61,0
SUP_03,2025-03-04,Production,500.22,0
SUP_03,2025-03-05,Production,570.12,0
SUP_03,2025-03-06,Production,245.73,0
SUP_03,2025-03-07,Production,432.18,0
SUP_03,2025-03-08,Production,207.94,0
SUP_03,2025-03-09,Production,566.69,0
SUP_03,2025-03-10,Production,640.94,0
SUP_03,2025-03-11,Production,653.5,0
SUP_03,2025-03-12,Production,444.05,0
SUP_03,2025-03-13,Production,638.67,0
SUP_03,2025-03-14,Production,419.38,0
SUP_03,2025-03-15,Production,331.7,0
SUP_03,2025-03-16,Production,555.78,0
SUP_03,2025-03-17,Production,602.96,0
SUP_03,2025-03-18,Production,914.3,0
SUP_03,2025-03-19,Production,603.62,0
SUP_03,2025-03-20,Production,218.04,0
SUP_03,2025-03-21,Production,243.92,0
SUP_03,2025-03-22,Production,175.74,0
SUP_03,2025-03-23,Production,466.3,0
SUP_03,2025-03-24,Production,218.3,0
SUP_03,2025-03-25,Production,737.04,0
SUP_03,2025-03-26,Production,388.58,0
SUP_03,2025-03-27,Production,585.22,0
SUP_03,2025-03-28,Production,481.96,0
SUP_03,2025-03-29,Production,522.44,0
SUP_03,2025-03-30,Production,231.61,0
SUP_03,2025-03-31,Production,442.94,0
SUP_03,2025-04-01,Production,359.96,0
SUP_03,2025-04-02,Production,428.66,0
SUP_03,2025-04-03,Production,476.27,0
SUP_03,2025-04-04,Production,593.58,0
SUP_03,2025-04-05,Production,351.91,0
SUP_03,2025-04-06,Production,623.53,0
SUP_03,2025-04-07,Production,519.37,0
SUP_03,2025-04-08,Production,795.28,0
SUP_03,2025-04-09,Production,0,0
SUP_03,2025-04-10,Production,314.59,0
SUP_04,2025-01-01,Production,519.01,0
SUP_04,2025-01-02,Production,311.75,0
SUP_04,2025-01-03,Production,531.41,0
SUP_04,2025-01-04,Production,454.51,0
SUP_04,2025-01-05,Production,338.02,0
SUP_04,2025-01-06,Production,489.79,0
SUP_04,2025-01-07,Production,392.28,0
SUP_04,2025-01-08,Production,399.95,0
SUP_04,2025-01-09,Production,530.31,0
SUP_04,2025-01-10,Production,428.78,0
SUP_04,2025-01-11,Production,397.39,0
SUP_04,2025-01-12,Production,560.1,0
SUP_04,2025-01-13,Production,500.95,0
SUP_04,2025-01-14,Production,431.65,0
SUP_04,2025-01-15,Production,406.71,0
SUP_04,2025-01-16,Production,438.82,0
SUP_04,2025-01-17,Production,536.49,0
SUP_04,2025-01-18,Production,396.13,0
SUP_04,2025-01-19,Production,380.15,0
SUP_04,2025-01-20,Production,519.89,0
SUP_04,2025-01-21,Production,434.53,0
SUP_04,2025-01-22,Production,455.51,0
SUP_04,2025-01-23,Production,478.78,0
SUP_04,2025-01-24,Production,428.61,0
SUP_04,2025-01-25,Production,317.08,0
SUP_04,2025-01-26,Production,438.37,0
SUP_04,2025-01-27,Production,518.05,0
SUP_04,2025-01-28,Production,569.12,0
SUP_04,2025-01-29,Production,443.54,0
SUP_04,2025-01-30,Production,448.43,0
SUP_04,2025-01-31,Production,524.87,0
SUP_04,2025-02-01,Production,482.66,0
SUP_04,2025-02-02,Production,466.2,0
SUP_04,2025-02-03,Production,341.48,0
SUP_04,2025-02-04,Production,427.17,0
SUP_04,2025-02-05,Production,461.78,0
SUP_04,2025-02-06,Production,366.98,0
SUP_04,2025-02-07,Production,429.93,0
SUP_04,2025-02-08,Production,543.69,0
SUP_04,2025-02-09,Production,435.9,0
SUP_04,2025-02-10,Production,371.35,0
SUP_04,2025-02-11,Production,346.52,0
SUP_04,2025-02-12,Production,449.38,0
SUP_04,2025-02-13,Production,418.32,0
SUP_04,2025-02-14,Production,402.38,0
SUP_04,2025-02-15,Production,462.48,0
SUP_04,2025-02-16,Production,465.62,0
SUP_04,2025-02-17,Production,459.57,0
SUP_04,2025-02-18,Production,469.22,0
SUP_04,2025-02-19,Production,382.61,0
SUP_04,2025-02-20,Production,414.88,0
SUP_04,2025-02-21,Production,432.12,0
SUP_04,2025-02-22,Production,447.05,0
SUP_04,2025-02-23,Production,504.26,0
SUP_04,2025-02-24,Production,410.07,0
SUP_04,2025-02-25,Production,407.36,0
SUP_04,2025-02-26,Production,531.56,0
SUP_04,2025-02-27,Production,458.69,0
SUP_04,2025-02-28,Production,373.34,0
SUP_04,2025-03-01,Production,432.95,0
SUP_04,2025-03-02,Production,382.21,0
SUP_04,2025-03-03,Production,387.66,0
SUP_04,2025-03-04,Production,376.84,0
SUP_04,2025-03-05,Production,406.35,0
SUP_04,2025-03-06,Production,562.94,0
SUP_04,2025-03-07,Production,505.41,0
SUP_04,2025-03-08,Production,525.76,0
SUP_04,2025-03-09,Production,509.64,0
SUP_04,2025-03-10,Production,442.6,0
SUP_04,2025-03-11,Production,472.12,0
SUP_04,2025-03-12,Production,455.64,0
SUP_04,2025-03-13,Production,391.43,0
SUP_04,2025-03-14,Production,386.26,0
SUP_04,2025-03-15,Production,499.37,0
SUP_04,2025-03-16,Production,383.19,0
SUP_04,2025-03-17,Production,461.02,0
SUP_04,2025-03-18,Production,485.76,0
SUP_04,2025-03-19,Production,491.28,0
SUP_04,2025-03-20,Production,470.25,0
SUP_04,2025-03-21,Production,384.16,0
SUP_04,2025-03-22,Production,479.63,0
SUP_04,2025-03-23,Production,442.42,0
SUP_04,2025-03-24,Production,396.4,0
SUP_04,2025-03-25,Production,340.95,0
SUP_04,2025-03-26,Production,474.74,0
SUP_04,2025-03-27,Production,364.87,0
SUP_04,2025-03-28,Production,356.38,0
SUP_04,2025-03-29,Production,545.85,0
SUP_04,2025-03-30,Production,384.12,0
SUP_04,2025-03-31,Production,426.97,0
SUP_04,2025-04-01,Production,453.94,0
SUP_04,2025-04-02,Production,453.85,0
SUP_04,2025-04-03,Production,394.11,0
SUP_04,2025-04-04,Production,411.16,0
SUP_04,2025-04-05,Production,494.18,0
SUP_04,2025-04-06,Production,434.71,0
SUP_04,2025-04-07,Production,448.73,0
SUP_04,2025-04-08,Production,331.42,0
SUP_04,2025-04-09,Production,418.54,0
SUP_04,2025-04-10,Production,497.02,0
SUP_05,2025-01-01,Production,404.61,0
SUP_05,2025-01-02,Production,390.77,0
SUP_05,2025-01-03,Production,473.34,0
SUP_05,2025-01-04,Production,487.26,0
SUP_05,2025-01-05,Production,470.77,0
SUP_05,2025-01-06,Production,414.75,0
SUP_05,2025-01-07,Production,496.66,0
SUP_05,2025-01-08,Production,551.39,0
SUP_05,2025-01-09,Production,522.82,0
SUP_05,2025-01-10,Production,352.69,0
SUP_05,2025-01-11,Production,632.34,0
SUP_05,2025-01-12,Production,367.49,0
SUP_05,2025-01-13,Production,373.7,0
SUP_05,2025-01-14,Production,468.95,0
SUP_05,2025-01-15,Production,444.13,0
SUP_05,2025-01-16,Production,472.49,0
SUP_05,2025-01-17,Production,531.64,0
SUP_05,2025-01-18,Production,507.92,0
SUP_05,2025-01-19,Production,394.39,0
SUP_05,2025-01-20,Production,454.49,0
SUP_05,2025-01-21,Production,512.94,0
SUP_05,2025-01-22,Production,515.54,0
SUP_05,2025-01-23,Production,519.99,0
SUP_05,2025-01-24,Production,500.88,0
SUP_05,2025-01-25,Production,494.06,0
SUP_05,2025-01-26,Production,418.04,0
SUP_05,2025-01-27,Production,367.95,0
SUP_05,2025-01-28,Production,476.29,0
SUP_05,2025-01-29,Production,421.74,0
SUP_05,2025-01-30,Production,527.46,0
SUP_05,2025-01-31,Production,395.69,0
SUP_05,2025-02-01,Production,426.27,0
SUP_05,2025-02-02,Production,423.35,0
SUP_05,2025-02-03,Production,510.19,0
SUP_05,2025-02-04,Production,496.77,0
SUP_05,2025-02-05,Production,451.42,0
SUP_05,2025-02-06,Production,468.18,0
SUP_05,2025-02-07,Production,550.51,0
SUP_05,2025-02-08,Production,340.29,0
SUP_05,2025-02-09,Production,496.56,0
SUP_05,2025-02-10,Production,517.22,0
SUP_05,2025-02-11,Production,525.58,0
SUP_05,2025-02-12,Production,499.95,0
SUP_05,2025-02-13,Production,401.83,0
SUP_05,2025-02-14,Production,416.45,0
SUP_05,2025-02-15,Production,491.22,0
SUP_05,2025-02-16,Production,413.32,0
SUP_05,2025-02-17,Production,437.65,0
SUP_05,2025-02-18,Production,356.31,0
SUP_05,2025-02-19,Production,375.78,0
SUP_05,2025-02-20,Production,471.58,0
SUP_05,2025-02-21,Production,423.48,0
SUP_05,2025-02-22,Production,402.77,0
SUP_05,2025-02-23,Production,438.31,0
SUP_05,2025-02-24,Production,468.76,0
SUP_05,2025-02-25,Production,433.74,0
SUP_05,2025-02-26,Production,460.74,0
SUP_05,2025-02-27,Production,455.51,0
SUP_05,2025-02-28,Production,434.35,0
SUP_05,2025-03-01,Production,449.29,0
SUP_05,2025-03-02,Production,394.77,0
SUP_05,2025-03-03,Production,418.78,0
SUP_05,2025-03-04,Production,335.65,0
SUP_05,2025-03-05,Production,377.4,0
SUP_05,2025-03-06,Production,376.11,0
SUP_05,2025-03-07,Production,425.17,0
SUP_05,2025-03-08,Production,520.35,0
SUP_05,2025-03-09,Production,449.44,0
SUP_05,2025-03-10,Production,459.37,0
SUP_05,2025-03-11,Production,391.34,0
SUP_05,2025-03-12,Production,467.87,0
SUP_05,2025-03-13,Production,555.55,0
SUP_05,2025-03-14,Production,444.57,0
SUP_05,2025-03-15,Production,398.67,0
SUP_05,2025-03-16,Production,377.43,0
SUP_05,2025-03-17,Production,466.36,0
SUP_05,2025-03-18,Production,391.41,0
SUP_05,2025-03-19,Production,494.4,0
SUP_05,2025-03-20,Production,386.99,0
SUP_05,2025-03-21,Production,346.92,0
SUP_05,2025-03-22,Production,479.87,0
SUP_05,2025-03-23,Production,369.48,0
SUP_05,2025-03-24,Production,487.73,0
SUP_05,2025-03-25,Production,514.57,0
SUP_05,2025-03-26,Production,413.1,0
SUP_05,2025-03-27,Production,462.97,0
SUP_05,2025-03-28,Production,536.65,0
SUP_05,2025-03-29,Production,421.07,0
SUP_05,2025-03-30,Production,549.49,0
SUP_05,2025-03-31,Production,429.55,0
SUP_05,2025-04-01,Production,391.63,0
SUP_05,2025-04-02,Production,456.07,0
SUP_05,2025-04-03,Production,464.01,0
SUP_05,2025-04-04,Production,520.61,0
SUP_05,2025-04-05,Production,505.17,0
SUP_05,2025-04-06,Production,473.0,0
SUP_05,2025-04-07,Production,490.84,0
SUP_05,2025-04-08,Production,461.26,0
SUP_05,2025-04-09,Production,499.3,0
SUP_05,2025-04-10,Production,417.71,0
SUP_06,2025-01-01,Production,349.16,0
SUP_06,2025-01-02,Production,469.45,0
SUP_06,2025-01-03,Production,700.81,0
SUP_06,2025-01-04,Production,525.33,0
SUP_06,2025-01-05,Production,384.71,0
SUP_06,2025-01-06,Production,580.0,0
SUP_06,2025-01-07,Production,276.11,0
SUP_06,2025-01-08,Production,426.51,0
SUP_06,2025-01-09,Production,487.07,0
SUP_06,2025-01-10,Production,387.21,0
SUP_06,2025-01-11,Production,394.58,0
SUP_06,2025-01-12,Production,434.14,0
SUP_06,2025-01-13,Production,399.4,0
SUP_06,2025-01-14,Production,376.87,0
SUP_06,2025-01-15,Production,348.88,0
SUP_06,2025-01-16,Production,304.5,0
SUP_06,2025-01-17,Production,359.87,0
SUP_06,2025-01-18,Production,440.53,0
SUP_06,2025-01-19,Production,543.86,0
SUP_06,2025-01-20,Production,388.13,0
SUP_06,2025-01-21,Production,336.99,0
SUP_06,2025-01-22,Production,599.73,0
SUP_06,2025-01-23,Production,343.37,0
SUP_06,2025-01-24,Production,458.82,0
SUP_06,2025-01-25,Production,362.67,0
SUP_06,2025-01-26,Production,382.95,0
SUP_06,2025-01-27,Production,486.05,0
SUP_06,2025-01-28,Production,493.01,0
SUP_06,2025-01-29,Production,568.54,0
SUP_06,2025-01-30,Production,512.37,0
SUP_06,2025-01-31,Production,464.37,0
SUP_06,2025-02-01,Production,508.25,0
SUP_06,2025-02-02,Production,353.91,0
SUP_06,2025-02-03,Production,562.9,0
SUP_06,2025-02-04,Production,499.68,0
SUP_06,2025-02-05,Production,495.68,0
SUP_06,2025-02-06,Production,505.82,0
SUP_06,2025-02-07,Production,311.99,0
SUP_06,2025-02-08,Production,344.24,0
SUP_06,2025-02-09,Production,462.34,0
SUP_06,2025-02-10,Production,463.52,0
SUP_06,2025-02-11,Production,503.63,0
SUP_06,2025-02-12,Production,459.94,0
SUP_06,2025-02-13,Production,432.79,0
SUP_06,2025-02-14,Production,567.31,0
SUP_06,2025-02-15,Production,482.6,0
SUP_06,2025-02-16,Production,519.64,0
SUP_06,2025-02-17,Production,561.47,0
SUP_06,2025-02-18,Production,567.88,0
SUP_06,2025-02-19,Production,479.63,0
SUP_06,2025-02-20,Production,517.69,0
SUP_06,2025-02-21,Production,474.81,0
SUP_06,2025-02-22,Production,550.03,0
SUP_06,2025-02-23,Production,662.7,0
SUP_06,2025-02-24,Production,352.55,0
SUP_06,2025-02-25,Production,379.8,0
SUP_06,2025-02-26,Production,597.7,0
SUP_06,2025-02-27,Production,467.36,0
SUP_06,2025-02-28,Production,409.9,0
SUP_06,2025-03-01,Production,385.26,0
SUP_06,2025-03-02,Production,537.43,0
SUP_06,2025-03-03,Production,502.26,0
SUP_06,2025-03-04,Production,637.25,0
SUP_06,2025-03-05,Production,441.49,0
SUP_06,2025-03-06,Production,534.09,0
SUP_06,2025-03-07,Production,604.25,0
SUP_06,2025-03-08,Production,316.26,0
SUP_06,2025-03-09,Production,351.75,0
SUP_06,2025-03-10,Production,475.31,0
SUP_06,2025-03-11,Production,396.6,0
SUP_06,2025-03-12,Production,410.69,0
SUP_06,2025-03-13,Production,388.36,0
SUP_06,2025-03-14,Production,436.2,0
SUP_06,2025-03-15,Production,365.69,0
SUP_06,2025-03-16,Production,330.64,0
SUP_06,2025-03-17,Production,485.92,0
SUP_06,2025-03-18,Production,461.64,0
SUP_06,2025-03-19,Production,541.3,0
SUP_06,2025-03-20,Production,498.68,0
SUP_06,2025-03-21,Production,489.54,0
SUP_06,2025-03-22,Production,520.22,0
SUP_06,2025-03-23,Production,364.68,0
SUP_06,2025-03-24,Production,403.51,0
SUP_06,2025-03-25,Production,475.64,0
SUP_06,2025-03-26,Production,537.19,0
SUP_06,2025-03-27,Production,510.3,0
SUP_06,2025-03-28,Production,430.23,0
SUP_06,2025-03-29,Production,432.63,0
SUP_06,2025-03-30,Production,473.3,0
SUP_06,2025-03-31,Production,342.15,0
SUP_06,2025-04-01,Production,529.14,0
SUP_06,2025-04-02,Production,522.03,0
SUP_06,2025-04-03,Production,536.65,0
SUP_06,2025-04-04,Production,542.65,0
SUP_06,2025-04-05,Production,543.07,0
SUP_06,2025-04-06,Production,274.28,0
SUP_06,2025-04-07,Production,471.01,0
SUP_06,2025-04-08,Production,316.64,0
SUP_06,2025-04-09,Production,361.15,0
SUP_06,2025-04-10,Production,437.61,0
MFG_01,2025-01-01,Production,829.06,0
MFG_01,2025-01-02,Production,750.53,0
MFG_01,2025-01-03,Production,741.34,0
MFG_01,2025-01-04,Production,884.61,0
MFG_01,2025-01-05,Production,742.22,0
MFG_01,2025-01-06,Production,632.45,0
MFG_01,2025-01-07,Production,591.5,0
MFG_01,2025-01-08,Production,639.53,0
MFG_01,2025-01-09,Production,730.32,0
MFG_01,2025-01-10,Production,577.97,0
MFG_01,2025-01-11,Production,760.4,0
MFG_01,2025-01-12,Production,748.48,0
MFG_01,2025-01-13,Production,653.62,0
MFG_01,2025-01-14,Production,729.6,0
MFG_01,2025-01-15,Production,767.61,0
MFG_01,2025-01-16,Production,661.74,0
MFG_01,2025-01-17,Production,787.55,0
MFG_01,2025-01-18,Production,653.93,0
MFG_01,2025-01-19,Production,774.16,0
MFG_01,2025-01-20,Production,854.37,0
MFG_01,2025-01-21,Production,749.69,0
MFG_01,2025-01-22,Production,602.6,0
MFG_01,2025-01-23,Production,728.18,0
MFG_01,2025-01-24,Production,727.47,0
MFG_01,2025-01-25,Production,640.61,0
MFG_01,2025-01-26,Production,603.89,0
MFG_01,2025-01-27,Production,684.82,0
MFG_01,2025-01-28,Production,800.05,0
MFG_01,2025-01-29,Production,795.4,0
MFG_01,2025-01-30,Production,830.61,0
MFG_01,2025-01-31,Production,715.87,0
MFG_01,2025-02-01,Production,901.11,0
MFG_01,2025-02-02,Production,642.0,0
MFG_01,2025-02-03,Production,760.64,0
MFG_01,2025-02-04,Production,697.73,0
MFG_01,2025-02-05,Production,857.49,0
MFG_01,2025-02-06,Production,722.97,0
MFG_01,2025-02-07,Production,624.86,0
MFG_01,2025-02-08,Production,742.29,0
MFG_01,2025-02-09,Production,616.57,0
MFG_01,2025-02-10,Production,639.59,0
MFG_01,2025-02-11,Production,805.4,0
MFG_01,2025-02-12,Production,718.13,0
MFG_01,2025-02-13,Production,798.87,0
MFG_01,2025-02-14,Production,639.46,0
MFG_01,2025-02-15,Production,839.55,0
MFG_01,2025-02-16,Production,703.84,0
MFG_01,2025-02-17,Production,539.56,0
MFG_01,2025-02-18,Production,637.43,0
MFG_01,2025-02-19,Production,591.17,0
MFG_01,2025-02-20,Production,585.06,0
MFG_01,2025-02-21,Production,767.06,0
MFG_01,2025-02-22,Production,753.71,0
MFG_01,2025-02-23,Production,774.46,0
MFG_01,2025-02-24,Production,652.03,0
MFG_01,2025-02-25,Production,769.02,0
MFG_01,2025-02-26,Production,584.66,0
MFG_01,2025-02-27,Production,675.48,0
MFG_01,2025-02-28,Production,705.36,0
MFG_01,2025-03-01,Production,667.42,0
MFG_01,2025-03-02,Production,729.26,0
MFG_01,2025-03-03,Production,717.9,0
MFG_01,2025-03-04,Production,763.43,0
MFG_01,2025-03-05,Production,747.98,0
MFG_01,2025-03-06,Production,808.06,0
MFG_01,2025-03-07,Production,675.73,0
MFG_01,2025-03-08,Production,780.06,0
MFG_01,2025-03-09,Production,745.58,0
MFG_01,2025-03-10,Production,742.41,0
MFG_01,2025-03-11,Production,732.33,0
MFG_01,2025-03-12,Production,521.2,0
MFG_01,2025-03-13,Production,896.77,0
MFG_01,2025-03-14,Production,635.62,0
MFG_01,2025-03-15,Production,646.58,0
MFG_01,2025-03-16,Production,690.29,0
MFG_01,2025-03-17,Production,599.24,0
MFG_01,2025-03-18,Production,880.95,0
MFG_01,2025-03-19,Production,662.87,0
MFG_01,2025-03-20,Production,656.96,0
MFG_01,2025-03-21,Production,643.52,0
MFG_01,2025-03-22,Production,760.29,0
MFG_01,2025-03-23,Production,848.68,0
MFG_01,2025-03-24,Production,745.14,0
MFG_01,2025-03-25,Production,648.63,0
MFG_01,2025-03-26,Production,841.94,0
MFG_01,2025-03-27,Production,746.14,0
MFG_01,2025-03-28,Production,653.4,0
MFG_01,2025-03-29,Production,713.36,0
MFG_01,2025-03-30,Production,732.11,0
MFG_01,2025-03-31,Production,741.86,0
MFG_01,2025-04-01,Production,720.15,0
MFG_01,2025-04-02,Production,722.2,0
MFG_01,2025-04-03,Production,891.73,0
MFG_01,2025-04-04,Production,981.23,0
MFG_01,2025-04-05,Production,735.95,0
MFG_01,2025-04-06,Production,635.45,0
MFG_01,2025-04-07,Production,623.18,0
MFG_01,2025-04-08,Production,794.96,0
MFG_01,2025-04-09,Production,570.28,0
MFG_01,2025-04-10,Production,703.24,0
MFG_02,2025-01-01,Production,758.87,0
MFG_02,2025-01-02,Production,737.88,0
MFG_02,2025-01-03,Production,680.17,0
MFG_02,2025-01-04,Production,900.88,0
MFG_02,2025-01-05,Production,798.37,0
MFG_02,2025-01-06,Production,673.66,0
MFG_02,2025-01-07,Production,797.09,0
MFG_02,2025-01-08,Production,701.9,0
MFG_02,2025-01-09,Production,669.19,0
MFG_02,2025-01-10,Production,679.88,0
MFG_02,2025-01-11,Production,836.39,0
MFG_02,2025-01-12,Production,664.98,0
MFG_02,2025-01-13,Production,712.98,0
MFG_02,2025-01-14,Production,820.4,0
MFG_02,2025-01-15,Production,749.93,0
MFG_02,2025-01-16,Production,743.66,0
MFG_02,2025-01-17,Production,654.52,0
MFG_02,2025-01-18,Production,949.41,0
MFG_02,2025-01-19,Production,800.54,0
MFG_02,2025-01-20,Production,486.88,0
MFG_02,2025-01-21,Production,848.36,0
MFG_02,2025-01-22,Production,593.42,0
MFG_02,2025-01-23,Production,584.96,0
MFG_02,2025-01-24,Production,651.31,0
MFG_02,2025-01-25,Production,843.8,0
MFG_02,2025-01-26,Production,693.19,0
MFG_02,2025-01-27,Production,740.73,0
MFG_02,2025-01-28,Production,555.63,0
MFG_02,2025-01-29,Production,825.85,0
MFG_02,2025-01-30,Production,693.7,0
MFG_02,2025-01-31,Production,593.11,0
MFG_02,2025-02-01,Production,751.97,0
MFG_02,2025-02-02,Production,768.21,0
MFG_02,2025-02-03,Production,728.37,0
MFG_02,2025-02-04,Production,847.1,0
MFG_02,2025-02-05,Production,777.44,0
MFG_02,2025-02-06,Production,867.85,0
MFG_02,2025-02-07,Production,714.61,0
MFG_02,2025-02-08,Production,730.78,0
MFG_02,2025-02-09,Production,805.05,0
MFG_02,2025-02-10,Production,834.04,0
MFG_02,2025-02-11,Production,687.22,0
MFG_02,2025-02-12,Production,905.61,0
MFG_02,2025-02-13,Production,731.35,0
MFG_02,2025-02-14,Production,720.48,0
MFG_02,2025-02-15,Production,763.49,0
MFG_02,2025-02-16,Production,635.78,0
MFG_02,2025-02-17,Production,558.0,0
MFG_02,2025-02-18,Production,922.33,0
MFG_02,2025-02-19,Production,824.75,0
MFG_02,2025-02-20,Production,629.06,0
MFG_02,2025-02-21,Production,733.49,0
MFG_02,2025-02-22,Production,781.37,0
MFG_02,2025-02-23,Production,671.97,0
MFG_02,2025-02-24,Production,861.05,0
MFG_02,2025-02-25,Production,671.33,0
MFG_02,2025-02-26,Production,817.67,0
MFG_02,2025-02-27,Production,657.95,0
MFG_02,2025-02-28,Production,769.92,0
MFG_02,2025-03-01,Production,872.54,0
MFG_02,2025-03-02,Production,766.69,0
MFG_02,2025-03-03,Production,671.96,0
MFG_02,2025-03-04,Production,741.82,0
MFG_02,2025-03-05,Production,791.34,0
MFG_02,2025-03-06,Production,677.87,0
MFG_02,2025-03-07,Production,681.13,0
MFG_02,2025-03-08,Production,893.42,0
MFG_02,2025-03-09,Production,857.49,0
MFG_02,2025-03-10,Production,654.72,0
MFG_02,2025-03-11,Production,590.25,0
MFG_02,2025-03-12,Production,593.68,0
MFG_02,2025-03-13,Production,610.28,0
MFG_02,2025-03-14,Production,692.05,0
MFG_02,2025-03-15,Production,712.55,0
MFG_02,2025-03-16,Production,583.81,0
MFG_02,2025-03-17,Production,735.22,0
MFG_02,2025-03-18,Production,434.26,0
MFG_02,2025-03-19,Production,733.76,0
MFG_02,2025-03-20,Production,878.25,0
MFG_02,2025-03-21,Production,600.41,0
MFG_02,2025-03-22,Production,436.58,0
MFG_02,2025-03-23,Production,736.39,0
MFG_02,2025-03-24,Production,788.96,0
MFG_02,2025-03-25,Production,679.8,0
MFG_02,2025-03-26,Production,742.51,0
MFG_02,2025-03-27,Production,847.07,0
MFG_02,2025-03-28,Production,886.27,0
MFG_02,2025-03-29,Production,778.86,0
MFG_02,2025-03-30,Production,598.35,0
MFG_02,2025-03-31,Production,736.67,0
MFG_02,2025-04-01,Production,621.55,0
MFG_02,2025-04-02,Production,718.47,0
MFG_02,2025-04-03,Production,696.24,0
MFG_02,2025-04-04,Production,663.81,0
MFG_02,2025-04-05,Production,870.7,0
MFG_02,2025-04-06,Production,697.59,0
MFG_02,2025-04-07,Production,574.24,0
MFG_02,2025-04-08,Production,757.36,0
MFG_02,2025-04-09,Production,787.53,0
MFG_02,2025-04-10,Production,725.02,0
MFG_03,2025-01-01,Production,612.59,0
MFG_03,2025-01-02,Production,660.06,0
MFG_03,2025-01-03,Production,638.38,0
MFG_03,2025-01-04,Production,650.04,0
MFG_03,2025-01-05,Production,622.72,0
MFG_03,2025-01-06,Production,689.36,0
MFG_03,2025-01-07,Production,532.06,0
MFG_03,2025-01-08,Production,754.21,0
MFG_03,2025-01-09,Production,611.55,0
MFG_03,2025-01-10,Production,841.58,0
MFG_03,2025-01-11,Production,772.85,0
MFG_03,2025-01-12,Production,928.73,0
MFG_03,2025-01-13,Production,530.89,0
MFG_03,2025-01-14,Production,915.62,0
MFG_03,2025-01-15,Production,703.84,0
MFG_03,2025-01-16,Production,805.79,0
MFG_03,2025-01-17,Production,843.34,0
MFG_03,2025-01-18,Production,853.24,0
MFG_03,2025-01-19,Production,728.54,0
MFG_03,2025-01-20,Production,783.01,0
MFG_03,2025-01-21,Production,707.29,0
MFG_03,2025-01-22,Production,820.86,0
MFG_03,2025-01-23,Production,596.38,0
MFG_03,2025-01-24,Production,776.08,0
MFG_03,2025-01-25,Production,933.39,0
MFG_03,2025-01-26,Production,998.13,0
MFG_03,2025-01-27,Production,868.06,0
MFG_03,2025-01-28,Production,922.57,0
MFG_03,2025-01-29,Production,792.58,0
MFG_03,2025-01-30,Production,866.08,0
MFG_03,2025-01-31,Production,989.62,0
MFG_03,2025-02-01,Production,712.48,0
MFG_03,2025-02-02,Production,499.91,0
MFG_03,2025-02-03,Production,696.39,0
MFG_03,2025-02-04,Production,745.78,0
MFG_03,2025-02-05,Production,605.79,0
MFG_03,2025-02-06,Production,553.95,0
MFG_03,2025-02-07,Production,651.66,0
MFG_03,2025-02-08,Production,549.5,0
MFG_03,2025-02-09,Production,846.51,0
MFG_03,2025-02-10,Production,956.3,0
MFG_03,2025-02-11,Production,813.62,0
MFG_03,2025-02-12,Production,526.68,0
MFG_03,2025-02-13,Production,748.7,0
MFG_03,2025-02-14,Production,601.03,0
MFG_03,2025-02-15,Production,758.78,0
MFG_03,2025-02-16,Production,605.9,0
MFG_03,2025-02-17,Production,856.24,0
MFG_03,2025-02-18,Production,817.36,0
MFG_03,2025-02-19,Production,675.56,0
MFG_03,2025-02-20,Production,789.93,0
MFG_03,2025-02-21,Production,728.76,0
MFG_03,2025-02-22,Production,959.45,0
MFG_03,2025-02-23,Production,456.41,0
MFG_03,2025-02-24,Production,777.23,0
MFG_03,2025-02-25,Production,892.3,0
MFG_03,2025-02-26,Production,669.16,0
MFG_03,2025-02-27,Production,650.82,0
MFG_03,2025-02-28,Production,744.58,0
MFG_03,2025-03-01,Production,592.51,0
MFG_03,2025-03-02,Production,645.62,0
MFG_03,2025-03-03,Production,578.03,0
MFG_03,2025-03-04,Production,695.39,0
MFG_03,2025-03-05,Production,430.01,0
MFG_03,2025-03-06,Production,636.44,0
MFG_03,2025-03-07,Production,797.41,0
MFG_03,2025-03-08,Production,667.53,0
MFG_03,2025-03-09,Production,662.9,0
MFG_03,2025-03-10,Production,844.61,0
MFG_03,2025-03-11,Production,938.71,0
MFG_03,2025-03-12,Production,617.81,0
MFG_03,2025-03-13,Production,887.03,0
MFG_03,2025-03-14,Production,477.35,0
MFG_03,2025-03-15,Production,602.75,0
MFG_03,2025-03-16,Production,794.27,0
MFG_03,2025-03-17,Production,755.72,0
MFG_03,2025-03-18,Production,736.51,0
MFG_03,2025-03-19,Production,839.89,0
MFG_03,2025-03-20,Production,691.9,0
MFG_03,2025-03-21,Production,825.7,0
MFG_03,2025-03-22,Production,652.22,0
MFG_03,2025-03-23,Production,633.02,0
MFG_03,2025-03-24,Production,460.1,0
MFG_03,2025-03-25,Production,813.76,0
MFG_03,2025-03-26,Production,599.7,0
MFG_03,2025-03-27,Production,859.66,0
MFG_03,2025-03-28,Production,859.96,0
MFG_03,2025-03-29,Production,689.2,0
MFG_03,2025-03-30,Production,732.09,0
MFG_03,2025-03-31,Production,747.42,0
MFG_03,2025-04-01,Production,691.58,0
MFG_03,2025-04-02,Production,517.81,0
MFG_03,2025-04-03,Production,920.41,0
MFG_03,2025-04-04,Production,641.29,0
MFG_03,2025-04-05,Production,793.39,0
MFG_03,2025-04-06,Production,760.39,0
MFG_03,2025-04-07,Production,760.15,0
MFG_03,2025-04-08,Production,750.35,0
MFG_03,2025-04-09,Production,846.43,0
MFG_03,2025-04-10,Production,599.3,0
MFG_04,2025-01-01,Production,916.36,0
MFG_04,2025-01-02,Production,752.83,0
MFG_04,2025-01-03,Production,727.76,0
MFG_04,2025-01-04,Production,637.84,0
MFG_04,2025-01-05,Production,711.01,0
MFG_04,2025-01-06,Production,834.63,0
MFG_04,2025-01-07,Production,488.04,0
MFG_04,2025-01-08,Production,379.45,0
MFG_04,2025-01-09,Production,665.62,0
MFG_04,2025-01-10,Production,858.96,0
MFG_04,2025-01-11,Production,660.81,0
MFG_04,2025-01-12,Production,991.39,0
MFG_04,2025-01-13,Production,976.52,0
MFG_04,2025-01-14,Production,997.59,0
MFG_04,2025-01-15,Production,1007.45,0
MFG_04,2025-01-16,Production,772.16,0
MFG_04,2025-01-17,Production,832.21,0
MFG_04,2025-01-18,Production,585.0,0
MFG_04,2025-01-19,Production,188.47,0
MFG_04,2025-01-20,Production,800.24,0
MFG_04,2025-01-21,Production,567.25,0
MFG_04,2025-01-22,Production,680.18,0
MFG_04,2025-01-23,Production,228.07,0
MFG_04,2025-01-24,Production,897.65,0
MFG_04,2025-01-25,Production,680.07,0
MFG_04,2025-01-26,Production,603.08,0
MFG_04,2025-01-27,Production,491.41,0
MFG_04,2025-01-28,Production,559.16,0
MFG_04,2025-01-29,Production,552.38,0
MFG_04,2025-01-30,Production,527.81,0
MFG_04,2025-01-31,Production,440.32,0
MFG_04,2025-02-01,Production,678.47,0
MFG_04,2025-02-02,Production,653.07,0
MFG_04,2025-02-03,Production,890.09,0
MFG_04,2025-02-04,Production,373.33,0
MFG_04,2025-02-05,Production,631.76,0
MFG_04,2025-02-06,Production,543.58,0
MFG_04,2025-02-07,Production,787.48,0
MFG_04,2025-02-08,Production,709.63,0
MFG_04,2025-02-09,Production,888.04,0
MFG_04,2025-02-10,Production,1083.82,0
MFG_04,2025-02-11,Production,720.21,0
MFG_04,2025-02-12,Production,824.9,0
MFG_04,2025-02-13,Production,571.63,0
MFG_04,2025-02-14,Production,694.9,0
MFG_04,2025-02-15,Production,724.92,0
MFG_04,2025-02-16,Production,1143.34,0
MFG_04,2025-02-17,Production,494.45,0
MFG_04,2025-02-18,Production,693.47,0
MFG_04,2025-02-19,Production,723.85,0
MFG_04,2025-02-20,Production,570.7,0
MFG_04,2025-02-21,Production,789.76,1
MFG_04,2025-02-22,Production,911.26,0
MFG_04,2025-02-23,Production,728.68,0
MFG_04,2025-02-24,Production,626.73,0
MFG_04,2025-02-25,Production,792.58,0
MFG_04,2025-02-26,Production,608.38,0
MFG_04,2025-02-27,Production,827.0,1
MFG_04,2025-02-28,Production,759.62,0
MFG_04,2025-03-01,Production,287.51,0
MFG_04,2025-03-02,Production,649.48,0
MFG_04,2025-03-03,Production,1038.52,0
MFG_04,2025-03-04,Production,796.04,1
MFG_04,2025-03-05,Production,620.02,0
MFG_04,2025-03-06,Production,603.47,0
MFG_04,2025-03-07,Production,613.66,1
MFG_04,2025-03-08,Production,782.69,0
MFG_04,2025-03-09,Production,727.68,1
MFG_04,2025-03-10,Production,845.49,0
MFG_04,2025-03-11,Production,813.94,0
MFG_04,2025-03-12,Production,732.19,0
MFG_04,2025-03-13,Production,832.46,0
MFG_04,2025-03-14,Production,586.13,0
MFG_04,2025-03-15,Production,1048.58,0
MFG_04,2025-03-16,Production,765.61,0
MFG_04,2025-03-17,Production,548.75,0
MFG_04,2025-03-18,Production,1041.2,1
MFG_04,2025-03-19,Production,838.01,0
MFG_04,2025-03-20,Production,854.98,0
MFG_04,2025-03-21,Production,1075.13,0
MFG_04,2025-03-22,Production,963.81,1
MFG_04,2025-03-23,Production,954.68,0
MFG_04,2025-03-24,Production,416.8,1
MFG_04,2025-03-25,Production,833.57,0
MFG_04,2025-03-26,Production,751.59,0
MFG_04,2025-03-27,Production,481.9,0
MFG_04,2025-03-28,Production,648.51,0
MFG_04,2025-03-29,Production,564.43,0
MFG_04,2025-03-30,Production,1169.7,0
MFG_04,2025-03-31,Production,842.07,1
MFG_04,2025-04-01,Production,635.08,0
MFG_04,2025-04-02,Production,619.27,0
MFG_04,2025-04-03,Production,739.48,0
MFG_04,2025-04-04,Production,814.92,0
MFG_04,2025-04-05,Production,798.95,1
MFG_04,2025-04-06,Production,858.14,0
MFG_04,2025-04-07,Production,777.88,0
MFG_04,2025-04-08,Production,723.25,0
MFG_04,2025-04-09,Production,563.08,1
MFG_04,2025-04-10,Production,611.6,1
MFG_05,2025-01-01,Production,816.59,0
MFG_05,2025-01-02,Production,782.5,0
MFG_05,2025-01-03,Production,975.98,0
MFG_05,2025-01-04,Production,601.21,0
MFG_05,2025-01-05,Production,699.45,0
MFG_05,2025-01-06,Production,699.41,0
MFG_05,2025-01-07,Production,640.78,0
MFG_05,2025-01-08,Production,618.43,0
MFG_05,2025-01-09,Production,731.07,0
MFG_05,2025-01-10,Production,678.48,0
MFG_05,2025-01-11,Production,745.46,0
MFG_05,2025-01-12,Production,952.95,0
MFG_05,2025-01-13,Production,753.42,0
MFG_05,2025-01-14,Production,584.76,0
MFG_05,2025-01-15,Production,750.44,0
MFG_05,2025-01-16,Production,636.32,0
MFG_05,2025-01-17,Production,764.43,0
MFG_05,2025-01-18,Production,838.63,0
MFG_05,2025-01-19,Production,691.98,0
MFG_05,2025-01-20,Production,754.67,0
MFG_05,2025-01-21,Production,796.78,0
MFG_05,2025-01-22,Production,663.22,0
MFG_05,2025-01-23,Production,656.03,0
MFG_05,2025-01-24,Production,746.5,0
MFG_05,2025-01-25,Production,702.44,0
MFG_05,2025-01-26,Production,669.2,0
MFG_05,2025-01-27,Production,749.7,0
MFG_05,2025-01-28,Production,790.59,0
MFG_05,2025-01-29,Production,712.66,0
MFG_05,2025-01-30,Production,653.91,0
MFG_05,2025-01-31,Production,809.88,0
MFG_05,2025-02-01,Production,559.74,0
MFG_05,2025-02-02,Production,690.52,0
MFG_05,2025-02-03,Production,709.49,0
MFG_05,2025-02-04,Production,758.98,0
MFG_05,2025-02-05,Production,777.38,0
MFG_05,2025-02-06,Production,713.36,0
MFG_05,2025-02-07,Production,798.97,0
MFG_05,2025-02-08,Production,838.12,0
MFG_05,2025-02-09,Production,720.53,0
MFG_05,2025-02-10,Production,681.52,0
MFG_05,2025-02-11,Production,756.57,0
MFG_05,2025-02-12,Production,882.23,0
MFG_05,2025-02-13,Production,739.17,0
MFG_05,2025-02-14,Production,729.96,0
MFG_05,2025-02-15,Production,659.61,0
MFG_05,2025-02-16,Production,698.0,0
MFG_05,2025-02-17,Production,600.59,0
MFG_05,2025-02-18,Production,640.41,0
MFG_05,2025-02-19,Production,700.12,0
MFG_05,2025-02-20,Production,623.9,0
MFG_05,2025-02-21,Production,705.35,0
MFG_05,2025-02-22,Production,611.74,0
MFG_05,2025-02-23,Production,683.72,0
MFG_05,2025-02-24,Production,667.76,0
MFG_05,2025-02-25,Production,826.46,0
MFG_05,2025-02-26,Production,797.51,0
MFG_05,2025-02-27,Production,784.51,0
MFG_05,2025-02-28,Production,863.73,0
MFG_05,2025-03-01,Production,784.01,0
MFG_05,2025-03-02,Production,835.51,0
MFG_05,2025-03-03,Production,842.65,0
MFG_05,2025-03-04,Production,748.32,0
MFG_05,2025-03-05,Production,811.21,0
MFG_05,2025-03-06,Production,807.7,0
MFG_05,2025-03-07,Production,782.68,0
MFG_05,2025-03-08,Production,782.63,0
MFG_05,2025-03-09,Production,616.05,0
MFG_05,2025-03-10,Production,592.89,0
MFG_05,2025-03-11,Production,699.19,0
MFG_05,2025-03-12,Production,717.05,0
MFG_05,2025-03-13,Production,799.09,0
MFG_05,2025-03-14,Production,695.01,0
MFG_05,2025-03-15,Production,700.38,0
MFG_05,2025-03-16,Production,771.33,0
MFG_05,2025-03-17,Production,695.93,0
MFG_05,2025-03-18,Production,546.25,0
MFG_05,2025-03-19,Production,729.39,0
MFG_05,2025-03-20,Production,850.49,0
MFG_05,2025-03-21,Production,791.69,0
MFG_05,2025-03-22,Production,818.27,0
MFG_05,2025-03-23,Production,759.41,0
MFG_05,2025-03-24,Production,799.54,0
MFG_05,2025-03-25,Production,687.49,0
MFG_05,2025-03-26,Production,631.51,0
MFG_05,2025-03-27,Production,815.35,0
MFG_05,2025-03-28,Production,749.07,0
MFG_05,2025-03-29,Production,661.71,0
MFG_05,2025-03-30,Production,750.63,0
MFG_05,2025-03-31,Production,728.0,0
MFG_05,2025-04-01,Production,653.78,0
MFG_05,2025-04-02,Production,907.99,0
MFG_05,2025-04-03,Production,756.31,0
MFG_05,2025-04-04,Production,710.82,0
MFG_05,2025-04-05,Production,704.14,0
MFG_05,2025-04-06,Production,619.18,0
MFG_05,2025-04-07,Production,757.6,0
MFG_05,2025-04-08,Production,814.03,0
MFG_05,2025-04-09,Production,720.9,0
MFG_05,2025-04-10,Production,836.09,0
MFG_06,2025-01-01,Production,855.34,0
MFG_06,2025-01-02,Production,1002.52,0
MFG_06,2025-01-03,Production,643.39,0
MFG_06,2025-01-04,Production,765.19,0
MFG_06,2025-01-05,Production,605.8,0
MFG_06,2025-01-06,Production,584.36,0
MFG_06,2025-01-07,Production,450.66,0
MFG_06,2025-01-08,Production,791.47,0
MFG_06,2025-01-09,Production,804.32,0
MFG_06,2025-01-10,Production,643.59,0
MFG_06,2025-01-11,Production,800.84,0
MFG_06,2025-01-12,Production,892.9,0
MFG_06,2025-01-13,Production,662.24,0
MFG_06,2025-01-14,Production,814.24,0
MFG_06,2025-01-15,Production,923.76,0
MFG_06,2025-01-16,Production,717.99,0
MFG_06,2025-01-17,Production,621.74,0
MFG_06,2025-01-18,Production,851.17,0
MFG_06,2025-01-19,Production,886.65,0
MFG_06,2025-01-20,Production,711.05,0
MFG_06,2025-01-21,Production,498.32,0
MFG_06,2025-01-22,Production,951.01,0
MFG_06,2025-01-23,Production,445.34,0
MFG_06,2025-01-24,Production,848.01,0
MFG_06,2025-01-25,Production,531.69,0
MFG_06,2025-01-26,Production,567.35,0
MFG_06,2025-01-27,Production,792.11,0
MFG_06,2025-01-28,Production,1032.68,0
MFG_06,2025-01-29,Production,848.97,0
MFG_06,2025-01-30,Production,655.45,0
MFG_06,2025-01-31,Production,919.25,0
MFG_06,2025-02-01,Production,671.04,0
MFG_06,2025-02-02,Production,477.99,0
MFG_06,2025-02-03,Production,902.68,0
MFG_06,2025-02-04,Production,972.06,0
MFG_06,2025-02-05,Production,692.9,0
MFG_06,2025-02-06,Production,126.68,0
MFG_06,2025-02-07,Production,654.08,0
MFG_06,2025-02-08,Production,669.06,0
MFG_06,2025-02-09,Production,870.82,0
MFG_06,2025-02-10,Production,785.13,0
MFG_06,2025-02-11,Production,1084.87,0
MFG_06,2025-02-12,Production,1066.67,0
MFG_06,2025-02-13,Production,767.56,0
MFG_06,2025-02-14,Production,664.03,0
MFG_06,2025-02-15,Production,579.36,0
MFG_06,2025-02-16,Production,493.39,0
MFG_06,2025-02-17,Production,640.56,0
MFG_06,2025-02-18,Production,817.59,0
MFG_06,2025-02-19,Production,670.99,0
MFG_06,2025-02-20,Production,891.66,0
MFG_06,2025-02-21,Production,761.48,0
MFG_06,2025-02-22,Production,836.22,0
MFG_06,2025-02-23,Production,857.66,0
MFG_06,2025-02-24,Production,600.68,0
MFG_06,2025-02-25,Production,652.28,0
MFG_06,2025-02-26,Production,750.97,0
MFG_06,2025-02-27,Production,643.31,0
MFG_06,2025-02-28,Production,379.6,0
MFG_06,2025-03-01,Production,967.97,0
MFG_06,2025-03-02,Production,690.19,0
MFG_06,2025-03-03,Production,419.42,0
MFG_06,2025-03-04,Production,750.91,0
MFG_06,2025-03-05,Production,608.13,0
MFG_06,2025-03-06,Production,851.94,0
MFG_06,2025-03-07,Production,463.87,0
MFG_06,2025-03-08,Production,355.13,0
MFG_06,2025-03-09,Production,530.52,0
MFG_06,2025-03-10,Production,588.45,0
MFG_06,2025-03-11,Production,630.32,0
MFG_06,2025-03-12,Production,690.28,0
MFG_06,2025-03-13,Production,474.96,0
MFG_06,2025-03-14,Production,776.29,0
MFG_06,2025-03-15,Production,750.25,0
MFG_06,2025-03-16,Production,742.81,0
MFG_06,2025-03-17,Production,547.31,0
MFG_06,2025-03-18,Production,800.06,0
MFG_06,2025-03-19,Production,541.62,0
MFG_06,2025-03-20,Production,976.55,0
MFG_06,2025-03-21,Production,439.23,0
MFG_06,2025-03-22,Production,759.93,0
MFG_06,2025-03-23,Production,991.04,0
MFG_06,2025-03-24,Production,697.14,0
MFG_06,2025-03-25,Production,702.88,0
MFG_06,2025-03-26,Production,751.7,0
MFG_06,2025-03-27,Production,537.79,0
MFG_06,2025-03-28,Production,701.57,0
MFG_06,2025-03-29,Production,771.42,0
MFG_06,2025-03-30,Production,616.13,0
MFG_06,2025-03-31,Production,693.38,0
MFG_06,2025-04-01,Production,586.97,0
MFG_06,2025-04-02,Production,717.99,0
MFG_06,2025-04-03,Production,1010.22,0
MFG_06,2025-04-04,Production,815.35,0
MFG_06,2025-04-05,Production,560.03,0
MFG_06,2025-04-06,Production,847.53,0
MFG_06,2025-04-07,Production,535.43,0
MFG_06,2025-04-08,Production,594.34,0
MFG_06,2025-04-09,Production,747.19,0
MFG_06,2025-04-10,Production,873.43,0
DST_01,2025-01-01,Production,1043.15,0
DST_01,2025-01-02,Production,1108.83,0
DST_01,2025-01-03,Production,1179.34,0
DST_01,2025-01-04,Production,1136.7,0
DST_01,2025-01-05,Production,1164.47,0
DST_01,2025-01-06,Production,1107.04,0
DST_01,2025-01-07,Production,1169.26,0
DST_01,2025-01-08,Production,1132.85,0
DST_01,2025-01-09,Production,1086.93,0
DST_01,2025-01-10,Production,1034.08,0
DST_01,2025-01-11,Production,1154.45,0
DST_01,2025-01-12,Production,1164.31,0
DST_01,2025-01-13,Production,952.66,0
DST_01,2025-01-14,Production,1089.73,0
DST_01,2025-01-15,Production,1120.39,0
DST_01,2025-01-16,Production,1194.66,0
DST_01,2025-01-17,Production,1074.06,0
DST_01,2025-01-18,Production,1014.2,0
DST_01,2025-01-19,Production,1217.01,0
DST_01,2025-01-20,Production,1146.21,0
DST_01,2025-01-21,Production,991.19,0
DST_01,2025-01-22,Production,1258.7,0
DST_01,2025-01-23,Production,1190.91,0
DST_01,2025-01-24,Production,1149.99,0
DST_01,2025-01-25,Production,1007.89,0
DST_01,2025-01-26,Production,1117.58,0
DST_01,2025-01-27,Production,1029.28,0
DST_01,2025-01-28,Production,1186.5,0
DST_01,2025-01-29,Production,1154.06,0
DST_01,2025-01-30,Production,1091.35,0
DST_01,2025-01-31,Production,1201.24,0
DST_01,2025-02-01,Production,1070.57,0
DST_01,2025-02-02,Production,1174.76,0
DST_01,2025-02-03,Production,1074.13,0
DST_01,2025-02-04,Production,1096.21,0
DST_01,2025-02-05,Production,1101.12,0
DST_01,2025-02-06,Production,1104.36,0
DST_01,2025-02-07,Production,1026.65,0
DST_01,2025-02-08,Production,976.16,0
DST_01,2025-02-09,Production,1185.39,0
DST_01,2025-02-10,Production,1105.82,0
DST_01,2025-02-11,Production,1045.73,0
DST_01,2025-02-12,Production,1281.86,0
DST_01,2025-02-13,Production,1152.01,0
DST_01,2025-02-14,Production,1238.64,0
DST_01,2025-02-15,Production,1001.33,0
DST_01,2025-02-16,Production,1086.23,0
DST_01,2025-02-17,Production,1066.78,0
DST_01,2025-02-18,Production,1065.24,0
DST_01,2025-02-19,Production,1039.95,0
DST_01,2025-02-20,Production,1062.07,0
DST_01,2025-02-21,Production,1085.82,0
DST_01,2025-02-22,Production,1107.81,0
DST_01,2025-02-23,Production,1185.59,0
DST_01,2025-02-24,Production,1110.61,0
DST_01,2025-02-25,Production,1182.48,0
DST_01,2025-02-26,Production,1074.51,0
DST_01,2025-02-27,Production,1180.78,0
DST_01,2025-02-28,Production,1073.9,0
DST_01,2025-03-01,Production,1031.88,0
DST_01,2025-03-02,Production,1074.64,0
DST_01,2025-03-03,Production,1063.94,0
DST_01,2025-03-04,Production,967.55,0
DST_01,2025-03-05,Production,1015.39,0
DST_01,2025-03-06,Production,1131.7,0
DST_01,2025-03-07,Production,1094.49,0
DST_01,2025-03-08,Production,1047.12,0
DST_01,2025-03-09,Production,1231.52,0
DST_01,2025-03-10,Production,1058.59,0
DST_01,2025-03-11,Production,1060.41,0
DST_01,2025-03-12,Production,1073.6,0
DST_01,2025-03-13,Production,1070.61,0
DST_01,2025-03-14,Production,1026.52,0
DST_01,2025-03-15,Production,1125.02,0
DST_01,2025-03-16,Production,1157.23,0
DST_01,2025-03-17,Production,976.57,0
DST_01,2025-03-18,Production,1091.35,0
DST_01,2025-03-19,Production,1067.01,0
DST_01,2025-03-20,Production,1165.57,0
DST_01,2025-03-21,Production,985.86,0
DST_01,2025-03-22,Production,1090.15,0
DST_01,2025-03-23,Production,1165.42,0
DST_01,2025-03-24,Production,1119.82,0
DST_01,2025-03-25,Production,1074.11,0
DST_01,2025-03-26,Production,1009.47,0
DST_01,2025-03-27,Production,1241.71,0
DST_01,2025-03-28,Production,1024.66,0
DST_01,2025-03-29,Production,1068.88,0
DST_01,2025-03-30,Production,982.75,0
DST_01,2025-03-31,Production,1079.6,0
DST_01,2025-04-01,Production,1096.39,0
DST_01,2025-04-02,Production,1071.82,0
DST_01,2025-04-03,Production,1081.77,0
DST_01,2025-04-04,Production,1187.87,0
DST_01,2025-04-05,Production,1035.96,0
DST_01,2025-04-06,Production,1156.02,0
DST_01,2025-04-07,Production,1124.73,0
DST_01,2025-04-08,Production,1147.64,0
DST_01,2025-04-09,Production,1006.45,0
DST_01,2025-04-10,Production,1178.72,0
DST_02,2025-01-01,Production,1089.28,0
DST_02,2025-01-02,Production,1186.8,0
DST_02,2025-01-03,Production,1009.18,0
DST_02,2025-01-04,Production,1079.44,0
DST_02,2025-01-05,Production,1024.01,0
DST_02,2025-01-06,Production,1023.45,0
DST_02,2025-01-07,Production,1134.94,0
DST_02,2025-01-08,Production,1034.78,0
DST_02,2025-01-09,Production,1128.46,0
DST_02,2025-01-10,Production,1089.08,0
DST_02,2025-01-11,Production,1075.81,0
DST_02,2025-01-12,Production,1101.83,0
DST_02,2025-01-13,Production,1125.25,0
DST_02,2025-01-14,Production,1045.88,0
DST_02,2025-01-15,Production,1112.38,0
DST_02,2025-01-16,Production,1099.93,0
DST_02,2025-01-17,Production,1131.72,0
DST_02,2025-01-18,Production,1066.93,0
DST_02,2025-01-19,Production,1060.38,0
DST_02,2025-01-20,Production,1060.25,0
DST_02,2025-01-21,Production,1081.35,0
DST_02,2025-01-22,Production,1102.27,0
DST_02,2025-01-23,Production,1163.52,0
DST_02,2025-01-24,Production,1064.36,0
DST_02,2025-01-25,Production,1056.86,0
DST_02,2025-01-26,Production,1122.55,0
DST_02,2025-01-27,Production,1085.68,0
DST_02,2025-01-28,Production,1100.39,0
DST_02,2025-01-29,Production,1012.81,0
DST_02,2025-01-30,Production,1062.14,0
DST_02,2025-01-31,Production,1101.65,0
DST_02,2025-02-01,Production,1054.68,0
DST_02,2025-02-02,Production,1066.87,0
DST_02,2025-02-03,Production,1034.67,0
DST_02,2025-02-04,Production,1164.41,0
DST_02,2025-02-05,Production,1176.05,0
DST_02,2025-02-06,Production,1101.45,0
DST_02,2025-02-07,Production,1076.71,0
DST_02,2025-02-08,Production,1158.92,0
DST_02,2025-02-09,Production,1044.68,0
DST_02,2025-02-10,Production,1059.65,0
DST_02,2025-02-11,Production,1125.08,0
DST_02,2025-02-12,Production,1098.44,0
DST_02,2025-02-13,Production,1073.83,0
DST_02,2025-02-14,Production,1047.15,0
DST_02,2025-02-15,Production,1152.64,0
DST_02,2025-02-16,Production,1070.53,0
DST_02,2025-02-17,Production,1014.7,0
DST_02,2025-02-18,Production,1109.22,0
DST_02,2025-02-19,Production,1052.6,0
DST_02,2025-02-20,Production,1044.43,0
DST_02,2025-02-21,Production,1102.18,0
DST_02,2025-02-22,Production,1150.93,1
DST_02,2025-02-23,Production,1024.36,0
DST_02,2025-02-24,Production,1099.4,0
DST_02,2025-02-25,Production,1095.39,0
DST_02,2025-02-26,Production,1074.7,1
DST_02,2025-02-27,Production,1129.85,1
DST_02,2025-02-28,Production,1065.98,0
DST_02,2025-03-01,Production,1046.24,0
DST_02,2025-03-02,Production,1027.22,0
DST_02,2025-03-03,Production,1079.23,0
DST_02,2025-03-04,Production,1106.97,1
DST_02,2025-03-05,Production,1043.91,1
DST_02,2025-03-06,Production,1144.55,1
DST_02,2025-03-07,Production,1093.25,1
DST_02,2025-03-08,Production,1025.48,0
DST_02,2025-03-09,Production,1113.15,0
DST_02,2025-03-10,Production,1161.12,0
DST_02,2025-03-11,Production,1115.79,0
DST_02,2025-03-12,Production,1045.72,0
DST_02,2025-03-13,Production,1082.17,1
DST_02,2025-03-14,Production,1070.64,0
DST_02,2025-03-15,Production,1086.37,0
DST_02,2025-03-16,Production,1059.49,0
DST_02,2025-03-17,Production,1129.17,0
DST_02,2025-03-18,Production,1001.86,0
DST_02,2025-03-19,Production,1067.51,0
DST_02,2025-03-20,Production,1010.75,1
DST_02,2025-03-21,Production,1101.73,0
DST_02,2025-03-22,Production,1041.39,0
DST_02,2025-03-23,Production,1075.44,0
DST_02,2025-03-24,Production,1025.6,1
DST_02,2025-03-25,Production,1074.47,1
DST_02,2025-03-26,Production,1053.53,0
DST_02,2025-03-27,Production,1099.74,0
DST_02,2025-03-28,Production,1032.82,1
DST_02,2025-03-29,Production,1105.0,0
DST_02,2025-03-30,Production,1125.69,0
DST_02,2025-03-31,Production,1136.84,0
DST_02,2025-04-01,Production,1130.99,0
DST_02,2025-04-02,Production,1123.92,0
DST_02,2025-04-03,Production,1106.41,0
DST_02,2025-04-04,Production,1110.08,1
DST_02,2025-04-05,Production,1028.4,1
DST_02,2025-04-06,Production,1047.11,0
DST_02,2025-04-07,Production,1079.97,0
DST_02,2025-04-08,Production,1139.44,0
DST_02,2025-04-09,Production,1076.07,1
DST_02,2025-04-10,Production,1060.49,0
DST_03,2025-01-01,Production,882.48,0
DST_03,2025-01-02,Production,1309.97,0
DST_03,2025-01-03,Production,751.34,0
DST_03,2025-01-04,Production,1373.12,0
DST_03,2025-01-05,Production,472.98,0
DST_03,2025-01-06,Production,1035.42,0
DST_03,2025-01-07,Production,903.82,0
DST_03,2025-01-08,Production,1248.21,0
DST_03,2025-01-09,Production,1142.85,0
DST_03,2025-01-10,Production,534.61,0
DST_03,2025-01-11,Production,745.18,0
DST_03,2025-01-12,Production,933.88,0
DST_03,2025-01-13,Production,1374.6,0
DST_03,2025-01-14,Production,1485.96,0
DST_03,2025-01-15,Production,1249.73,0
DST_03,2025-01-16,Production,1434.12,0
DST_03,2025-01-17,Production,892.58,0
DST_03,2025-01-18,Production,1183.68,0
DST_03,2025-01-19,Production,1111.6,0
DST_03,2025-01-20,Production,811.27,0
DST_03,2025-01-21,Production,992.8,0
DST_03,2025-01-22,Production,991.19,0
DST_03,2025-01-23,Production,1193.5,0
DST_03,2025-01-24,Production,1203.29,0
DST_03,2025-01-25,Production,943.51,0
DST_03,2025-01-26,Production,947.64,0
DST_03,2025-01-27,Production,607.0,0
DST_03,2025-01-28,Production,1205.75,0
DST_03,2025-01-29,Production,1054.26,0
DST_03,2025-01-30,Production,1072.79,0
DST_03,2025-01-31,Production,1215.83,0
DST_03,2025-02-01,Production,956.72,0
DST_03,2025-02-02,Production,840.14,0
DST_03,2025-02-03,Production,930.17,0
DST_03,2025-02-04,Production,994.47,0
DST_03,2025-02-05,Production,1134.16,0
DST_03,2025-02-06,Production,929.23,0
DST_03,2025-02-07,Production,970.31,0
DST_03,2025-02-08,Production,749.11,0
DST_03,2025-02-09,Production,978.57,0
DST_03,2025-02-10,Production,645.22,0
DST_03,2025-02-11,Production,915.56,0
DST_03,2025-02-12,Production,1214.38,0
DST_03,2025-02-13,Production,1122.65,0
DST_03,2025-02-14,Production,1041.13,0
DST_03,2025-02-15,Production,1024.11,0
DST_03,2025-02-16,Production,1304.05,0
DST_03,2025-02-17,Production,786.73,0
DST_03,2025-02-18,Production,1190.06,0
DST_03,2025-02-19,Production,901.7,0
DST_03,2025-02-20,Production,1149.24,0
DST_03,2025-02-21,Production,1042.15,0
DST_03,2025-02-22,Production,1241.93,0
DST_03,2025-02-23,Production,1414.5,0
DST_03,2025-02-24,Production,717.8,1
DST_03,2025-02-25,Production,833.95,0
DST_03,2025-02-26,Production,573.26,1
DST_03,2025-02-27,Production,805.69,1
DST_03,2025-02-28,Production,915.32,1
DST_03,2025-03-01,Production,1258.55,0
DST_03,2025-03-02,Production,883.16,1
DST_03,2025-03-03,Production,1015.4,0
DST_03,2025-03-04,Production,1033.46,0
DST_03,2025-03-05,Production,1380.97,0
DST_03,2025-03-06,Production,988.73,0
DST_03,2025-03-07,Production,1002.49,0
DST_03,2025-03-08,Production,1365.21,0
DST_03,2025-03-09,Production,1056.99,0
DST_03,2025-03-10,Production,1284.02,0
DST_03,2025-03-11,Production,1062.37,0
DST_03,2025-03-12,Production,279.81,0
DST_03,2025-03-13,Production,951.24,1
DST_03,2025-03-14,Production,801.65,0
DST_03,2025-03-15,Production,964.43,0
DST_03,2025-03-16,Production,1225.47,0
DST_03,2025-03-17,Production,1388.68,0
DST_03,2025-03-18,Production,1134.84,0
DST_03,2025-03-19,Production,1080.54,1
DST_03,2025-03-20,Production,1337.87,0
DST_03,2025-03-21,Production,715.87,0
DST_03,2025-03-22,Production,919.67,0
DST_03,2025-03-23,Production,1355.87,1
DST_03,2025-03-24,Production,1141.11,0
DST_03,2025-03-25,Production,1272.97,0
DST_03,2025-03-26,Production,860.0,1
DST_03,2025-03-27,Production,1070.75,0
DST_03,2025-03-28,Production,863.03,0
DST_03,2025-03-29,Production,1415.5,1
DST_03,2025-03-30,Production,1180.43,0
DST_03,2025-03-31,Production,1279.04,0
DST_03,2025-04-01,Production,1464.33,0
DST_03,2025-04-02,Production,856.48,0
DST_03,2025-04-03,Production,713.86,0
DST_03,2025-04-04,Production,703.59,0
DST_03,2025-04-05,Production,1134.53,0
DST_03,2025-04-06,Production,828.57,0
DST_03,2025-04-07,Production,958.0,0
DST_03,2025-04-08,Production,1460.8,0
DST_03,2025-04-09,Production,1178.13,0
DST_03,2025-04-10,Production,1445.58,0
DST_04,2025-01-01,Production,720.0,0
DST_04,2025-01-02,Production,1552.66,0
DST_04,2025-01-03,Production,1069.24,0
DST_04,2025-01-04,Production,1135.53,0
DST_04,2025-01-05,Production,1393.78,0
DST_04,2025-01-06,Production,1047.59,0
DST_04,2025-01-07,Production,1240.4,0
DST_04,2025-01-08,Production,835.5,0
DST_04,2025-01-09,Production,847.61,0
DST_04,2025-01-10,Production,1273.32,0
DST_04,2025-01-11,Production,1327.34,0
DST_04,2025-01-12,Production,798.0,0
DST_04,2025-01-13,Production,1025.82,0
DST_04,2025-01-14,Production,892.34,0
DST_04,2025-01-15,Production,1307.76,0
DST_04,2025-01-16,Production,1125.87,0
DST_04,2025-01-17,Production,914.45,0
DST_04,2025-01-18,Production,1083.06,0
DST_04,2025-01-19,Production,553.47,0
DST_04,2025-01-20,Production,1244.13,0
DST_04,2025-01-21,Production,1120.27,0
DST_04,2025-01-22,Production,1266.42,0
DST_04,2025-01-23,Production,1380.08,0
DST_04,2025-01-24,Production,1335.42,0
DST_04,2025-01-25,Production,1166.36,0
DST_04,2025-01-26,Production,590.43,0
DST_04,2025-01-27,Production,1032.61,0
DST_04,2025-01-28,Production,1097.48,0
DST_04,2025-01-29,Production,816.91,0
DST_04,2025-01-30,Production,1108.77,0
DST_04,2025-01-31,Production,1267.04,0
DST_04,2025-02-01,Production,1554.25,0
DST_04,2025-02-02,Production,1049.86,0
DST_04,2025-02-03,Production,807.94,0
DST_04,2025-02-04,Production,1099.97,0
DST_04,2025-02-05,Production,956.6,0
DST_04,2025-02-06,Production,1369.36,0
DST_04,2025-02-07,Production,778.76,0
DST_04,2025-02-08,Production,1392.49,0
DST_04,2025-02-09,Production,951.76,0
DST_04,2025-02-10,Production,1322.56,0
DST_04,2025-02-11,Production,1347.3,0
DST_04,2025-02-12,Production,736.04,0
DST_04,2025-02-13,Production,1169.77,0
DST_04,2025-02-14,Production,1059.8,0
DST_04,2025-02-15,Production,1077.15,0
DST_04,2025-02-16,Production,1392.11,0
DST_04,2025-02-17,Production,938.69,0
DST_04,2025-02-18,Production,1000.41,0
DST_04,2025-02-19,Production,1026.43,0
DST_04,2025-02-20,Production,1012.4,0
DST_04,2025-02-21,Production,1094.28,0
DST_04,2025-02-22,Production,974.7,0
DST_04,2025-02-23,Production,916.39,0
DST_04,2025-02-24,Production,1234.03,1
DST_04,2025-02-25,Production,956.02,1
DST_04,2025-02-26,Production,977.94,1
DST_04,2025-02-27,Production,1299.93,1
DST_04,2025-02-28,Production,1074.17,0
DST_04,2025-03-01,Production,1118.98,0
DST_04,2025-03-02,Production,1136.25,0
DST_04,2025-03-03,Production,1281.03,1
DST_04,2025-03-04,Production,1028.11,1
DST_04,2025-03-05,Production,904.05,1
DST_04,2025-03-06,Production,925.19,0
DST_04,2025-03-07,Production,946.49,1
DST_04,2025-03-08,Production,748.47,1
DST_04,2025-03-09,Production,1141.66,1
DST_04,2025-03-10,Production,953.64,0
DST_04,2025-03-11,Production,1142.92,0
DST_04,2025-03-12,Production,1259.6,0
DST_04,2025-03-13,Production,781.37,0
DST_04,2025-03-14,Production,1226.01,0
DST_04,2025-03-15,Production,756.31,0
DST_04,2025-03-16,Production,1452.24,0
DST_04,2025-03-17,Production,1017.88,1
DST_04,2025-03-18,Production,1274.2,0
DST_04,2025-03-19,Production,614.07,0
DST_04,2025-03-20,Production,938.44,0
DST_04,2025-03-21,Production,755.79,1
DST_04,2025-03-22,Production,1153.2,0
DST_04,2025-03-23,Production,1520.56,0
DST_04,2025-03-24,Production,808.52,0
DST_04,2025-03-25,Production,1298.68,0
DST_04,2025-03-26,Production,1262.59,1
DST_04,2025-03-27,Production,913.65,0
DST_04,2025-03-28,Production,931.24,1
DST_04,2025-03-29,Production,1280.9,0
DST_04,2025-03-30,Production,987.03,1
DST_04,2025-03-31,Production,1008.41,0
DST_04,2025-04-01,Production,1137.8,0
DST_04,2025-04-02,Production,888.94,0
DST_04,2025-04-03,Production,857.31,0
DST_04,2025-04-04,Production,1033.52,0
DST_04,2025-04-05,Production,500.42,0
DST_04,2025-04-06,Production,899.91,0
DST_04,2025-04-07,Production,1197.48,0
DST_04,2025-04-08,Production,803.37,0
DST_04,2025-04-09,Production,1145.51,1
DST_04,2025-04-10,Production,805.83,0
DST_05,2025-01-01,Production,1306.84,0
DST_05,2025-01-02,Production,1200.83,0
DST_05,2025-01-03,Production,965.3,0
DST_05,2025-01-04,Production,1022.29,0
DST_05,2025-01-05,Production,976.24,0
DST_05,2025-01-06,Production,1012.16,0
DST_05,2025-01-07,Production,885.66,0
DST_05,2025-01-08,Production,1009.91,0
DST_05,2025-01-09,Production,1204.28,0
DST_05,2025-01-10,Production,1328.43,0
DST_05,2025-01-11,Production,1128.33,0
DST_05,2025-01-12,Production,1102.6,0
DST_05,2025-01-13,Production,1154.83,0
DST_05,2025-01-14,Production,904.26,0
DST_05,2025-01-15,Production,985.96,0
DST_05,2025-01-16,Production,1169.53,0
DST_05,2025-01-17,Production,1054.09,0
DST_05,2025-01-18,Production,1039.07,0
DST_05,2025-01-19,Production,1174.98,0
DST_05,2025-01-20,Production,867.99,0
DST_05,2025-01-21,Production,1209.78,0
DST_05,2025-01-22,Production,989.71,0
DST_05,2025-01-23,Production,1142.64,0
DST_05,2025-01-24,Production,1080.07,0
DST_05,2025-01-25,Production,1161.0,0
DST_05,2025-01-26,Production,1190.34,0
DST_05,2025-01-27,Production,967.48,0
DST_05,2025-01-28,Production,1173.1,0
DST_05,2025-01-29,Production,1136.31,0
DST_05,2025-01-30,Production,1238.49,0
DST_05,2025-01-31,Production,1021.28,0
DST_05,2025-02-01,Production,1212.04,0
DST_05,2025-02-02,Production,1161.02,0
DST_05,2025-02-03,Production,1030.84,0
DST_05,2025-02-04,Production,1191.31,0
DST_05,2025-02-05,Production,1038.6,0
DST_05,2025-02-06,Production,1181.54,0
DST_05,2025-02-07,Production,1068.84,0
DST_05,2025-02-08,Production,1092.02,0
DST_05,2025-02-09,Production,1087.55,0
DST_05,2025-02-10,Production,1192.74,0
DST_05,2025-02-11,Production,1070.36,0
DST_05,2025-02-12,Production,1144.57,0
DST_05,2025-02-13,Production,1146.67,0
DST_05,2025-02-14,Production,984.46,0
DST_05,2025-02-15,Production,1182.74,0
DST_05,2025-02-16,Production,1243.77,0
DST_05,2025-02-17,Production,1136.79,0
DST_05,2025-02-18,Production,1125.12,0
DST_05,2025-02-19,Production,985.29,0
DST_05,2025-02-20,Production,1223.36,0
DST_05,2025-02-21,Production,909.45,0
DST_05,2025-02-22,Production,1096.03,0
DST_05,2025-02-23,Production,1252.32,0
DST_05,2025-02-24,Production,1003.39,0
DST_05,2025-02-25,Production,1139.99,0
DST_05,2025-02-26,Production,999.24,0
DST_05,2025-02-27,Production,1153.21,0
DST_05,2025-02-28,Production,922.66,0
DST_05,2025-03-01,Production,1034.16,0
DST_05,2025-03-02,Production,1009.09,0
DST_05,2025-03-03,Production,1091.29,0
DST_05,2025-03-04,Production,890.85,0
DST_05,2025-03-05,Production,1247.62,0
DST_05,2025-03-06,Production,1114.48,0
DST_05,2025-03-07,Production,1025.65,0
DST_05,2025-03-08,Production,1245.56,0
DST_05,2025-03-09,Production,1077.35,0
DST_05,2025-03-10,Production,1108.52,0
DST_05,2025-03-11,Production,1112.05,0
DST_05,2025-03-12,Production,1256.88,0
DST_05,2025-03-13,Production,1097.51,0
DST_05,2025-03-14,Production,961.28,0
DST_05,2025-03-15,Production,1089.94,0
DST_05,2025-03-16,Production,1126.68,0
DST_05,2025-03-17,Production,1077.13,0
DST_05,2025-03-18,Production,1007.77,0
DST_05,2025-03-19,Production,990.14,0
DST_05,2025-03-20,Production,891.32,0
DST_05,2025-03-21,Production,1133.5,0
DST_05,2025-03-22,Production,987.21,0
DST_05,2025-03-23,Production,1008.56,0
DST_05,2025-03-24,Production,1136.65,0
DST_05,2025-03-25,Production,1200.0,0
DST_05,2025-03-26,Production,964.86,0
DST_05,2025-03-27,Production,1040.94,0
DST_05,2025-03-28,Production,1036.2,0
DST_05,2025-03-29,Production,1136.24,0
DST_05,2025-03-30,Production,964.36,0
DST_05,2025-03-31,Production,990.8,0
DST_05,2025-04-01,Production,1126.7,0
DST_05,2025-04-02,Production,1012.93,0
DST_05,2025-04-03,Production,965.63,0
DST_05,2025-04-04,Production,1078.76,0
DST_05,2025-04-05,Production,978.12,0
DST_05,2025-04-06,Production,1049.59,0
DST_05,2025-04-07,Production,1222.74,0
DST_05,2025-04-08,Production,1060.36,0
DST_05,2025-04-09,Production,1064.76,0
DST_05,2025-04-10,Production,1027.68,0
DST_06,2025-01-01,Production,885.06,0
DST_06,2025-01-02,Production,1102.72,0
DST_06,2025-01-03,Production,1210.31,0
DST_06,2025-01-04,Production,1241.8,0
DST_06,2025-01-05,Production,1445.65,0
DST_06,2025-01-06,Production,1042.14,0
DST_06,2025-01-07,Production,1105.85,0
DST_06,2025-01-08,Production,939.04,0
DST_06,2025-01-09,Production,1317.32,0
DST_06,2025-01-10,Production,1207.06,0
DST_06,2025-01-11,Production,1203.12,0
DST_06,2025-01-12,Production,1156.46,0
DST_06,2025-01-13,Production,1063.0,0
DST_06,2025-01-14,Production,754.78,0
DST_06,2025-01-15,Production,1240.19,0
DST_06,2025-01-16,Production,1165.57,0
DST_06,2025-01-17,Production,1113.02,0
DST_06,2025-01-18,Production,974.1,0
DST_06,2025-01-19,Production,1191.17,0
DST_06,2025-01-20,Production,1118.28,0
DST_06,2025-01-21,Production,1105.7,0
DST_06,2025-01-22,Production,938.15,0
DST_06,2025-01-23,Production,936.22,0
DST_06,2025-01-24,Production,1068.54,0
DST_06,2025-01-25,Production,1066.4,0
DST_06,2025-01-26,Production,946.72,0
DST_06,2025-01-27,Production,1302.28,0
DST_06,2025-01-28,Production,1023.79,0
DST_06,2025-01-29,Production,1071.62,0
DST_06,2025-01-30,Production,1113.33,0
DST_06,2025-01-31,Production,1268.65,0
DST_06,2025-02-01,Production,980.67,0
DST_06,2025-02-02,Production,1056.2,0
DST_06,2025-02-03,Production,916.68,0
DST_06,2025-02-04,Production,1214.41,0
DST_06,2025-02-05,Production,1134.61,0
DST_06,2025-02-06,Production,1100.31,0
DST_06,2025-02-07,Production,1116.44,0
DST_06,2025-02-08,Production,1312.71,0
DST_06,2025-02-09,Production,1065.89,0
DST_06,2025-02-10,Production,1005.18,0
DST_06,2025-02-11,Production,1005.82,0
DST_06,2025-02-12,Production,1212.11,0
DST_06,2025-02-13,Production,1155.37,0
DST_06,2025-02-14,Production,1141.53,0
DST_06,2025-02-15,Production,996.91,0
DST_06,2025-02-16,Production,1150.03,0
DST_06,2025-02-17,Production,1157.0,0
DST_06,2025-02-18,Production,1093.59,0
DST_06,2025-02-19,Production,1063.11,0
DST_06,2025-02-20,Production,1140.67,0
DST_06,2025-02-21,Production,1131.2,0
DST_06,2025-02-22,Production,1161.14,0
DST_06,2025-02-23,Production,1193.37,1
DST_06,2025-02-24,Production,1035.07,0
DST_06,2025-02-25,Production,939.39,0
DST_06,2025-02-26,Production,1050.36,1
DST_06,2025-02-27,Production,1124.91,0
DST_06,2025-02-28,Production,1164.97,0
DST_06,2025-03-01,Production,1203.61,0
DST_06,2025-03-02,Production,1090.44,0
DST_06,2025-03-03,Production,1217.64,1
DST_06,2025-03-04,Production,1068.43,0
DST_06,2025-03-05,Production,962.67,0
DST_06,2025-03-06,Production,1137.9,0
DST_06,2025-03-07,Production,1131.69,0
DST_06,2025-03-08,Production,1074.82,0
DST_06,2025-03-09,Production,865.94,0
DST_06,2025-03-10,Production,1039.97,1
DST_06,2025-03-11,Production,940.24,0
DST_06,2025-03-12,Production,1372.54,0
DST_06,2025-03-13,Production,1101.85,0
DST_06,2025-03-14,Production,1268.63,1
DST_06,2025-03-15,Production,1033.79,0
DST_06,2025-03-16,Production,871.73,0
DST_06,2025-03-17,Production,836.39,0
DST_06,2025-03-18,Production,1152.85,1
DST_06,2025-03-19,Production,990.06,1
DST_06,2025-03-20,Production,1007.81,0
DST_06,2025-03-21,Production,974.72,0
DST_06,2025-03-22,Production,1063.19,1
DST_06,2025-03-23,Production,910.01,0
DST_06,2025-03-24,Production,1050.42,0
DST_06,2025-03-25,Production,1004.91,0
DST_06,2025-03-26,Production,1089.76,1
DST_06,2025-03-27,Production,1062.68,1
DST_06,2025-03-28,Production,994.96,1
DST_06,2025-03-29,Production,1110.05,1
DST_06,2025-03-30,Production,1135.66,0
DST_06,2025-03-31,Production,1088.35,0
DST_06,2025-04-01,Production,1240.71,0
DST_06,2025-04-02,Production,810.03,0
DST_06,2025-04-03,Production,1264.08,1
DST_06,2025-04-04,Production,1252.81,0
DST_06,2025-04-05,Production,1213.9,0
DST_06,2025-04-06,Production,982.58,0
DST_06,2025-04-07,Production,1047.2,0
DST_06,2025-04-08,Production,987.7,0
DST_06,2025-04-09,Production,893.47,1
DST_06,2025-04-10,Production,858.01,0
DST_07,2025-01-01,Production,1461.23,0
DST_07,2025-01-02,Production,815.25,0
DST_07,2025-01-03,Production,1008.37,0
DST_07,2025-01-04,Production,1224.15,0
DST_07,2025-01-05,Production,1499.35,0
DST_07,2025-01-06,Production,1290.35,0
DST_07,2025-01-07,Production,899.57,0
DST_07,2025-01-08,Production,1243.56,0
DST_07,2025-01-09,Production,1708.25,0
DST_07,2025-01-10,Production,1329.01,0
DST_07,2025-01-11,Production,1053.15,0
DST_07,2025-01-12,Production,1370.6,0
DST_07,2025-01-13,Production,458.75,0
DST_07,2025-01-14,Production,1112.34,0
DST_07,2025-01-15,Production,949.4,0
DST_07,2025-01-16,Production,971.54,0
DST_07,2025-01-17,Production,929.27,0
DST_07,2025-01-18,Production,1087.53,0
DST_07,2025-01-19,Production,1102.29,0
DST_07,2025-01-20,Production,891.23,0
DST_07,2025-01-21,Production,708.67,0
DST_07,2025-01-22,Production,611.47,0
DST_07,2025-01-23,Production,1052.73,0
DST_07,2025-01-24,Production,956.54,0
DST_07,2025-01-25,Production,1396.09,0
DST_07,2025-01-26,Production,1235.89,0
DST_07,2025-01-27,Production,1078.9,0
DST_07,2025-01-28,Production,1374.22,0
DST_07,2025-01-29,Production,1202.36,0
DST_07,2025-01-30,Production,986.94,0
DST_07,2025-01-31,Production,679.84,0
DST_07,2025-02-01,Production,594.21,0
DST_07,2025-02-02,Production,971.04,0
DST_07,2025-02-03,Production,896.8,0
DST_07,2025-02-04,Production,898.8,0
DST_07,2025-02-05,Production,521.67,0
DST_07,2025-02-06,Production,789.27,0
DST_07,2025-02-07,Production,932.69,0
DST_07,2025-02-08,Production,1372.38,0
DST_07,2025-02-09,Production,964.05,0
DST_07,2025-02-10,Production,599.57,0
DST_07,2025-02-11,Production,1284.12,0
DST_07,2025-02-12,Production,1171.76,0
DST_07,2025-02-13,Production,613.92,0
DST_07,2025-02-14,Production,1058.66,0
DST_07,2025-02-15,Production,1074.5,0
DST_07,2025-02-16,Production,1559.21,0
DST_07,2025-02-17,Production,938.01,0
DST_07,2025-02-18,Production,731.77,0
DST_07,2025-02-19,Production,1119.41,0
DST_07,2025-02-20,Production,1314.36,0
DST_07,2025-02-21,Production,978.66,0
DST_07,2025-02-22,Production,966.22,0
DST_07,2025-02-23,Production,830.78,0
DST_07,2025-02-24,Production,618.99,0
DST_07,2025-02-25,Production,574.81,0
DST_07,2025-02-26,Production,1362.02,0
DST_07,2025-02-27,Production,1260.63,0
DST_07,2025-02-28,Production,1187.58,0
DST_07,2025-03-01,Production,1053.04,0
DST_07,2025-03-02,Production,632.93,0
DST_07,2025-03-03,Production,1195.87,0
DST_07,2025-03-04,Production,978.89,0
DST_07,2025-03-05,Production,944.82,0
DST_07,2025-03-06,Production,1338.52,0
DST_07,2025-03-07,Production,1145.22,0
DST_07,2025-03-08,Production,1231.34,0
DST_07,2025-03-09,Production,1469.41,0
DST_07,2025-03-10,Production,1384.09,0
DST_07,2025-03-11,Production,848.56,0
DST_07,2025-03-12,Production,1007.72,0
DST_07,2025-03-13,Production,1168.2,0
DST_07,2025-03-14,Production,783.47,0
DST_07,2025-03-15,Production,752.92,0
DST_07,2025-03-16,Production,1193.11,0
DST_07,2025-03-17,Production,1216.62,0
DST_07,2025-03-18,Production,1011.39,0
DST_07,2025-03-19,Production,723.51,0
DST_07,2025-03-20,Production,982.55,0
DST_07,2025-03-21,Production,1086.6,0
DST_07,2025-03-22,Production,855.27,0
DST_07,2025-03-23,Production,1021.47,0
DST_07,2025-03-24,Production,578.27,0
DST_07,2025-03-25,Production,971.35,0
DST_07,2025-03-26,Production,228.62,0
DST_07,2025-03-27,Production,1360.73,0
DST_07,2025-03-28,Production,1169.49,0
DST_07,2025-03-29,Production,1101.21,0
DST_07,2025-03-30,Production,1098.84,0
DST_07,2025-03-31,Production,1002.14,0
DST_07,2025-04-01,Production,1441.89,0
DST_07,2025-04-02,Production,1412.16,0
DST_07,2025-04-03,Production,931.14,0
DST_07,2025-04-04,Production,819.71,0
DST_07,2025-04-05,Production,839.22,0
DST_07,2025-04-06,Production,583.95,0
DST_07,2025-04-07,Production,1291.34,0
DST_07,2025-04-08,Production,1366.9,0
DST_07,2025-04-09,Production,1146.1,0
DST_07,2025-04-10,Production,1046.22,0
DST_08,2025-01-01,Production,1225.89,0
DST_08,2025-01-02,Production,1259.98,0
DST_08,2025-01-03,Production,730.05,0
DST_08,2025-01-04,Production,1143.98,0
DST_08,2025-01-05,Production,1317.09,0
DST_08,2025-01-06,Production,1150.18,0
DST_08,2025-01-07,Production,1146.71,0
DST_08,2025-01-08,Production,1151.52,0
DST_08,2025-01-09,Production,1209.65,0
DST_08,2025-01-10,Production,1122.09,0
DST_08,2025-01-11,Production,1127.6,0
DST_08,2025-01-12,Production,911.01,0
DST_08,2025-01-13,Production,1181.66,0
DST_08,2025-01-14,Production,1266.84,0
DST_08,2025-01-15,Production,1111.17,0
DST_08,2025-01-16,Production,1011.32,0
DST_08,2025-01-17,Production,795.04,0
DST_08,2025-01-18,Production,1085.11,0
DST_08,2025-01-19,Production,1132.83,0
DST_08,2025-01-20,Production,1362.46,0
DST_08,2025-01-21,Production,820.09,0
DST_08,2025-01-22,Production,1209.95,0
DST_08,2025-01-23,Production,1318.09,0
DST_08,2025-01-24,Production,1053.25,0
DST_08,2025-01-25,Production,884.8,0
DST_08,2025-01-26,Production,1467.7,0
DST_08,2025-01-27,Production,1003.21,0
DST_08,2025-01-28,Production,1040.28,0
DST_08,2025-01-29,Production,1225.9,0
DST_08,2025-01-30,Production,838.27,0
DST_08,2025-01-31,Production,1099.04,0
DST_08,2025-02-01,Production,867.55,0
DST_08,2025-02-02,Production,1038.71,0
DST_08,2025-02-03,Production,1149.32,0
DST_08,2025-02-04,Production,1184.02,0
DST_08,2025-02-05,Production,1207.75,0
DST_08,2025-02-06,Production,1013.14,0
DST_08,2025-02-07,Production,889.43,0
DST_08,2025-02-08,Production,743.94,0
DST_08,2025-02-09,Production,1216.34,0
DST_08,2025-02-10,Production,1150.63,0
DST_08,2025-02-11,Production,1098.47,0
DST_08,2025-02-12,Production,1205.78,0
DST_08,2025-02-13,Production,900.72,0
DST_08,2025-02-14,Production,1084.88,0
DST_08,2025-02-15,Production,1052.19,0
DST_08,2025-02-16,Production,1062.11,0
DST_08,2025-02-17,Production,1081.47,0
DST_08,2025-02-18,Production,1109.49,0
DST_08,2025-02-19,Production,1142.08,0
DST_08,2025-02-20,Production,887.78,0
DST_08,2025-02-21,Production,809.19,0
DST_08,2025-02-22,Production,830.38,0
DST_08,2025-02-23,Production,1225.05,0
DST_08,2025-02-24,Production,1114.51,0
DST_08,2025-02-25,Production,838.22,0
DST_08,2025-02-26,Production,1141.82,0
DST_08,2025-02-27,Production,1298.74,0
DST_08,2025-02-28,Production,917.79,0
DST_08,2025-03-01,Production,1056.3,0
DST_08,2025-03-02,Production,1282.12,0
DST_08,2025-03-03,Production,997.16,0
DST_08,2025-03-04,Production,1177.42,0
DST_08,2025-03-05,Production,1103.47,0
DST_08,2025-03-06,Production,690.28,0
DST_08,2025-03-07,Production,1080.28,0
DST_08,2025-03-08,Production,886.24,0
DST_08,2025-03-09,Production,880.83,0
DST_08,2025-03-10,Production,1071.22,0
DST_08,2025-03-11,Production,1092.44,0
DST_08,2025-03-12,Production,1087.17,0
DST_08,2025-03-13,Production,1159.21,0
DST_08,2025-03-14,Production,1009.94,0
DST_08,2025-03-15,Production,1066.55,0
DST_08,2025-03-16,Production,905.96,0
DST_08,2025-03-17,Production,1285.33,0
DST_08,2025-03-18,Production,971.55,0
DST_08,2025-03-19,Production,1052.36,0
DST_08,2025-03-20,Production,1109.74,0
DST_08,2025-03-21,Production,848.48,0
DST_08,2025-03-22,Production,1062.75,0
DST_08,2025-03-23,Production,1182.94,0
DST_08,2025-03-24,Production,1149.82,0
DST_08,2025-03-25,Production,848.45,0
DST_08,2025-03-26,Production,1256.9,0
DST_08,2025-03-27,Production,1044.61,0
DST_08,2025-03-28,Production,1185.79,0
DST_08,2025-03-29,Production,1291.96,0
DST_08,2025-03-30,Production,1300.52,0
DST_08,2025-03-31,Production,1141.25,0
DST_08,2025-04-01,Production,1042.87,0
DST_08,2025-04-02,Production,1245.77,0
DST_08,2025-04-03,Production,934.66,0
DST_08,2025-04-04,Production,1328.26,0
DST_08,2025-04-05,Production,1082.5,0
DST_08,2025-04-06,Production,1032.73,0
DST_08,2025-04-07,Production,1058.22,0
DST_08,2025-04-08,Production,718.76,0
DST_08,2025-04-09,Production,1205.32,0
DST_08,2025-04-10,Production,1329.38,0
RTL_01,2025-01-01,Production,1228.97,0
RTL_01,2025-01-02,Production,1361.39,0
RTL_01,2025-01-03,Production,1659.28,0
RTL_01,2025-01-04,Production,1110.35,0
RTL_01,2025-01-05,Production,1168.47,0
RTL_01,2025-01-06,Production,1230.42,0
RTL_01,2025-01-07,Production,1466.41,0
RTL_01,2025-01-08,Production,1698.95,0
RTL_01,2025-01-09,Production,1155.32,0
RTL_01,2025-01-10,Production,1728.04,0
RTL_01,2025-01-11,Production,1298.82,0
RTL_01,2025-01-12,Production,1448.71,0
RTL_01,2025-01-13,Production,1311.99,0
RTL_01,2025-01-14,Production,857.21,0
RTL_01,2025-01-15,Production,1227.39,0
RTL_01,2025-01-16,Production,1471.79,0
RTL_01,2025-01-17,Production,1072.97,0
RTL_01,2025-01-18,Production,1401.06,0
RTL_01,2025-01-19,Production,1455.79,0
RTL_01,2025-01-20,Production,1263.03,0
RTL_01,2025-01-21,Production,1592.43,0
RTL_01,2025-01-22,Production,1231.96,0
RTL_01,2025-01-23,Production,1249.31,0
RTL_01,2025-01-24,Production,1436.19,0
RTL_01,2025-01-25,Production,1284.77,0
RTL_01,2025-01-26,Production,1010.15,0
RTL_01,2025-01-27,Production,1512.57,0
RTL_01,2025-01-28,Production,1324.83,0
RTL_01,2025-01-29,Production,1611.94,0
RTL_01,2025-01-30,Production,1619.33,0
RTL_01,2025-01-31,Production,1473.39,0
RTL_01,2025-02-01,Production,1398.54,0
RTL_01,2025-02-02,Production,1511.62,0
RTL_01,2025-02-03,Production,1132.34,0
RTL_01,2025-02-04,Production,1456.69,0
RTL_01,2025-02-05,Production,1547.59,0
RTL_01,2025-02-06,Production,1601.69,0
RTL_01,2025-02-07,Production,1132.04,0
RTL_01,2025-02-08,Production,1435.8,0
RTL_01,2025-02-09,Production,1011.84,0
RTL_01,2025-02-10,Production,1235.83,0
RTL_01,2025-02-11,Production,1253.69,0
RTL_01,2025-02-12,Production,1822.51,0
RTL_01,2025-02-13,Production,1260.28,0
RTL_01,2025-02-14,Production,1763.15,0
RTL_01,2025-02-15,Production,1599.53,0
RTL_01,2025-02-16,Production,544.54,0
RTL_01,2025-02-17,Production,1404.67,0
RTL_01,2025-02-18,Production,958.93,0
RTL_01,2025-02-19,Production,1096.33,0
RTL_01,2025-02-20,Production,1277.82,0
RTL_01,2025-02-21,Production,1739.41,0
RTL_01,2025-02-22,Production,1334.02,0
RTL_01,2025-02-23,Production,1166.5,0
RTL_01,2025-02-24,Production,1199.63,0
RTL_01,2025-02-25,Production,1634.87,0
RTL_01,2025-02-26,Production,1604.79,0
RTL_01,2025-02-27,Production,1144.09,0
RTL_01,2025-02-28,Production,1539.52,0
RTL_01,2025-03-01,Production,1607.33,0
RTL_01,2025-03-02,Production,2035.01,0
RTL_01,2025-03-03,Production,1371.86,0
RTL_01,2025-03-04,Production,1617.34,0
RTL_01,2025-03-05,Production,1418.75,0
RTL_01,2025-03-06,Production,1357.47,0
RTL_01,2025-03-07,Production,1286.43,0
RTL_01,2025-03-08,Production,1075.75,0
RTL_01,2025-03-09,Production,1295.68,0
RTL_01,2025-03-10,Production,1484.96,0
RTL_01,2025-03-11,Production,916.34,0
RTL_01,2025-03-12,Production,1176.51,0
RTL_01,2025-03-13,Production,1403.44,0
RTL_01,2025-03-14,Production,1313.89,0
RTL_01,2025-03-15,Production,1336.1,0
RTL_01,2025-03-16,Production,1281.61,0
RTL_01,2025-03-17,Production,755.01,0
RTL_01,2025-03-18,Production,1487.74,0
RTL_01,2025-03-19,Production,1501.78,0
RTL_01,2025-03-20,Production,1285.99,0
RTL_01,2025-03-21,Production,1264.59,0
RTL_01,2025-03-22,Production,1142.98,0
RTL_01,2025-03-23,Production,1376.44,0
RTL_01,2025-03-24,Production,1210.18,0
RTL_01,2025-03-25,Production,887.18,0
RTL_01,2025-03-26,Production,1349.07,0
RTL_01,2025-03-27,Production,1295.6,0
RTL_01,2025-03-28,Production,946.1,0
RTL_01,2025-03-29,Production,1467.78,0
RTL_01,2025-03-30,Production,1525.55,0
RTL_01,2025-03-31,Production,1172.67,0
RTL_01,2025-04-01,Production,1408.35,0
RTL_01,2025-04-02,Production,1121.92,0
RTL_01,2025-04-03,Production,1011.98,0
RTL_01,2025-04-04,Production,1427.13,0
RTL_01,2025-04-05,Production,1409.91,0
RTL_01,2025-04-06,Production,1277.93,0
RTL_01,2025-04-07,Production,1522.66,0
RTL_01,2025-04-08,Production,1213.33,0
RTL_01,2025-04-09,Production,1602.4,0
RTL_01,2025-04-10,Production,1402.62,0
RTL_02,2025-01-01,Production,1270.58,0
RTL_02,2025-01-02,Production,1985.44,0
RTL_02,2025-01-03,Production,895.31,0
RTL_02,2025-01-04,Production,1225.81,0
RTL_02,2025-01-05,Production,1375.54,0
RTL_02,2025-01-06,Production,1244.16,0
RTL_02,2025-01-07,Production,1666.7,0
RTL_02,2025-01-08,Production,1055.76,0
RTL_02,2025-01-09,Production,1951.31,0
RTL_02,2025-01-10,Production,1565.68,0
RTL_02,2025-01-11,Production,1097.22,0
RTL_02,2025-01-12,Production,856.56,0
RTL_02,2025-01-13,Production,1543.79,0
RTL_02,2025-01-14,Production,1512.31,0
RTL_02,2025-01-15,Production,1164.8,0
RTL_02,2025-01-16,Production,1177.97,0
RTL_02,2025-01-17,Production,1503.38,0
RTL_02,2025-01-18,Production,1652.27,0
RTL_02,2025-01-19,Production,1730.15,0
RTL_02,2025-01-20,Production,1520.23,0
RTL_02,2025-01-21,Production,1559.77,0
RTL_02,2025-01-22,Production,2067.2,0
RTL_02,2025-01-23,Production,1359.28,0
RTL_02,2025-01-24,Production,1479.77,0
RTL_02,2025-01-25,Production,728.77,0
RTL_02,2025-01-26,Production,1434.46,0
RTL_02,2025-01-27,Production,763.14,0
RTL_02,2025-01-28,Production,1026.8,0
RTL_02,2025-01-29,Production,1459.49,0
RTL_02,2025-01-30,Production,1774.14,0
RTL_02,2025-01-31,Production,1387.99,0
RTL_02,2025-02-01,Production,1594.2,0
RTL_02,2025-02-02,Production,1306.45,0
RTL_02,2025-02-03,Production,1747.74,0
RTL_02,2025-02-04,Production,1333.73,0
RTL_02,2025-02-05,Production,1444.49,0
RTL_02,2025-02-06,Production,1177.76,0
RTL_02,2025-02-07,Production,1602.67,0
RTL_02,2025-02-08,Production,1216.32,0
RTL_02,2025-02-09,Production,1327.38,0
RTL_02,2025-02-10,Production,1250.33,0
RTL_02,2025-02-11,Production,963.58,0
RTL_02,2025-02-12,Production,1134.36,0
RTL_02,2025-02-13,Production,1304.84,0
RTL_02,2025-02-14,Production,1005.46,0
RTL_02,2025-02-15,Production,1022.56,0
RTL_02,2025-02-16,Production,1803.86,0
RTL_02,2025-02-17,Production,1187.78,0
RTL_02,2025-02-18,Production,1440.97,0
RTL_02,2025-02-19,Production,1314.56,0
RTL_02,2025-02-20,Production,1578.14,0
RTL_02,2025-02-21,Production,1165.82,1
RTL_02,2025-02-22,Production,1525.15,0
RTL_02,2025-02-23,Production,1219.26,1
RTL_02,2025-02-24,Production,1283.54,0
RTL_02,2025-02-25,Production,1754.08,0
RTL_02,2025-02-26,Production,980.88,1
RTL_02,2025-02-27,Production,1301.75,0
RTL_02,2025-02-28,Production,1213.75,0
RTL_02,2025-03-01,Production,1313.7,0
RTL_02,2025-03-02,Production,1214.83,1
RTL_02,2025-03-03,Production,1176.45,0
RTL_02,2025-03-04,Production,1421.27,0
RTL_02,2025-03-05,Production,1989.2,0
RTL_02,2025-03-06,Production,1139.75,0
RTL_02,2025-03-07,Production,1668.8,0
RTL_02,2025-03-08,Production,1183.23,0
RTL_02,2025-03-09,Production,869.18,0
RTL_02,2025-03-10,Production,1665.92,1
RTL_02,2025-03-11,Production,1694.81,1
RTL_02,2025-03-12,Production,649.32,0
RTL_02,2025-03-13,Production,1419.6,1
RTL_02,2025-03-14,Production,1173.56,1
RTL_02,2025-03-15,Production,1583.1,0
RTL_02,2025-03-16,Production,1298.4,0
RTL_02,2025-03-17,Production,1139.07,0
RTL_02,2025-03-18,Production,1212.06,1
RTL_02,2025-03-19,Production,982.44,1
RTL_02,2025-03-20,Production,1573.52,1
RTL_02,2025-03-21,Production,1409.12,1
RTL_02,2025-03-22,Production,1486.3,1
RTL_02,2025-03-23,Production,1662.25,0
RTL_02,2025-03-24,Production,1207.65,0
RTL_02,2025-03-25,Production,1562.76,1
RTL_02,2025-03-26,Production,1160.23,0
RTL_02,2025-03-27,Production,1915.15,0
RTL_02,2025-03-28,Production,1529.19,0
RTL_02,2025-03-29,Production,1582.17,1
RTL_02,2025-03-30,Production,1297.85,0
RTL_02,2025-03-31,Production,629.81,0
RTL_02,2025-04-01,Production,1133.72,0
RTL_02,2025-04-02,Production,1385.77,0
RTL_02,2025-04-03,Production,1216.29,0
RTL_02,2025-04-04,Production,1283.21,0
RTL_02,2025-04-05,Production,971.45,0
RTL_02,2025-04-06,Production,1494.11,0
RTL_02,2025-04-07,Production,1564.66,0
RTL_02,2025-04-08,Production,1607.57,0
RTL_02,2025-04-09,Production,1505.63,1
RTL_02,2025-04-10,Production,1107.72,1
RTL_03,2025-01-01,Production,1042.29,0
RTL_03,2025-01-02,Production,971.73,0
RTL_03,2025-01-03,Production,1500.3,0
RTL_03,2025-01-04,Production,2199.92,0
RTL_03,2025-01-05,Production,1336.26,0
RTL_03,2025-01-06,Production,1427.48,0
RTL_03,2025-01-07,Production,961.48,0
RTL_03,2025-01-08,Production,1254.37,0
RTL_03,2025-01-09,Production,1275.45,0
RTL_03,2025-01-10,Production,1211.19,0
RTL_03,2025-01-11,Production,1108.36,0
RTL_03,2025-01-12,Production,1332.07,0
RTL_03,2025-01-13,Production,1142.57,0
RTL_03,2025-01-14,Production,1807.42,0
RTL_03,2025-01-15,Production,2105.29,0
RTL_03,2025-01-16,Production,1069.48,0
RTL_03,2025-01-17,Production,1216.03,0
RTL_03,2025-01-18,Production,1509.76,0
RTL_03,2025-01-19,Production,1564.84,0
RTL_03,2025-01-20,Production,1068.69,0
RTL_03,2025-01-21,Production,1139.67,0
RTL_03,2025-01-22,Production,1566.14,0
RTL_03,2025-01-23,Production,746.35,0
RTL_03,2025-01-24,Production,2166.15,0
RTL_03,2025-01-25,Production,1461.07,0
RTL_03,2025-01-26,Production,1237.95,0
RTL_03,2025-01-27,Production,1294.61,0
RTL_03,2025-01-28,Production,954.5,0
RTL_03,2025-01-29,Production,2014.14,0
RTL_03,2025-01-30,Production,1319.09,0
RTL_03,2025-01-31,Production,1189.69,0
RTL_03,2025-02-01,Production,1997.38,0
RTL_03,2025-02-02,Production,1730.23,0
RTL_03,2025-02-03,Production,1278.36,0
RTL_03,2025-02-04,Production,1510.74,0
RTL_03,2025-02-05,Production,1227.61,0
RTL_03,2025-02-06,Production,1216.54,0
RTL_03,2025-02-07,Production,1268.59,0
RTL_03,2025-02-08,Production,1459.59,0
RTL_03,2025-02-09,Production,1753.42,0
RTL_03,2025-02-10,Production,2078.63,0
RTL_03,2025-02-11,Production,549.5,0
RTL_03,2025-02-12,Production,2205.68,0
RTL_03,2025-02-13,Production,1727.43,0
RTL_03,2025-02-14,Production,1356.09,0
RTL_03,2025-02-15,Production,1191.55,0
RTL_03,2025-02-16,Production,661.69,0
RTL_03,2025-02-17,Production,1790.09,0
RTL_03,2025-02-18,Production,946.7,0
RTL_03,2025-02-19,Production,1590.18,0
RTL_03,2025-02-20,Production,1197.19,0
RTL_03,2025-02-21,Production,750.99,1
RTL_03,2025-02-22,Production,1491.41,0
RTL_03,2025-02-23,Production,1682.53,1
RTL_03,2025-02-24,Production,1672.2,0
RTL_03,2025-02-25,Production,729.73,0
RTL_03,2025-02-26,Production,1266.31,1
RTL_03,2025-02-27,Production,1369.56,1
RTL_03,2025-02-28,Production,2022.06,0
RTL_03,2025-03-01,Production,1159.44,0
RTL_03,2025-03-02,Production,1649.07,0
RTL_03,2025-03-03,Production,1110.97,0
RTL_03,2025-03-04,Production,1356.13,1
RTL_03,2025-03-05,Production,1535.67,0
RTL_03,2025-03-06,Production,1906.82,0
RTL_03,2025-03-07,Production,1598.16,0
RTL_03,2025-03-08,Production,1700.76,0
RTL_03,2025-03-09,Production,968.61,0
RTL_03,2025-03-10,Production,1672.77,0
RTL_03,2025-03-11,Production,1651.52,0
RTL_03,2025-03-12,Production,1416.61,0
RTL_03,2025-03-13,Production,1459.24,0
RTL_03,2025-03-14,Production,1494.99,1
RTL_03,2025-03-15,Production,1515.5,0
RTL_03,2025-03-16,Production,1644.27,1
RTL_03,2025-03-17,Production,1168.66,0
RTL_03,2025-03-18,Production,1757.58,0
RTL_03,2025-03-19,Production,1177.61,1
RTL_03,2025-03-20,Production,1860.43,0
RTL_03,2025-03-21,Production,1694.59,0
RTL_03,2025-03-22,Production,1609.94,0
RTL_03,2025-03-23,Production,853.96,0
RTL_03,2025-03-24,Production,1287.52,0
RTL_03,2025-03-25,Production,1196.87,0
RTL_03,2025-03-26,Production,1793.8,0
RTL_03,2025-03-27,Production,1386.04,0
RTL_03,2025-03-28,Production,914.61,1
RTL_03,2025-03-29,Production,2033.1,1
RTL_03,2025-03-30,Production,1392.98,0
RTL_03,2025-03-31,Production,1584.17,0
RTL_03,2025-04-01,Production,1570.29,0
RTL_03,2025-04-02,Production,957.6,0
RTL_03,2025-04-03,Production,1357.18,0
RTL_03,2025-04-04,Production,1168.89,1
RTL_03,2025-04-05,Production,1700.13,0
RTL_03,2025-04-06,Production,591.7,0
RTL_03,2025-04-07,Production,908.74,0
RTL_03,2025-04-08,Production,1866.2,0
RTL_03,2025-04-09,Production,1378.75,0
RTL_03,2025-04-10,Production,1014.09,1
RTL_04,2025-01-01,Production,1455.99,0
RTL_04,2025-01-02,Production,1103.25,0
RTL_04,2025-01-03,Production,1480.5,0
RTL_04,2025-01-04,Production,1185.66,0
RTL_04,2025-01-05,Production,1378.74,0
RTL_04,2025-01-06,Production,1543.85,0
RTL_04,2025-01-07,Production,1454.73,0
RTL_04,2025-01-08,Production,1461.84,0
RTL_04,2025-01-09,Production,1109.12,0
RTL_04,2025-01-10,Production,732.36,0
RTL_04,2025-01-11,Production,1927.29,0
RTL_04,2025-01-12,Production,1656.75,0
RTL_04,2025-01-13,Production,1355.14,0
RTL_04,2025-01-14,Production,1238.5,0
RTL_04,2025-01-15,Production,1873.7,0
RTL_04,2025-01-16,Production,1771.28,0
RTL_04,2025-01-17,Production,1218.11,0
RTL_04,2025-01-18,Production,1338.8,0
RTL_04,2025-01-19,Production,1562.17,0
RTL_04,2025-01-20,Production,1546.56,0
RTL_04,2025-01-21,Production,1864.01,0
RTL_04,2025-01-22,Production,1577.23,0
RTL_04,2025-01-23,Production,1368.9,0
RTL_04,2025-01-24,Production,688.98,0
RTL_04,2025-01-25,Production,1575.09,0
RTL_04,2025-01-26,Production,1226.44,0
RTL_04,2025-01-27,Production,1546.86,0
RTL_04,2025-01-28,Production,1209.18,0
RTL_04,2025-01-29,Production,1251.61,0
RTL_04,2025-01-30,Production,1482.71,0
RTL_04,2025-01-31,Production,1861.7,0
RTL_04,2025-02-01,Production,605.75,0
RTL_04,2025-02-02,Production,1682.15,0
RTL_04,2025-02-03,Production,1239.28,0
RTL_04,2025-02-04,Production,1587.79,0
RTL_04,2025-02-05,Production,1727.61,0
RTL_04,2025-02-06,Production,1312.15,0
RTL_04,2025-02-07,Production,1070.8,0
RTL_04,2025-02-08,Production,1193.57,0
RTL_04,2025-02-09,Production,1276.11,0
RTL_04,2025-02-10,Production,1293.96,0
RTL_04,2025-02-11,Production,1320.04,0
RTL_04,2025-02-12,Production,1400.84,0
RTL_04,2025-02-13,Production,1591.64,0
RTL_04,2025-02-14,Production,1187.85,0
RTL_04,2025-02-15,Production,2149.26,0
RTL_04,2025-02-16,Production,356.86,0
RTL_04,2025-02-17,Production,1114.03,0
RTL_04,2025-02-18,Production,1563.87,0
RTL_04,2025-02-19,Production,1502.7,0
RTL_04,2025-02-20,Production,756.26,0
RTL_04,2025-02-21,Production,1334.35,0
RTL_04,2025-02-22,Production,1012.42,0
RTL_04,2025-02-23,Production,1725.88,0
RTL_04,2025-02-24,Production,465.08,0
RTL_04,2025-02-25,Production,1702.52,0
RTL_04,2025-02-26,Production,1499.23,0
RTL_04,2025-02-27,Production,1671.56,0
RTL_04,2025-02-28,Production,1158.74,0
RTL_04,2025-03-01,Production,1530.48,0
RTL_04,2025-03-02,Production,1376.05,0
RTL_04,2025-03-03,Production,1533.46,0
RTL_04,2025-03-04,Production,1543.61,0
RTL_04,2025-03-05,Production,1331.22,0
RTL_04,2025-03-06,Production,1507.44,0
RTL_04,2025-03-07,Production,1480.78,0
RTL_04,2025-03-08,Production,1395.57,0
RTL_04,2025-03-09,Production,760.3,0
RTL_04,2025-03-10,Production,1247.92,0
RTL_04,2025-03-11,Production,1311.7,0
RTL_04,2025-03-12,Production,1261.48,0
RTL_04,2025-03-13,Production,1515.63,0
RTL_04,2025-03-14,Production,1242.49,0
RTL_04,2025-03-15,Production,1851.48,0
RTL_04,2025-03-16,Production,956.8,0
RTL_04,2025-03-17,Production,2307.65,0
RTL_04,2025-03-18,Production,898.39,0
RTL_04,2025-03-19,Production,1515.95,0
RTL_04,2025-03-20,Production,1162.15,0
RTL_04,2025-03-21,Production,2070.55,0
RTL_04,2025-03-22,Production,1403.97,0
RTL_04,2025-03-23,Production,1483.33,0
RTL_04,2025-03-24,Production,1582.97,0
RTL_04,2025-03-25,Production,988.24,0
RTL_04,2025-03-26,Production,1247.47,0
RTL_04,2025-03-27,Production,1135.17,0
RTL_04,2025-03-28,Production,1790.46,0
RTL_04,2025-03-29,Production,1346.47,0
RTL_04,2025-03-30,Production,1670.97,0
RTL_04,2025-03-31,Production,1599.52,0
RTL_04,2025-04-01,Production,1263.25,0
RTL_04,2025-04-02,Production,1216.02,0
RTL_04,2025-04-03,Production,1587.91,0
RTL_04,2025-04-04,Production,1650.31,0
RTL_04,2025-04-05,Production,1202.24,0
RTL_04,2025-04-06,Production,1255.5,0
RTL_04,2025-04-07,Production,2282.21,0
RTL_04,2025-04-08,Production,877.16,0
RTL_04,2025-04-09,Production,2295.73,0
RTL_04,2025-04-10,Production,1757.21,0
RTL_05,2025-01-01,Production,1222.48,0
RTL_05,2025-01-02,Production,1554.81,0
RTL_05,2025-01-03,Production,1441.69,0
RTL_05,2025-01-04,Production,1344.61,0
RTL_05,2025-01-05,Production,1501.65,0
RTL_05,2025-01-06,Production,1104.65,0
RTL_05,2025-01-07,Production,1299.43,0
RTL_05,2025-01-08,Production,1629.2,0
RTL_05,2025-01-09,Production,1225.28,0
RTL_05,2025-01-10,Production,1279.46,0
RTL_05,2025-01-11,Production,1413.33,0
RTL_05,2025-01-12,Production,1100.04,0
RTL_05,2025-01-13,Production,1184.81,0
RTL_05,2025-01-14,Production,1469.64,0
RTL_05,2025-01-15,Production,1204.36,0
RTL_05,2025-01-16,Production,1239.69,0
RTL_05,2025-01-17,Production,1205.57,0
RTL_05,2025-01-18,Production,1364.08,0
RTL_05,2025-01-19,Production,1359.68,0
RTL_05,2025-01-20,Production,1264.74,0
RTL_05,2025-01-21,Production,1349.09,0
RTL_05,2025-01-22,Production,1560.46,0
RTL_05,2025-01-23,Production,1283.23,0
RTL_05,2025-01-24,Production,1280.34,0
RTL_05,2025-01-25,Production,1397.93,0
RTL_05,2025-01-26,Production,1384.64,0
RTL_05,2025-01-27,Production,1595.75,0
RTL_05,2025-01-28,Production,1462.32,0
RTL_05,2025-01-29,Production,1523.54,0
RTL_05,2025-01-30,Production,1319.23,0
RTL_05,2025-01-31,Production,1305.54,0
RTL_05,2025-02-01,Production,1256.73,0
RTL_05,2025-02-02,Production,1291.81,0
RTL_05,2025-02-03,Production,1293.98,0
RTL_05,2025-02-04,Production,1615.55,0
RTL_05,2025-02-05,Production,1488.51,0
RTL_05,2025-02-06,Production,1385.08,0
RTL_05,2025-02-07,Production,1033.57,0
RTL_05,2025-02-08,Production,1428.63,0
RTL_05,2025-02-09,Production,1602.38,0
RTL_05,2025-02-10,Production,1210.48,0
RTL_05,2025-02-11,Production,1358.56,0
RTL_05,2025-02-12,Production,1152.67,0
RTL_05,2025-02-13,Production,1645.87,0
RTL_05,2025-02-14,Production,925.75,0
RTL_05,2025-02-15,Production,1222.05,0
RTL_05,2025-02-16,Production,1536.65,0
RTL_05,2025-02-17,Production,1387.55,0
RTL_05,2025-02-18,Production,1501.92,0
RTL_05,2025-02-19,Production,1260.08,0
RTL_05,2025-02-20,Production,1281.19,0
RTL_05,2025-02-21,Production,1510.23,0
RTL_05,2025-02-22,Production,1305.09,0
RTL_05,2025-02-23,Production,1361.63,0
RTL_05,2025-02-24,Production,1016.25,0
RTL_05,2025-02-25,Production,1225.88,0
RTL_05,2025-02-26,Production,1258.13,0
RTL_05,2025-02-27,Production,1615.36,0
RTL_05,2025-02-28,Production,1253.69,0
RTL_05,2025-03-01,Production,1355.16,0
RTL_05,2025-03-02,Production,1305.66,0
RTL_05,2025-03-03,Production,1147.32,0
RTL_05,2025-03-04,Production,1557.98,0
RTL_05,2025-03-05,Production,1520.7,0
RTL_05,2025-03-06,Production,1203.88,0
RTL_05,2025-03-07,Production,1119.51,0
RTL_05,2025-03-08,Production,1166.65,0
RTL_05,2025-03-09,Production,1260.59,0
RTL_05,2025-03-10,Production,1480.06,0
RTL_05,2025-03-11,Production,1180.9,0
RTL_05,2025-03-12,Production,1187.29,0
RTL_05,2025-03-13,Production,1482.24,0
RTL_05,2025-03-14,Production,1594.45,0
RTL_05,2025-03-15,Production,1304.75,0
RTL_05,2025-03-16,Production,1052.04,0
RTL_05,2025-03-17,Production,1745.48,0
RTL_05,2025-03-18,Production,1331.62,0
RTL_05,2025-03-19,Production,1388.74,0
RTL_05,2025-03-20,Production,1678.13,0
RTL_05,2025-03-21,Production,1445.6,0
RTL_05,2025-03-22,Production,1178.05,0
RTL_05,2025-03-23,Production,1590.22,0
RTL_05,2025-03-24,Production,1722.7,0
RTL_05,2025-03-25,Production,1413.6,0
RTL_05,2025-03-26,Production,1305.94,0
RTL_05,2025-03-27,Production,1418.23,0
RTL_05,2025-03-28,Production,1255.02,0
RTL_05,2025-03-29,Production,1489.49,0
RTL_05,2025-03-30,Production,1193.1,0
RTL_05,2025-03-31,Production,1562.37,0
RTL_05,2025-04-01,Production,1353.89,0
RTL_05,2025-04-02,Production,1609.32,0
RTL_05,2025-04-03,Production,1020.6,0
RTL_05,2025-04-04,Production,1133.53,0
RTL_05,2025-04-05,Production,1490.27,0
RTL_05,2025-04-06,Production,1411.23,0
RTL_05,2025-04-07,Production,1331.27,0
RTL_05,2025-04-08,Production,1380.52,0
RTL_05,2025-04-09,Production,1258.19,0
RTL_05,2025-04-10,Production,1527.1,0
RTL_06,2025-01-01,Production,1464.82,0
RTL_06,2025-01-02,Production,1217.04,0
RTL_06,2025-01-03,Production,1436.93,0
RTL_06,2025-01-04,Production,1288.01,0
RTL_06,2025-01-05,Production,1289.86,0
RTL_06,2025-01-06,Production,1179.76,0
RTL_06,2025-01-07,Production,1481.54,0
RTL_06,2025-01-08,Production,1338.2,0
RTL_06,2025-01-09,Production,1213.59,0
RTL_06,2025-01-10,Production,1462.42,0
RTL_06,2025-01-11,Production,1372.31,0
RTL_06,2025-01-12,Production,1291.88,0
RTL_06,2025-01-13,Production,1294.38,0
RTL_06,2025-01-14,Production,1240.64,0
RTL_06,2025-01-15,Production,1119.33,0
RTL_06,2025-01-16,Production,1345.99,0
RTL_06,2025-01-17,Production,1250.11,0
RTL_06,2025-01-18,Production,1508.42,0
RTL_06,2025-01-19,Production,1255.19,0
RTL_06,2025-01-20,Production,1459.84,0
RTL_06,2025-01-21,Production,1087.18,0
RTL_06,2025-01-22,Production,1355.03,0
RTL_06,2025-01-23,Production,1410.08,0
RTL_06,2025-01-24,Production,1097.31,0
RTL_06,2025-01-25,Production,1241.22,0
RTL_06,2025-01-26,Production,1325.08,0
RTL_06,2025-01-27,Production,1782.89,0
RTL_06,2025-01-28,Production,1483.27,0
RTL_06,2025-01-29,Production,1270.79,0
RTL_06,2025-01-30,Production,1406.02,0
RTL_06,2025-01-31,Production,1347.34,0
RTL_06,2025-02-01,Production,1290.51,0
RTL_06,2025-02-02,Production,1383.74,0
RTL_06,2025-02-03,Production,1299.8,0
RTL_06,2025-02-04,Production,1323.74,0
RTL_06,2025-02-05,Production,1393.25,0
RTL_06,2025-02-06,Production,1398.67,0
RTL_06,2025-02-07,Production,1203.92,0
RTL_06,2025-02-08,Production,1410.47,0
RTL_06,2025-02-09,Production,1583.93,0
RTL_06,2025-02-10,Production,1283.34,0
RTL_06,2025-02-11,Production,1256.37,0
RTL_06,2025-02-12,Production,1398.17,0
RTL_06,2025-02-13,Production,1213.86,0
RTL_06,2025-02-14,Production,1262.24,0
RTL_06,2025-02-15,Production,1327.5,0
RTL_06,2025-02-16,Production,1194.78,0
RTL_06,2025-02-17,Production,1459.38,0
RTL_06,2025-02-18,Production,1129.65,0
RTL_06,2025-02-19,Production,1416.68,0
RTL_06,2025-02-20,Production,1361.1,0
RTL_06,2025-02-21,Production,1373.82,0
RTL_06,2025-02-22,Production,1465.66,1
RTL_06,2025-02-23,Production,1214.94,0
RTL_06,2025-02-24,Production,1342.55,0
RTL_06,2025-02-25,Production,1198.02,0
RTL_06,2025-02-26,Production,1175.31,0
RTL_06,2025-02-27,Production,1197.11,0
RTL_06,2025-02-28,Production,1234.76,0
RTL_06,2025-03-01,Production,1232.19,1
RTL_06,2025-03-02,Production,1470.69,0
RTL_06,2025-03-03,Production,1517.15,0
RTL_06,2025-03-04,Production,1243.25,1
RTL_06,2025-03-05,Production,1581.94,1
RTL_06,2025-03-06,Production,1134.67,0
RTL_06,2025-03-07,Production,1482.07,1
RTL_06,2025-03-08,Production,1238.7,1
RTL_06,2025-03-09,Production,1267.81,1
RTL_06,2025-03-10,Production,1357.04,0
RTL_06,2025-03-11,Production,1603.97,0
RTL_06,2025-03-12,Production,1169.9,1
RTL_06,2025-03-13,Production,1426.42,1
RTL_06,2025-03-14,Production,1418.62,0
RTL_06,2025-03-15,Production,1429.26,0
RTL_06,2025-03-16,Production,1468.97,0
RTL_06,2025-03-17,Production,1587.1,0
RTL_06,2025-03-18,Production,1616.55,1
RTL_06,2025-03-19,Production,1383.52,0
RTL_06,2025-03-20,Production,1545.62,0
RTL_06,2025-03-21,Production,1134.13,0
RTL_06,2025-03-22,Production,1317.59,0
RTL_06,2025-03-23,Production,1300.71,0
RTL_06,2025-03-24,Production,1391.93,0
RTL_06,2025-03-25,Production,1401.05,0
RTL_06,2025-03-26,Production,1097.61,0
RTL_06,2025-03-27,Production,1314.96,0
RTL_06,2025-03-28,Production,1346.8,1
RTL_06,2025-03-29,Production,1631.72,1
RTL_06,2025-03-30,Production,1392.25,0
RTL_06,2025-03-31,Production,1236.43,0
RTL_06,2025-04-01,Production,1348.98,0
RTL_06,2025-04-02,Production,1250.54,1
RTL_06,2025-04-03,Production,1512.64,0
RTL_06,2025-04-04,Production,1669.96,1
RTL_06,2025-04-05,Production,1216.81,0
RTL_06,2025-04-06,Production,1266.08,0
RTL_06,2025-04-07,Production,1292.24,0
RTL_06,2025-04-08,Production,1480.12,0
RTL_06,2025-04-09,Production,1581.61,0
RTL_06,2025-04-10,Production,1130.95,0
RTL_07,2025-01-01,Production,1371.51,0
RTL_07,2025-01-02,Production,1305.29,0
RTL_07,2025-01-03,Production,1670.94,0
RTL_07,2025-01-04,Production,1282.07,0
RTL_07,2025-01-05,Production,1542.56,0
RTL_07,2025-01-06,Production,1052.7,0
RTL_07,2025-01-07,Production,1693.15,0
RTL_07,2025-01-08,Production,1216.25,0
RTL_07,2025-01-09,Production,1392.96,0
RTL_07,2025-01-10,Production,1177.29,0
RTL_07,2025-01-11,Production,1154.43,0
RTL_07,2025-01-12,Production,1282.73,0
RTL_07,2025-01-13,Production,1570.55,0
RTL_07,2025-01-14,Production,1291.13,0
RTL_07,2025-01-15,Production,1396.76,0
RTL_07,2025-01-16,Production,1236.6,0
RTL_07,2025-01-17,Production,1668.28,0
RTL_07,2025-01-18,Production,997.79,0
RTL_07,2025-01-19,Production,946.93,0
RTL_07,2025-01-20,Production,1690.02,0
RTL_07,2025-01-21,Production,830.4,0
RTL_07,2025-01-22,Production,1763.74,0
RTL_07,2025-01-23,Production,1346.37,0
RTL_07,2025-01-24,Production,1454.5,0
RTL_07,2025-01-25,Production,1427.71,0
RTL_07,2025-01-26,Production,1191.9,0
RTL_07,2025-01-27,Production,1474.5,0
RTL_07,2025-01-28,Production,1839.81,0
RTL_07,2025-01-29,Production,1643.31,0
RTL_07,2025-01-30,Production,1178.75,0
RTL_07,2025-01-31,Production,1648.08,0
RTL_07,2025-02-01,Production,1068.2,0
RTL_07,2025-02-02,Production,1297.51,0
RTL_07,2025-02-03,Production,1385.06,0
RTL_07,2025-02-04,Production,1649.0,0
RTL_07,2025-02-05,Production,1016.99,0
RTL_07,2025-02-06,Production,1602.6,0
RTL_07,2025-02-07,Production,1250.9,0
RTL_07,2025-02-08,Production,956.08,0
RTL_07,2025-02-09,Production,1589.82,0
RTL_07,2025-02-10,Production,1249.89,0
RTL_07,2025-02-11,Production,868.34,0
RTL_07,2025-02-12,Production,1541.55,0
RTL_07,2025-02-13,Production,944.54,0
RTL_07,2025-02-14,Production,1259.14,0
RTL_07,2025-02-15,Production,1079.18,0
RTL_07,2025-02-16,Production,1155.08,0
RTL_07,2025-02-17,Production,1611.8,0
RTL_07,2025-02-18,Production,1502.65,0
RTL_07,2025-02-19,Production,987.46,0
RTL_07,2025-02-20,Production,1295.8,0
RTL_07,2025-02-21,Production,1366.39,0
RTL_07,2025-02-22,Production,1676.11,0
RTL_07,2025-02-23,Production,1460.74,0
RTL_07,2025-02-24,Production,1059.09,0
RTL_07,2025-02-25,Production,1039.61,0
RTL_07,2025-02-26,Production,1509.62,0
RTL_07,2025-02-27,Production,1533.58,0
RTL_07,2025-02-28,Production,1205.58,0
RTL_07,2025-03-01,Production,1199.47,0
RTL_07,2025-03-02,Production,1472.52,0
RTL_07,2025-03-03,Production,1419.61,0
RTL_07,2025-03-04,Production,717.7,0
RTL_07,2025-03-05,Production,1284.75,0
RTL_07,2025-03-06,Production,1547.97,0
RTL_07,2025-03-07,Production,993.19,0
RTL_07,2025-03-08,Production,1559.32,0
RTL_07,2025-03-09,Production,1050.01,0
RTL_07,2025-03-10,Production,1405.83,0
RTL_07,2025-03-11,Production,1146.62,0
RTL_07,2025-03-12,Production,961.71,0
RTL_07,2025-03-13,Production,1403.11,0
RTL_07,2025-03-14,Production,1325.41,0
RTL_07,2025-03-15,Production,1715.84,0
RTL_07,2025-03-16,Production,1549.93,0
RTL_07,2025-03-17,Production,968.16,0
RTL_07,2025-03-18,Production,1428.85,0
RTL_07,2025-03-19,Production,1585.92,0
RTL_07,2025-03-20,Production,1554.02,0
RTL_07,2025-03-21,Production,1797.27,0
RTL_07,2025-03-22,Production,1819.58,0
RTL_07,2025-03-23,Production,1180.13,0
RTL_07,2025-03-24,Production,1443.35,0
RTL_07,2025-03-25,Production,1927.32,0
RTL_07,2025-03-26,Production,1657.28,0
RTL_07,2025-03-27,Production,1188.81,0
RTL_07,2025-03-28,Production,983.42,0
RTL_07,2025-03-29,Production,975.85,0
RTL_07,2025-03-30,Production,1507.72,0
RTL_07,2025-03-31,Production,1324.13,0
RTL_07,2025-04-01,Production,1305.93,0
RTL_07,2025-04-02,Production,1210.63,0
RTL_07,2025-04-03,Production,1143.16,0
RTL_07,2025-04-04,Production,1498.23,0
RTL_07,2025-04-05,Production,1343.38,0
RTL_07,2025-04-06,Production,1453.63,0
RTL_07,2025-04-07,Production,956.38,0
RTL_07,2025-04-08,Production,1780.3,0
RTL_07,2025-04-09,Production,1633.4,0
RTL_07,2025-04-10,Production,1607.39,0
RTL_08,2025-01-01,Production,555.21,0
RTL_08,2025-01-02,Production,1692.99,0
RTL_08,2025-01-03,Production,797.84,0
RTL_08,2025-01-04,Production,1515.29,0
RTL_08,2025-01-05,Production,1797.86,0
RTL_08,2025-01-06,Production,1762.75,0
RTL_08,2025-01-07,Production,1629.72,0
RTL_08,2025-01-08,Production,2063.6,0
RTL_08,2025-01-09,Production,1413.63,0
RTL_08,2025-01-10,Production,1039.01,0
RTL_08,2025-01-11,Production,1146.7,0
RTL_08,2025-01-12,Production,1357.45,0
RTL_08,2025-01-13,Production,1673.06,0
RTL_08,2025-01-14,Production,940.67,0
RTL_08,2025-01-15,Production,1664.01,0
RTL_08,2025-01-16,Production,1340.54,0
RTL_08,2025-01-17,Production,1172.9,0
RTL_08,2025-01-18,Production,990.28,0
RTL_08,2025-01-19,Production,1168.42,0
RTL_08,2025-01-20,Production,1467.61,0
RTL_08,2025-01-21,Production,1275.02,0
RTL_08,2025-01-22,Production,1640.58,0
RTL_08,2025-01-23,Production,729.29,0
RTL_08,2025-01-24,Production,783.91,0
RTL_08,2025-01-25,Production,950.61,0
RTL_08,2025-01-26,Production,1777.25,0
RTL_08,2025-01-27,Production,1296.43,0
RTL_08,2025-01-28,Production,1364.42,0
RTL_08,2025-01-29,Production,1577.95,0
RTL_08,2025-01-30,Production,1602.75,0
RTL_08,2025-01-31,Production,1144.34,0
RTL_08,2025-02-01,Production,800.28,0
RTL_08,2025-02-02,Production,1211.92,0
RTL_08,2025-02-03,Production,761.25,0
RTL_08,2025-02-04,Production,1324.16,0
RTL_08,2025-02-05,Production,1054.77,0
RTL_08,2025-02-06,Production,1460.72,0
RTL_08,2025-02-07,Production,1425.53,0
RTL_08,2025-02-08,Production,1209.82,0
RTL_08,2025-02-09,Production,1594.47,0
RTL_08,2025-02-10,Production,2442.64,0
RTL_08,2025-02-11,Production,639.39,0
RTL_08,2025-02-12,Production,2284.67,0
RTL_08,2025-02-13,Production,975.32,0
RTL_08,2025-02-14,Production,828.32,0
RTL_08,2025-02-15,Production,979.76,0
RTL_08,2025-02-16,Production,1632.66,0
RTL_08,2025-02-17,Production,1433.11,0
RTL_08,2025-02-18,Production,1111.19,0
RTL_08,2025-02-19,Production,1126.71,0
RTL_08,2025-02-20,Production,1057.43,0
RTL_08,2025-02-21,Production,1577.84,0
RTL_08,2025-02-22,Production,1833.34,0
RTL_08,2025-02-23,Production,1251.67,0
RTL_08,2025-02-24,Production,1088.35,0
RTL_08,2025-02-25,Production,1205.11,0
RTL_08,2025-02-26,Production,461.21,0
RTL_08,2025-02-27,Production,1329.07,0
RTL_08,2025-02-28,Production,1497.48,0
RTL_08,2025-03-01,Production,1207.79,0
RTL_08,2025-03-02,Production,1155.61,0
RTL_08,2025-03-03,Production,1781.85,0
RTL_08,2025-03-04,Production,1470.71,0
RTL_08,2025-03-05,Production,1499.31,0
RTL_08,2025-03-06,Production,1543.77,0
RTL_08,2025-03-07,Production,1405.19,0
RTL_08,2025-03-08,Production,1855.94,0
RTL_08,2025-03-09,Production,822.49,0
RTL_08,2025-03-10,Production,1337.97,0
RTL_08,2025-03-11,Production,470.62,0
RTL_08,2025-03-12,Production,1188.06,0
RTL_08,2025-03-13,Production,2121.6,0
RTL_08,2025-03-14,Production,855.22,0
RTL_08,2025-03-15,Production,925.09,0
RTL_08,2025-03-16,Production,1321.19,0
RTL_08,2025-03-17,Production,1682.51,0
RTL_08,2025-03-18,Production,1611.97,0
RTL_08,2025-03-19,Production,1140.58,0
RTL_08,2025-03-20,Production,2003.83,0
RTL_08,2025-03-21,Production,1327.66,0
RTL_08,2025-03-22,Production,1788.49,0
RTL_08,2025-03-23,Production,1963.72,0
RTL_08,2025-03-24,Production,971.37,0
RTL_08,2025-03-25,Production,774.22,0
RTL_08,2025-03-26,Production,1556.39,0
RTL_08,2025-03-27,Production,1421.71,0
RTL_08,2025-03-28,Production,1363.14,0
RTL_08,2025-03-29,Production,1453.26,0
RTL_08,2025-03-30,Production,1311.31,0
RTL_08,2025-03-31,Production,1951.39,0
RTL_08,2025-04-01,Production,190.42,0
RTL_08,2025-04-02,Production,1839.47,0
RTL_08,2025-04-03,Production,1449.73,0
RTL_08,2025-04-04,Production,1300.91,0
RTL_08,2025-04-05,Production,974.51,0
RTL_08,2025-04-06,Production,1824.65,0
RTL_08,2025-04-07,Production,903.03,0
RTL_08,2025-04-08,Production,1391.69,0
RTL_08,2025-04-09,Production,1788.13,0
RTL_08,2025-04-10,Production,712.56,0
