node_id,date,metric_name,value,delay_flag
SUP_01,2025-01-01,Sales Order,547.68,0
SUP_01,2025-01-02,Sales Order,569.97,0
SUP_01,2025-01-03,Sales Order,630.21,0
SUP_01,2025-01-04,Sales Order,474.06,0
SUP_01,2025-01-05,Sales Order,338.32,0
SUP_01,2025-01-06,Sales Order,456.1,0
SUP_01,2025-01-07,Sales Order,625.15,0
SUP_01,2025-01-08,Sales Order,546.99,0
SUP_01,2025-01-09,Sales Order,302.52,0
SUP_01,2025-01-10,Sales Order,496.46,0
SUP_01,2025-01-11,Sales Order,641.09,0
SUP_01,2025-01-12,Sales Order,714.59,0
SUP_01,2025-01-13,Sales Order,556.68,0
SUP_01,2025-01-14,Sales Order,531.21,0
SUP_01,2025-01-15,Sales Order,374.85,0
SUP_01,2025-01-16,Sales Order,414.91,0
SUP_01,2025-01-17,Sales Order,504.73,0
SUP_01,2025-01-18,Sales Order,550.78,0
SUP_01,2025-01-19,Sales Order,558.55,0
SUP_01,2025-01-20,Sales Order,451.74,0
SUP_01,2025-01-21,Sales Order,383.76,0
SUP_01,2025-01-22,Sales Order,421.51,0
SUP_01,2025-01-23,Sales Order,383.25,0
SUP_01,2025-01-24,Sales Order,564.93,0
SUP_01,2025-01-25,Sales Order,266.67,0
SUP_01,2025-01-26,Sales Order,466.37,0
SUP_01,2025-01-27,Sales Order,545.4,0
SUP_01,2025-01-28,Sales Order,653.59,0
SUP_01,2025-01-29,Sales Order,507.19,0
SUP_01,2025-01-30,Sales Order,601.04,0
SUP_01,2025-01-31,Sales Order,459.74,0
SUP_01,2025-02-01,Sales Order,424.88,0
SUP_01,2025-02-02,Sales Order,431.95,0
SUP_01,2025-02-03,Sales Order,654.12,0
SUP_01,2025-02-04,Sales Order,600.33,0
SUP_01,2025-02-05,Sales Order,549.18,0
SUP_01,2025-02-06,Sales Order,836.06,0
SUP_01,2025-02-07,Sales Order,496.74,0
SUP_01,2025-02-08,Sales Order,562.6,0
SUP_01,2025-02-09,Sales Order,531.04,0
SUP_01,2025-02-10,Sales Order,477.61,0
SUP_01,2025-02-11,Sales Order,733.73,0
SUP_01,2025-02-12,Sales Order,652.03,0
SUP_01,2025-02-13,Sales Order,358.78,0
SUP_01,2025-02-14,Sales Order,459.65,0
SUP_01,2025-02-15,Sales Order,543.22,0
SUP_01,2025-02-16,Sales Order,579.03,0
SUP_01,2025-02-17,Sales Order,363.93,0
SUP_01,2025-02-18,Sales Order,272.39,0
SUP_01,2025-02-19,Sales Order,307.63,0
SUP_01,2025-02-20,Sales Order,492.82,0
SUP_01,2025-02-21,Sales Order,489.59,0
SUP_01,2025-02-22,Sales Order,534.84,0
SUP_01,2025-02-23,Sales Order,422.33,0
SUP_01,2025-02-24,Sales Order,376.46,0
SUP_01,2025-02-25,Sales Order,295.85,0
SUP_01,2025-02-26,Sales Order,533.22,0
SUP_01,2025-02-27,Sales Order,537.34,0
SUP_01,2025-02-28,Sales Order,600.2,0
SUP_01,2025-03-01,Sales Order,579.8,0
SUP_01,2025-03-02,Sales Order,480.75,0
SUP_01,2025-03-03,Sales Order,636.15,0
SUP_01,2025-03-04,Sales Order,486.24,0
SUP_01,2025-03-05,Sales Order,433.31,0
SUP_01,2025-03-06,Sales Order,447.47,0
SUP_01,2025-03-07,Sales Order,440.99,0
SUP_01,2025-03-08,Sales Order,281.45,0
SUP_01,2025-03-09,Sales Order,515.77,0
SUP_01,2025-03-10,Sales Order,525.22,0
SUP_01,2025-03-11,Sales Order,463.44,0
SUP_01,2025-03-12,Sales Order,427.97,0
SUP_01,2025-03-13,Sales Order,537.52,0
SUP_01,2025-03-14,Sales Order,673.25,0
SUP_01,2025-03-15,Sales Order,503.86,0
SUP_01,2025-03-16,Sales Order,448.77,0
SUP_01,2025-03-17,Sales Order,440.32,0
SUP_01,2025-03-18,Sales Order,492.96,0
SUP_01,2025-03-19,Sales Order,372.37,0
SUP_01,2025-03-20,Sales Order,487.36,0
SUP_01,2025-03-21,Sales Order,506.17,0
SUP_01,2025-03-22,Sales Order,686.15,0
SUP_01,2025-03-23,Sales Order,595.21,0
SUP_01,2025-03-24,Sales Order,604.34,0
SUP_01,2025-03-25,Sales Order,428.06,0
SUP_01,2025-03-26,Sales Order,567.6,0
SUP_01,2025-03-27,Sales Order,385.02,0
SUP_01,2025-03-28,Sales Order,531.48,0
SUP_01,2025-03-29,Sales Order,542.25,0
SUP_01,2025-03-30,Sales Order,422.66,0
SUP_01,2025-03-31,Sales Order,701.76,0
SUP_01,2025-04-01,Sales Order,557.25,0
SUP_01,2025-04-02,Sales Order,308.0,0
SUP_01,2025-04-03,Sales Order,555.79,0
SUP_01,2025-04-04,Sales Order,458.89,0
SUP_01,2025-04-05,Sales Order,500.14,0
SUP_01,2025-04-06,Sales Order,547.0,0
SUP_01,2025-04-07,Sales Order,539.41,0
SUP_01,2025-04-08,Sales Order,294.23,0
SUP_01,2025-04-09,Sales Order,383.11,0
SUP_01,2025-04-10,Sales Order,577.97,0
SUP_02,2025-01-01,Sales Order,787.67,0
SUP_02,2025-01-02,Sales Order,920.75,0
SUP_02,2025-01-03,Sales Order,898.64,0
SUP_02,2025-01-04,Sales Order,45.57,0
SUP_02,2025-01-05,Sales Order,670.12,0
SUP_02,2025-01-06,Sales Order,76.35,0
SUP_02,2025-01-07,Sales Order,856.73,0
SUP_02,2025-01-08,Sales Order,556.01,0
SUP_02,2025-01-09,Sales Order,247.71,0
SUP_02,2025-01-10,Sales Order,944.35,0
SUP_02,2025-01-11,Sales Order,642.37,0
SUP_02,2025-01-12,Sales Order,81.91,0
SUP_02,2025-01-13,Sales Order,564.88,0
SUP_02,2025-01-14,Sales Order,338.36,0
SUP_02,2025-01-15,Sales Order,524.61,0
SUP_02,2025-01-16,Sales Order,397.16,0
SUP_02,2025-01-17,Sales Order,803.65,0
SUP_02,2025-01-18,Sales Order,185.34,0
SUP_02,2025-01-19,Sales Order,570.17,0
SUP_02,2025-01-20,Sales Order,901.08,0
SUP_02,2025-01-21,Sales Order,317.18,0
SUP_02,2025-01-22,Sales Order,546.57,0
SUP_02,2025-01-23,Sales Order,544.66,0
SUP_02,2025-01-24,Sales Order,347.52,0
SUP_02,2025-01-25,Sales Order,643.24,0
SUP_02,2025-01-26,Sales Order,521.46,0
SUP_02,2025-01-27,Sales Order,291.35,0
SUP_02,2025-01-28,Sales Order,889.54,0
SUP_02,2025-01-29,Sales Order,675.01,0
SUP_02,2025-01-30,Sales Order,463.06,0
SUP_02,2025-01-31,Sales Order,359.24,0
SUP_02,2025-02-01,Sales Order,326.59,0
SUP_02,2025-02-02,Sales Order,772.13,0
SUP_02,2025-02-03,Sales Order,467.62,0
SUP_02,2025-02-04,Sales Order,601.57,0
SUP_02,2025-02-05,Sales Order,459.22,0
SUP_02,2025-02-06,Sales Order,636.27,0
SUP_02,2025-02-07,Sales Order,474.36,0
SUP_02,2025-02-08,Sales Order,668.87,0
SUP_02,2025-02-09,Sales Order,459.5,0
SUP_02,2025-02-10,Sales Order,683.4,0
SUP_02,2025-02-11,Sales Order,648.65,0
SUP_02,2025-02-12,Sales Order,474.22,0
SUP_02,2025-02-13,Sales Order,309.92,0
SUP_02,2025-02-14,Sales Order,292.16,0
SUP_02,2025-02-15,Sales Order,336.24,0
SUP_02,2025-02-16,Sales Order,282.35,0
SUP_02,2025-02-17,Sales Order,691.41,0
SUP_02,2025-02-18,Sales Order,489.7,0
SUP_02,2025-02-19,Sales Order,847.12,0
SUP_02,2025-02-20,Sales Order,1003.91,0
SUP_02,2025-02-21,Sales Order,505.36,0
SUP_02,2025-02-22,Sales Order,157.77,0
SUP_02,2025-02-23,Sales Order,415.67,0
SUP_02,2025-02-24,Sales Order,483.34,0
SUP_02,2025-02-25,Sales Order,170.94,0
SUP_02,2025-02-26,Sales Order,444.62,0
SUP_02,2025-02-27,Sales Order,563.44,0
SUP_02,2025-02-28,Sales Order,398.43,0
SUP_02,2025-03-01,Sales Order,330.12,0
SUP_02,2025-03-02,Sales Order,332.26,0
SUP_02,2025-03-03,Sales Order,895.0,0
SUP_02,2025-03-04,Sales Order,464.71,0
SUP_02,2025-03-05,Sales Order,316.52,0
SUP_02,2025-03-06,Sales Order,417.56,0
SUP_02,2025-03-07,Sales Order,710.98,0
SUP_02,2025-03-08,Sales Order,348.63,0
SUP_02,2025-03-09,Sales Order,606.53,0
SUP_02,2025-03-10,Sales Order,660.92,0
SUP_02,2025-03-11,Sales Order,665.61,0
SUP_02,2025-03-12,Sales Order,809.44,0
SUP_02,2025-03-13,Sales Order,378.3,0
SUP_02,2025-03-14,Sales Order,750.42,0
SUP_02,2025-03-15,Sales Order,324.72,0
SUP_02,2025-03-16,Sales Order,412.33,0
SUP_02,2025-03-17,Sales Order,764.43,0
SUP_02,2025-03-18,Sales Order,681.81,0
SUP_02,2025-03-19,Sales Order,500.46,0
SUP_02,2025-03-20,Sales Order,236.6,0
SUP_02,2025-03-21,Sales Order,624.17,0
SUP_02,2025-03-22,Sales Order,360.64,0
SUP_02,2025-03-23,Sales Order,295.75,0
SUP_02,2025-03-24,Sales Order,356.71,0
SUP_02,2025-03-25,Sales Order,554.49,0
SUP_02,2025-03-26,Sales Order,31.09,0
SUP_02,2025-03-27,Sales Order,579.76,0
SUP_02,2025-03-28,Sales Order,538.45,0
SUP_02,2025-03-29,Sales Order,370.77,0
SUP_02,2025-03-30,Sales Order,729.24,0
SUP_02,2025-03-31,Sales Order,635.18,0
SUP_02,2025-04-01,Sales Order,365.96,0
SUP_02,2025-04-02,Sales Order,351.87,0
SUP_02,2025-04-03,Sales Order,653.68,0
SUP_02,2025-04-04,Sales Order,164.83,0
SUP_02,2025-04-05,Sales Order,426.46,0
SUP_02,2025-04-06,Sales Order,360.49,0
SUP_02,2025-04-07,Sales Order,515.45,0
SUP_02,2025-04-08,Sales Order,546.68,0
SUP_02,2025-04-09,Sales Order,508.13,0
SUP_02,2025-04-10,Sales Order,750.89,0
SUP_03,2025-01-01,Sales Order,553.39,0
SUP_03,2025-01-02,Sales Order,426.26,0
SUP_03,2025-01-03,Sales Order,216.53,0
SUP_03,2025-01-04,Sales Order,668.99,0
SUP_03,2025-01-05,Sales Order,623.64,0
SUP_03,2025-01-06,Sales Order,839.64,0
SUP_03,2025-01-07,Sales Order,325.02,0
SUP_03,2025-01-08,Sales Order,506.18,0
SUP_03,2025-01-09,Sales Order,486.26,0
SUP_03,2025-01-10,Sales Order,479.49,0
SUP_03,2025-01-11,Sales Order,502.43,0
SUP_03,2025-01-12,Sales Order,98.61,0
SUP_03,2025-01-13,Sales Order,693.13,0
SUP_03,2025-01-14,Sales Order,652.92,0
SUP_03,2025-01-15,Sales Order,764.65,0
SUP_03,2025-01-16,Sales Order,1026.64,0
SUP_03,2025-01-17,Sales Order,425.33,0
SUP_03,2025-01-18,Sales Order,491.54,0
SUP_03,2025-01-19,Sales Order,502.29,0
SUP_03,2025-01-20,Sales Order,954.68,0
SUP_03,2025-01-21,Sales Order,94.71,0
SUP_03,2025-01-22,Sales Order,613.72,0
SUP_03,2025-01-23,Sales Order,155.67,0
SUP_03,2025-01-24,Sales Order,0,0
SUP_03,2025-01-25,Sales Order,26.91,0
SUP_03,2025-01-26,Sales Order,176.52,0
SUP_03,2025-01-27,Sales Order,750.27,0
SUP_03,2025-01-28,Sales Order,296.71,0
SUP_03,2025-01-29,Sales Order,446.75,0
SUP_03,2025-01-30,Sales Order,227.61,0
SUP_03,2025-01-31,Sales Order,643.03,0
SUP_03,2025-02-01,Sales Order,242.02,0
SUP_03,2025-02-02,Sales Order,808.47,0
SUP_03,2025-02-03,Sales Order,267.51,0
SUP_03,2025-02-04,Sales Order,320.95,0
SUP_03,2025-02-05,Sales Order,528.73,0
SUP_03,2025-02-06,Sales Order,505.79,0
SUP_03,2025-02-07,Sales Order,833.53,0
SUP_03,2025-02-08,Sales Order,528.19,0
SUP_03,2025-02-09,Sales Order,217.24,0
SUP_03,2025-02-10,Sales Order,368.82,0
SUP_03,2025-02-11,Sales Order,365.91,0
SUP_03,2025-02-12,Sales Order,669.74,0
SUP_03,2025-02-13,Sales Order,589.85,0
SUP_03,2025-02-14,Sales Order,472.05,0
SUP_03,2025-02-15,Sales Order,703.58,0
SUP_03,2025-02-16,Sales Order,376.28,0
SUP_03,2025-02-17,Sales Order,468.11,0
SUP_03,2025-02-18,Sales Order,542.32,0
SUP_03,2025-02-19,Sales Order,857.76,0
SUP_03,2025-02-20,Sales Order,476.93,0
SUP_03,2025-02-21,Sales Order,417.88,0
SUP_03,2025-02-22,Sales Order,255.16,0
SUP_03,2025-02-23,Sales Order,660.61,0
SUP_03,2025-02-24,Sales Order,362.43,0
SUP_03,2025-02-25,Sales Order,580.46,0
SUP_03,2025-02-26,Sales Order,54.82,0
SUP_03,2025-02-27,Sales Order,744.22,0
SUP_03,2025-02-28,Sales Order,188.18,0
SUP_03,2025-03-01,Sales Order,318.02,0
SUP_03,2025-03-02,Sales Order,747.82,0
SUP_03,2025-03-03,Sales Order,187.59,0
SUP_03,2025-03-04,Sales Order,481.4,0
SUP_03,2025-03-05,Sales Order,517.38,0
SUP_03,2025-03-06,Sales Order,266.23,0
SUP_03,2025-03-07,Sales Order,814.39,0
SUP_03,2025-03-08,Sales Order,850.87,0
SUP_03,2025-03-09,Sales Order,38.43,0
SUP_03,2025-03-10,Sales Order,160.78,0
SUP_03,2025-03-11,Sales Order,689.21,0
SUP_03,2025-03-12,Sales Order,194.95,0
SUP_03,2025-03-13,Sales Order,409.02,0
SUP_03,2025-03-14,Sales Order,530.33,0
SUP_03,2025-03-15,Sales Order,661.97,0
SUP_03,2025-03-16,Sales Order,447.74,0
SUP_03,2025-03-17,Sales Order,522.29,0
SUP_03,2025-03-18,Sales Order,318.16,0
SUP_03,2025-03-19,Sales Order,802.55,0
SUP_03,2025-03-20,Sales Order,384.04,0
SUP_03,2025-03-21,Sales Order,579.53,0
SUP_03,2025-03-22,Sales Order,380.22,0
SUP_03,2025-03-23,Sales Order,524.89,0
SUP_03,2025-03-24,Sales Order,460.63,0
SUP_03,2025-03-25,Sales Order,461.97,0
SUP_03,2025-03-26,Sales Order,262.67,0
SUP_03,2025-03-27,Sales Order,686.45,0
SUP_03,2025-03-28,Sales Order,831.04,0
SUP_03,2025-03-29,Sales Order,556.92,0
SUP_03,2025-03-30,Sales Order,671.44,0
SUP_03,2025-03-31,Sales Order,696.2,0
SUP_03,2025-04-01,Sales Order,717.25,0
SUP_03,2025-04-02,Sales Order,571.02,0
SUP_03,2025-04-03,Sales Order,549.69,0
SUP_03,2025-04-04,Sales Order,702.27,0
SUP_03,2025-04-05,Sales Order,516.11,0
SUP_03,2025-04-06,Sales Order,272.0,0
SUP_03,2025-04-07,Sales Order,505.58,0
SUP_03,2025-04-08,Sales Order,57.91,0
SUP_03,2025-04-09,Sales Order,498.62,0
SUP_03,2025-04-10,Sales Order,596.77,0
SUP_04,2025-01-01,Sales Order,575.3,0
SUP_04,2025-01-02,Sales Order,509.22,0
SUP_04,2025-01-03,Sales Order,556.55,0
SUP_04,2025-01-04,Sales Order,499.97,0
SUP_04,2025-01-05,Sales Order,437.64,0
SUP_04,2025-01-06,Sales Order,414.01,0
SUP_04,2025-01-07,Sales Order,440.92,0
SUP_04,2025-01-08,Sales Order,416.76,0
SUP_04,2025-01-09,Sales Order,538.61,0
SUP_04,2025-01-10,Sales Order,487.35,0
SUP_04,2025-01-11,Sales Order,534.75,0
SUP_04,2025-01-12,Sales Order,504.47,0
SUP_04,2025-01-13,Sales Order,563.61,0
SUP_04,2025-01-14,Sales Order,564.59,0
SUP_04,2025-01-15,Sales Order,460.68,0
SUP_04,2025-01-16,Sales Order,483.29,0
SUP_04,2025-01-17,Sales Order,467.54,0
SUP_04,2025-01-18,Sales Order,401.22,0
SUP_04,2025-01-19,Sales Order,541.14,0
SUP_04,2025-01-20,Sales Order,572.43,0
SUP_04,2025-01-21,Sales Order,499.61,0
SUP_04,2025-01-22,Sales Order,469.95,0
SUP_04,2025-01-23,Sales Order,566.47,0
SUP_04,2025-01-24,Sales Order,357.13,0
SUP_04,2025-01-25,Sales Order,510.81,0
SUP_04,2025-01-26,Sales Order,508.73,0
SUP_04,2025-01-27,Sales Order,465.22,0
SUP_04,2025-01-28,Sales Order,584.78,0
SUP_04,2025-01-29,Sales Order,559.14,0
SUP_04,2025-01-30,Sales Order,484.09,0
SUP_04,2025-01-31,Sales Order,494.72,0
SUP_04,2025-02-01,Sales Order,476.36,0
SUP_04,2025-02-02,Sales Order,468.8,0
SUP_04,2025-02-03,Sales Order,420.3,0
SUP_04,2025-02-04,Sales Order,584.08,0
SUP_04,2025-02-05,Sales Order,562.63,0
SUP_04,2025-02-06,Sales Order,548.63,0
SUP_04,2025-02-07,Sales Order,433.33,0
SUP_04,2025-02-08,Sales Order,626.78,0
SUP_04,2025-02-09,Sales Order,620.65,0
SUP_04,2025-02-10,Sales Order,511.46,0
SUP_04,2025-02-11,Sales Order,444.91,0
SUP_04,2025-02-12,Sales Order,447.21,0
SUP_04,2025-02-13,Sales Order,525.5,0
SUP_04,2025-02-14,Sales Order,444.37,0
SUP_04,2025-02-15,Sales Order,497.92,0
SUP_04,2025-02-16,Sales Order,566.33,0
SUP_04,2025-02-17,Sales Order,408.19,0
SUP_04,2025-02-18,Sales Order,622.2,0
SUP_04,2025-02-19,Sales Order,595.45,0
SUP_04,2025-02-20,Sales Order,424.63,0
SUP_04,2025-02-21,Sales Order,413.87,0
SUP_04,2025-02-22,Sales Order,482.73,0
SUP_04,2025-02-23,Sales Order,437.18,0
SUP_04,2025-02-24,Sales Order,483.93,0
SUP_04,2025-02-25,Sales Order,342.74,0
SUP_04,2025-02-26,Sales Order,486.07,0
SUP_04,2025-02-27,Sales Order,609.84,0
SUP_04,2025-02-28,Sales Order,431.97,0
SUP_04,2025-03-01,Sales Order,483.36,0
SUP_04,2025-03-02,Sales Order,409.24,0
SUP_04,2025-03-03,Sales Order,538.89,0
SUP_04,2025-03-04,Sales Order,486.27,0
SUP_04,2025-03-05,Sales Order,618.24,0
SUP_04,2025-03-06,Sales Order,512.6,0
SUP_04,2025-03-07,Sales Order,477.32,0
SUP_04,2025-03-08,Sales Order,533.53,0
SUP_04,2025-03-09,Sales Order,469.16,0
SUP_04,2025-03-10,Sales Order,418.4,0
SUP_04,2025-03-11,Sales Order,518.4,0
SUP_04,2025-03-12,Sales Order,489.35,0
SUP_04,2025-03-13,Sales Order,510.13,0
SUP_04,2025-03-14,Sales Order,522.88,0
SUP_04,2025-03-15,Sales Order,468.91,0
SUP_04,2025-03-16,Sales Order,525.69,0
SUP_04,2025-03-17,Sales Order,605.87,0
SUP_04,2025-03-18,Sales Order,432.51,0
SUP_04,2025-03-19,Sales Order,605.86,0
SUP_04,2025-03-20,Sales Order,485.21,0
SUP_04,2025-03-21,Sales Order,453.29,0
SUP_04,2025-03-22,Sales Order,647.88,0
SUP_04,2025-03-23,Sales Order,509.44,0
SUP_04,2025-03-24,Sales Order,583.49,0
SUP_04,2025-03-25,Sales Order,549.81,0
SUP_04,2025-03-26,Sales Order,397.61,0
SUP_04,2025-03-27,Sales Order,507.36,0
SUP_04,2025-03-28,Sales Order,467.99,0
SUP_04,2025-03-29,Sales Order,418.25,0
SUP_04,2025-03-30,Sales Order,392.06,0
SUP_04,2025-03-31,Sales Order,506.23,0
SUP_04,2025-04-01,Sales Order,535.96,0
SUP_04,2025-04-02,Sales Order,523.8,0
SUP_04,2025-04-03,Sales Order,481.37,0
SUP_04,2025-04-04,Sales Order,451.35,0
SUP_04,2025-04-05,Sales Order,439.87,0
SUP_04,2025-04-06,Sales Order,466.18,0
SUP_04,2025-04-07,Sales Order,437.06,0
SUP_04,2025-04-08,Sales Order,487.62,0
SUP_04,2025-04-09,Sales Order,498.61,0
SUP_04,2025-04-10,Sales Order,445.41,0
SUP_05,2025-01-01,Sales Order,483.95,0
SUP_05,2025-01-02,Sales Order,447.42,0
SUP_05,2025-01-03,Sales Order,499.69,0
SUP_05,2025-01-04,Sales Order,535.07,0
SUP_05,2025-01-05,Sales Order,512.32,0
SUP_05,2025-01-06,Sales Order,532.65,0
SUP_05,2025-01-07,Sales Order,385.75,0
SUP_05,2025-01-08,Sales Order,473.81,0
SUP_05,2025-01-09,Sales Order,519.14,0
SUP_05,2025-01-10,Sales Order,544.34,0
SUP_05,2025-01-11,Sales Order,389.48,0
SUP_05,2025-01-12,Sales Order,511.01,0
SUP_05,2025-01-13,Sales Order,583.43,0
SUP_05,2025-01-14,Sales Order,487.65,0
SUP_05,2025-01-15,Sales Order,493.45,0
SUP_05,2025-01-16,Sales Order,531.15,0
SUP_05,2025-01-17,Sales Order,517.09,0
SUP_05,2025-01-18,Sales Order,546.66,0
SUP_05,2025-01-19,Sales Order,505.01,0
SUP_05,2025-01-20,Sales Order,510.55,0
SUP_05,2025-01-21,Sales Order,445.89,0
SUP_05,2025-01-22,Sales Order,488.21,0
SUP_05,2025-01-23,Sales Order,586.66,0
SUP_05,2025-01-24,Sales Order,485.88,0
SUP_05,2025-01-25,Sales Order,488.34,0
SUP_05,2025-01-26,Sales Order,466.01,0
SUP_05,2025-01-27,Sales Order,554.44,0
SUP_05,2025-01-28,Sales Order,440.89,0
SUP_05,2025-01-29,Sales Order,562.97,0
SUP_05,2025-01-30,Sales Order,435.2,0
SUP_05,2025-01-31,Sales Order,426.84,0
SUP_05,2025-02-01,Sales Order,514.24,0
SUP_05,2025-02-02,Sales Order,509.0,0
SUP_05,2025-02-03,Sales Order,520.58,0
SUP_05,2025-02-04,Sales Order,573.48,0
SUP_05,2025-02-05,Sales Order,471.47,0
SUP_05,2025-02-06,Sales Order,530.64,0
SUP_05,2025-02-07,Sales Order,437.08,0
SUP_05,2025-02-08,Sales Order,587.08,0
SUP_05,2025-02-09,Sales Order,543.74,0
SUP_05,2025-02-10,Sales Order,537.11,0
SUP_05,2025-02-11,Sales Order,512.99,0
SUP_05,2025-02-12,Sales Order,445.67,0
SUP_05,2025-02-13,Sales Order,477.36,0
SUP_05,2025-02-14,Sales Order,534.7,0
SUP_05,2025-02-15,Sales Order,498.67,0
SUP_05,2025-02-16,Sales Order,508.56,0
SUP_05,2025-02-17,Sales Order,405.96,0
SUP_05,2025-02-18,Sales Order,512.52,0
SUP_05,2025-02-19,Sales Order,452.15,0
SUP_05,2025-02-20,Sales Order,425.08,0
SUP_05,2025-02-21,Sales Order,489.3,0
SUP_05,2025-02-22,Sales Order,371.61,0
SUP_05,2025-02-23,Sales Order,548.31,0
SUP_05,2025-02-24,Sales Order,558.92,0
SUP_05,2025-02-25,Sales Order,496.3,0
SUP_05,2025-02-26,Sales Order,431.27,0
SUP_05,2025-02-27,Sales Order,434.62,0
SUP_05,2025-02-28,Sales Order,489.55,0
SUP_05,2025-03-01,Sales Order,332.38,0
SUP_05,2025-03-02,Sales Order,512.48,0
SUP_05,2025-03-03,Sales Order,545.95,0
SUP_05,2025-03-04,Sales Order,478.43,0
SUP_05,2025-03-05,Sales Order,465.81,0
SUP_05,2025-03-06,Sales Order,512.58,0
SUP_05,2025-03-07,Sales Order,524.25,0
SUP_05,2025-03-08,Sales Order,575.67,0
SUP_05,2025-03-09,Sales Order,501.27,0
SUP_05,2025-03-10,Sales Order,452.3,0
SUP_05,2025-03-11,Sales Order,468.1,0
SUP_05,2025-03-12,Sales Order,512.58,0
SUP_05,2025-03-13,Sales Order,607.63,0
SUP_05,2025-03-14,Sales Order,477.85,0
SUP_05,2025-03-15,Sales Order,427.21,0
SUP_05,2025-03-16,Sales Order,439.82,0
SUP_05,2025-03-17,Sales Order,355.02,0
SUP_05,2025-03-18,Sales Order,522.81,0
SUP_05,2025-03-19,Sales Order,405.85,0
SUP_05,2025-03-20,Sales Order,414.69,0
SUP_05,2025-03-21,Sales Order,363.34,0
SUP_05,2025-03-22,Sales Order,422.68,0
SUP_05,2025-03-23,Sales Order,539.31,0
SUP_05,2025-03-24,Sales Order,409.31,0
SUP_05,2025-03-25,Sales Order,379.0,0
SUP_05,2025-03-26,Sales Order,512.33,0
SUP_05,2025-03-27,Sales Order,476.4,0
SUP_05,2025-03-28,Sales Order,529.89,0
SUP_05,2025-03-29,Sales Order,551.22,0
SUP_05,2025-03-30,Sales Order,499.41,0
SUP_05,2025-03-31,Sales Order,410.25,0
SUP_05,2025-04-01,Sales Order,491.44,0
SUP_05,2025-04-02,Sales Order,534.6,0
SUP_05,2025-04-03,Sales Order,459.68,0
SUP_05,2025-04-04,Sales Order,400.59,0
SUP_05,2025-04-05,Sales Order,576.26,0
SUP_05,2025-04-06,Sales Order,471.28,0
SUP_05,2025-04-07,Sales Order,471.7,0
SUP_05,2025-04-08,Sales Order,501.1,0
SUP_05,2025-04-09,Sales Order,571.27,0
SUP_05,2025-04-10,Sales Order,518.23,0
SUP_06,2025-01-01,Sales Order,465.47,0
SUP_06,2025-01-02,Sales Order,570.69,0
SUP_06,2025-01-03,Sales Order,722.49,0
SUP_06,2025-01-04,Sales Order,643.81,0
SUP_06,2025-01-05,Sales Order,569.73,0
SUP_06,2025-01-06,Sales Order,383.7,0
SUP_06,2025-01-07,Sales Order,888.82,0
SUP_06,2025-01-08,Sales Order,375.78,0
SUP_06,2025-01-09,Sales Order,461.47,0
SUP_06,2025-01-10,Sales Order,427.47,0
SUP_06,2025-01-11,Sales Order,668.59,0
SUP_06,2025-01-12,Sales Order,543.55,0
SUP_06,2025-01-13,Sales Order,352.11,0
SUP_06,2025-01-14,Sales Order,527.73,0
SUP_06,2025-01-15,Sales Order,556.68,0
SUP_06,2025-01-16,Sales Order,467.0,0
SUP_06,2025-01-17,Sales Order,373.55,0
SUP_06,2025-01-18,Sales Order,424.87,0
SUP_06,2025-01-19,Sales Order,454.73,0
SUP_06,2025-01-20,Sales Order,502.36,0
SUP_06,2025-01-21,Sales Order,446.12,0
SUP_06,2025-01-22,Sales Order,576.19,0
SUP_06,2025-01-23,Sales Order,401.56,0
SUP_06,2025-01-24,Sales Order,320.58,0
SUP_06,2025-01-25,Sales Order,423.38,0
SUP_06,2025-01-26,Sales Order,639.78,0
SUP_06,2025-01-27,Sales Order,440.6,0
SUP_06,2025-01-28,Sales Order,742.57,0
SUP_06,2025-01-29,Sales Order,550.93,0
SUP_06,2025-01-30,Sales Order,379.33,0
SUP_06,2025-01-31,Sales Order,413.54,0
SUP_06,2025-02-01,Sales Order,525.22,0
SUP_06,2025-02-02,Sales Order,377.96,0
SUP_06,2025-02-03,Sales Order,746.07,0
SUP_06,2025-02-04,Sales Order,397.32,0
SUP_06,2025-02-05,Sales Order,570.57,0
SUP_06,2025-02-06,Sales Order,651.31,0
SUP_06,2025-02-07,Sales Order,488.68,0
SUP_06,2025-02-08,Sales Order,396.8,0
SUP_06,2025-02-09,Sales Order,471.7,0
SUP_06,2025-02-10,Sales Order,537.54,0
SUP_06,2025-02-11,Sales Order,590.75,0
SUP_06,2025-02-12,Sales Order,505.88,0
SUP_06,2025-02-13,Sales Order,354.9,0
SUP_06,2025-02-14,Sales Order,504.39,0
SUP_06,2025-02-15,Sales Order,430.22,0
SUP_06,2025-02-16,Sales Order,273.75,0
SUP_06,2025-02-17,Sales Order,427.71,0
SUP_06,2025-02-18,Sales Order,351.56,0
SUP_06,2025-02-19,Sales Order,560.81,0
SUP_06,2025-02-20,Sales Order,701.47,0
SUP_06,2025-02-21,Sales Order,692.62,0
SUP_06,2025-02-22,Sales Order,440.6,0
SUP_06,2025-02-23,Sales Order,451.56,0
SUP_06,2025-02-24,Sales Order,571.38,0
SUP_06,2025-02-25,Sales Order,609.98,0
SUP_06,2025-02-26,Sales Order,456.61,0
SUP_06,2025-02-27,Sales Order,485.22,0
SUP_06,2025-02-28,Sales Order,728.7,0
SUP_06,2025-03-01,Sales Order,488.86,0
SUP_06,2025-03-02,Sales Order,449.71,0
SUP_06,2025-03-03,Sales Order,512.43,0
SUP_06,2025-03-04,Sales Order,560.07,0
SUP_06,2025-03-05,Sales Order,394.13,0
SUP_06,2025-03-06,Sales Order,474.26,0
SUP_06,2025-03-07,Sales Order,379.13,0
SUP_06,2025-03-08,Sales Order,471.16,0
SUP_06,2025-03-09,Sales Order,694.5,0
SUP_06,2025-03-10,Sales Order,576.86,0
SUP_06,2025-03-11,Sales Order,490.41,0
SUP_06,2025-03-12,Sales Order,403.3,0
SUP_06,2025-03-13,Sales Order,467.73,0
SUP_06,2025-03-14,Sales Order,608.89,0
SUP_06,2025-03-15,Sales Order,441.79,0
SUP_06,2025-03-16,Sales Order,650.31,0
SUP_06,2025-03-17,Sales Order,357.65,0
SUP_06,2025-03-18,Sales Order,469.94,0
SUP_06,2025-03-19,Sales Order,680.6,0
SUP_06,2025-03-20,Sales Order,291.93,0
SUP_06,2025-03-21,Sales Order,623.15,0
SUP_06,2025-03-22,Sales Order,308.14,0
SUP_06,2025-03-23,Sales Order,490.67,0
SUP_06,2025-03-24,Sales Order,482.12,0
SUP_06,2025-03-25,Sales Order,585.42,0
SUP_06,2025-03-26,Sales Order,173.1,0
SUP_06,2025-03-27,Sales Order,301.26,0
SUP_06,2025-03-28,Sales Order,441.34,0
SUP_06,2025-03-29,Sales Order,503.82,0
SUP_06,2025-03-30,Sales Order,407.44,0
SUP_06,2025-03-31,Sales Order,477.11,0
SUP_06,2025-04-01,Sales Order,377.08,0
SUP_06,2025-04-02,Sales Order,458.42,0
SUP_06,2025-04-03,Sales Order,412.25,0
SUP_06,2025-04-04,Sales Order,525.29,0
SUP_06,2025-04-05,Sales Order,560.25,0
SUP_06,2025-04-06,Sales Order,648.49,0
SUP_06,2025-04-07,Sales Order,431.98,0
SUP_06,2025-04-08,Sales Order,467.05,0
SUP_06,2025-04-09,Sales Order,504.95,0
SUP_06,2025-04-10,Sales Order,469.44,0
MFG_01,2025-01-01,Sales Order,794.67,0
MFG_01,2025-01-02,Sales Order,639.99,0
MFG_01,2025-01-03,Sales Order,838.08,0
MFG_01,2025-01-04,Sales Order,706.26,0
MFG_01,2025-01-05,Sales Order,701.98,0
MFG_01,2025-01-06,Sales Order,637.33,0
MFG_01,2025-01-07,Sales Order,918.92,0
MFG_01,2025-01-08,Sales Order,785.6,0
MFG_01,2025-01-09,Sales Order,917.74,0
MFG_01,2025-01-10,Sales Order,827.89,0
MFG_01,2025-01-11,Sales Order,625.53,0
MFG_01,2025-01-12,Sales Order,689.0,0
MFG_01,2025-01-13,Sales Order,877.63,0
MFG_01,2025-01-14,Sales Order,721.57,0
MFG_01,2025-01-15,Sales Order,688.32,0
MFG_01,2025-01-16,Sales Order,781.63,0
MFG_01,2025-01-17,Sales Order,781.87,0
MFG_01,2025-01-18,Sales Order,696.36,0
MFG_01,2025-01-19,Sales Order,766.59,0
MFG_01,2025-01-20,Sales Order,750.99,0
MFG_01,2025-01-21,Sales Order,534.71,0
MFG_01,2025-01-22,Sales Order,851.49,0
MFG_01,2025-01-23,Sales Order,716.89,0
MFG_01,2025-01-24,Sales Order,933.61,0
MFG_01,2025-01-25,Sales Order,682.19,0
MFG_01,2025-01-26,Sales Order,638.2,0
MFG_01,2025-01-27,Sales Order,921.65,0
MFG_01,2025-01-28,Sales Order,637.64,0
MFG_01,2025-01-29,Sales Order,734.84,0
MFG_01,2025-01-30,Sales Order,861.18,0
MFG_01,2025-01-31,Sales Order,766.23,0
MFG_01,2025-02-01,Sales Order,630.43,0
MFG_01,2025-02-02,Sales Order,819.26,0
MFG_01,2025-02-03,Sales Order,780.1,0
MFG_01,2025-02-04,Sales Order,931.5,0
MFG_01,2025-02-05,Sales Order,860.29,0
MFG_01,2025-02-06,Sales Order,1110.95,0
MFG_01,2025-02-07,Sales Order,631.41,0
MFG_01,2025-02-08,Sales Order,797.78,0
MFG_01,2025-02-09,Sales Order,690.74,0
MFG_01,2025-02-10,Sales Order,918.28,0
MFG_01,2025-02-11,Sales Order,884.18,0
MFG_01,2025-02-12,Sales Order,877.24,0
MFG_01,2025-02-13,Sales Order,720.38,0
MFG_01,2025-02-14,Sales Order,723.67,0
MFG_01,2025-02-15,Sales Order,592.1,0
MFG_01,2025-02-16,Sales Order,975.1,0
MFG_01,2025-02-17,Sales Order,852.06,0
MFG_01,2025-02-18,Sales Order,773.28,0
MFG_01,2025-02-19,Sales Order,895.62,0
MFG_01,2025-02-20,Sales Order,876.92,0
MFG_01,2025-02-21,Sales Order,899.9,0
MFG_01,2025-02-22,Sales Order,633.7,0
MFG_01,2025-02-23,Sales Order,726.88,0
MFG_01,2025-02-24,Sales Order,820.02,0
MFG_01,2025-02-25,Sales Order,836.41,0
MFG_01,2025-02-26,Sales Order,898.05,0
MFG_01,2025-02-27,Sales Order,696.69,0
MFG_01,2025-02-28,Sales Order,813.03,0
MFG_01,2025-03-01,Sales Order,1025.89,0
MFG_01,2025-03-02,Sales Order,870.87,0
MFG_01,2025-03-03,Sales Order,889.17,0
MFG_01,2025-03-04,Sales Order,798.03,0
MFG_01,2025-03-05,Sales Order,878.63,0
MFG_01,2025-03-06,Sales Order,984.78,0
MFG_01,2025-03-07,Sales Order,810.92,0
MFG_01,2025-03-08,Sales Order,925.37,0
MFG_01,2025-03-09,Sales Order,710.36,0
MFG_01,2025-03-10,Sales Order,860.44,0
MFG_01,2025-03-11,Sales Order,892.62,0
MFG_01,2025-03-12,Sales Order,722.97,0
MFG_01,2025-03-13,Sales Order,912.48,0
MFG_01,2025-03-14,Sales Order,730.84,0
MFG_01,2025-03-15,Sales Order,717.52,0
MFG_01,2025-03-16,Sales Order,799.88,0
MFG_01,2025-03-17,Sales Order,997.89,0
MFG_01,2025-03-18,Sales Order,831.67,0
MFG_01,2025-03-19,Sales Order,895.85,0
MFG_01,2025-03-20,Sales Order,725.04,0
MFG_01,2025-03-21,Sales Order,807.94,0
MFG_01,2025-03-22,Sales Order,679.49,0
MFG_01,2025-03-23,Sales Order,741.5,0
MFG_01,2025-03-24,Sales Order,885.59,0
MFG_01,2025-03-25,Sales Order,796.07,0
MFG_01,2025-03-26,Sales Order,948.66,0
MFG_01,2025-03-27,Sales Order,779.27,0
MFG_01,2025-03-28,Sales Order,779.73,0
MFG_01,2025-03-29,Sales Order,930.77,0
MFG_01,2025-03-30,Sales Order,733.56,0
MFG_01,2025-03-31,Sales Order,644.33,0
MFG_01,2025-04-01,Sales Order,933.29,0
MFG_01,2025-04-02,Sales Order,842.42,0
MFG_01,2025-04-03,Sales Order,578.22,0
MFG_01,2025-04-04,Sales Order,804.56,0
MFG_01,2025-04-05,Sales Order,758.64,0
MFG_01,2025-04-06,Sales Order,978.72,0
MFG_01,2025-04-07,Sales Order,725.33,0
MFG_01,2025-04-08,Sales Order,740.51,0
MFG_01,2025-04-09,Sales Order,706.75,0
MFG_01,2025-04-10,Sales Order,692.03,0
MFG_02,2025-01-01,Sales Order,723.4,0
MFG_02,2025-01-02,Sales Order,642.97,0
MFG_02,2025-01-03,Sales Order,687.23,0
MFG_02,2025-01-04,Sales Order,624.31,0
MFG_02,2025-01-05,Sales Order,636.26,0
MFG_02,2025-01-06,Sales Order,629.44,0
MFG_02,2025-01-07,Sales Order,743.01,0
MFG_02,2025-01-08,Sales Order,725.23,0
MFG_02,2025-01-09,Sales Order,665.88,0
MFG_02,2025-01-10,Sales Order,852.3,0
MFG_02,2025-01-11,Sales Order,794.74,0
MFG_02,2025-01-12,Sales Order,752.76,0
MFG_02,2025-01-13,Sales Order,749.26,0
MFG_02,2025-01-14,Sales Order,974.19,0
MFG_02,2025-01-15,Sales Order,826.23,0
MFG_02,2025-01-16,Sales Order,851.99,0
MFG_02,2025-01-17,Sales Order,517.2,0
MFG_02,2025-01-18,Sales Order,728.51,0
MFG_02,2025-01-19,Sales Order,562.58,0
MFG_02,2025-01-20,Sales Order,753.39,0
MFG_02,2025-01-21,Sales Order,840.82,0
MFG_02,2025-01-22,Sales Order,726.26,0
MFG_02,2025-01-23,Sales Order,856.71,0
MFG_02,2025-01-24,Sales Order,688.15,0
MFG_02,2025-01-25,Sales Order,862.97,0
MFG_02,2025-01-26,Sales Order,630.1,0
MFG_02,2025-01-27,Sales Order,771.38,0
MFG_02,2025-01-28,Sales Order,845.91,0
MFG_02,2025-01-29,Sales Order,858.61,0
MFG_02,2025-01-30,Sales Order,786.08,0
MFG_02,2025-01-31,Sales Order,1012.12,0
MFG_02,2025-02-01,Sales Order,754.68,0
MFG_02,2025-02-02,Sales Order,750.68,0
MFG_02,2025-02-03,Sales Order,498.23,0
MFG_02,2025-02-04,Sales Order,993.45,0
MFG_02,2025-02-05,Sales Order,759.65,0
MFG_02,2025-02-06,Sales Order,671.39,0
MFG_02,2025-02-07,Sales Order,944.45,0
MFG_02,2025-02-08,Sales Order,935.11,0
MFG_02,2025-02-09,Sales Order,811.85,0
MFG_02,2025-02-10,Sales Order,643.08,0
MFG_02,2025-02-11,Sales Order,845.82,0
MFG_02,2025-02-12,Sales Order,732.05,0
MFG_02,2025-02-13,Sales Order,671.97,0
MFG_02,2025-02-14,Sales Order,914.1,0
MFG_02,2025-02-15,Sales Order,566.78,0
MFG_02,2025-02-16,Sales Order,862.02,0
MFG_02,2025-02-17,Sales Order,850.23,0
MFG_02,2025-02-18,Sales Order,1024.29,0
MFG_02,2025-02-19,Sales Order,835.56,0
MFG_02,2025-02-20,Sales Order,574.89,0
MFG_02,2025-02-21,Sales Order,708.56,0
MFG_02,2025-02-22,Sales Order,807.07,0
MFG_02,2025-02-23,Sales Order,838.88,0
MFG_02,2025-02-24,Sales Order,907.26,0
MFG_02,2025-02-25,Sales Order,585.69,0
MFG_02,2025-02-26,Sales Order,763.92,0
MFG_02,2025-02-27,Sales Order,906.06,0
MFG_02,2025-02-28,Sales Order,968.85,0
MFG_02,2025-03-01,Sales Order,1003.52,0
MFG_02,2025-03-02,Sales Order,757.33,0
MFG_02,2025-03-03,Sales Order,920.03,0
MFG_02,2025-03-04,Sales Order,987.19,0
MFG_02,2025-03-05,Sales Order,931.02,0
MFG_02,2025-03-06,Sales Order,879.14,0
MFG_02,2025-03-07,Sales Order,890.53,0
MFG_02,2025-03-08,Sales Order,713.62,0
MFG_02,2025-03-09,Sales Order,641.73,0
MFG_02,2025-03-10,Sales Order,907.48,0
MFG_02,2025-03-11,Sales Order,762.05,0
MFG_02,2025-03-12,Sales Order,796.92,0
MFG_02,2025-03-13,Sales Order,736.71,0
MFG_02,2025-03-14,Sales Order,757.03,0
MFG_02,2025-03-15,Sales Order,825.45,0
MFG_02,2025-03-16,Sales Order,688.25,0
MFG_02,2025-03-17,Sales Order,807.49,0
MFG_02,2025-03-18,Sales Order,826.91,0
MFG_02,2025-03-19,Sales Order,791.54,0
MFG_02,2025-03-20,Sales Order,718.68,0
MFG_02,2025-03-21,Sales Order,886.02,0
MFG_02,2025-03-22,Sales Order,1004.79,0
MFG_02,2025-03-23,Sales Order,734.25,0
MFG_02,2025-03-24,Sales Order,935.0,0
MFG_02,2025-03-25,Sales Order,897.25,0
MFG_02,2025-03-26,Sales Order,509.85,0
MFG_02,2025-03-27,Sales Order,716.76,0
MFG_02,2025-03-28,Sales Order,730.47,0
MFG_02,2025-03-29,Sales Order,885.49,0
MFG_02,2025-03-30,Sales Order,820.61,0
MFG_02,2025-03-31,Sales Order,851.88,0
MFG_02,2025-04-01,Sales Order,869.58,0
MFG_02,2025-04-02,Sales Order,701.7,0
MFG_02,2025-04-03,Sales Order,718.36,0
MFG_02,2025-04-04,Sales Order,666.27,0
MFG_02,2025-04-05,Sales Order,781.38,0
MFG_02,2025-04-06,Sales Order,786.98,0
MFG_02,2025-04-07,Sales Order,818.72,0
MFG_02,2025-04-08,Sales Order,720.46,0
MFG_02,2025-04-09,Sales Order,899.14,0
MFG_02,2025-04-10,Sales Order,900.29,0
MFG_03,2025-01-01,Sales Order,1038.2,0
MFG_03,2025-01-02,Sales Order,909.56,0
MFG_03,2025-01-03,Sales Order,828.57,0
MFG_03,2025-01-04,Sales Order,903.57,0
MFG_03,2025-01-05,Sales Order,893.91,0
MFG_03,2025-01-06,Sales Order,699.61,0
MFG_03,2025-01-07,Sales Order,998.59,0
MFG_03,2025-01-08,Sales Order,1064.69,0
MFG_03,2025-01-09,Sales Order,1104.49,0
MFG_03,2025-01-10,Sales Order,805.43,0
MFG_03,2025-01-11,Sales Order,849.94,0
MFG_03,2025-01-12,Sales Order,864.13,0
MFG_03,2025-01-13,Sales Order,799.61,0
MFG_03,2025-01-14,Sales Order,895.38,0
MFG_03,2025-01-15,Sales Order,781.34,0
MFG_03,2025-01-16,Sales Order,770.15,0
MFG_03,2025-01-17,Sales Order,1070.92,0
MFG_03,2025-01-18,Sales Order,825.37,0
MFG_03,2025-01-19,Sales Order,810.32,0
MFG_03,2025-01-20,Sales Order,935.85,0
MFG_03,2025-01-21,Sales Order,823.15,0
MFG_03,2025-01-22,Sales Order,844.92,0
MFG_03,2025-01-23,Sales Order,790.21,0
MFG_03,2025-01-24,Sales Order,612.03,0
MFG_03,2025-01-25,Sales Order,795.23,0
MFG_03,2025-01-26,Sales Order,624.9,0
MFG_03,2025-01-27,Sales Order,832.37,0
MFG_03,2025-01-28,Sales Order,618.03,0
MFG_03,2025-01-29,Sales Order,941.19,0
MFG_03,2025-01-30,Sales Order,915.4,0
MFG_03,2025-01-31,Sales Order,843.19,0
MFG_03,2025-02-01,Sales Order,784.58,0
MFG_03,2025-02-02,Sales Order,864.12,0
MFG_03,2025-02-03,Sales Order,497.35,0
MFG_03,2025-02-04,Sales Order,631.07,0
MFG_03,2025-02-05,Sales Order,777.09,0
MFG_03,2025-02-06,Sales Order,853.18,0
MFG_03,2025-02-07,Sales Order,787.77,0
MFG_03,2025-02-08,Sales Order,645.27,0
MFG_03,2025-02-09,Sales Order,820.55,0
MFG_03,2025-02-10,Sales Order,730.12,0
MFG_03,2025-02-11,Sales Order,635.41,0
MFG_03,2025-02-12,Sales Order,850.75,0
MFG_03,2025-02-13,Sales Order,767.66,0
MFG_03,2025-02-14,Sales Order,984.28,0
MFG_03,2025-02-15,Sales Order,902.51,0
MFG_03,2025-02-16,Sales Order,913.15,0
MFG_03,2025-02-17,Sales Order,849.54,0
MFG_03,2025-02-18,Sales Order,669.83,0
MFG_03,2025-02-19,Sales Order,655.89,0
MFG_03,2025-02-20,Sales Order,573.41,0
MFG_03,2025-02-21,Sales Order,1243.43,0
MFG_03,2025-02-22,Sales Order,633.74,0
MFG_03,2025-02-23,Sales Order,767.68,0
MFG_03,2025-02-24,Sales Order,744.49,0
MFG_03,2025-02-25,Sales Order,756.71,0
MFG_03,2025-02-26,Sales Order,710.04,0
MFG_03,2025-02-27,Sales Order,512.24,0
MFG_03,2025-02-28,Sales Order,646.26,0
MFG_03,2025-03-01,Sales Order,585.81,0
MFG_03,2025-03-02,Sales Order,780.47,0
MFG_03,2025-03-03,Sales Order,694.62,0
MFG_03,2025-03-04,Sales Order,694.16,0
MFG_03,2025-03-05,Sales Order,833.25,0
MFG_03,2025-03-06,Sales Order,710.24,0
MFG_03,2025-03-07,Sales Order,943.56,0
MFG_03,2025-03-08,Sales Order,740.52,0
MFG_03,2025-03-09,Sales Order,834.68,0
MFG_03,2025-03-10,Sales Order,595.88,0
MFG_03,2025-03-11,Sales Order,901.17,0
MFG_03,2025-03-12,Sales Order,737.59,0
MFG_03,2025-03-13,Sales Order,862.96,0
MFG_03,2025-03-14,Sales Order,850.83,0
MFG_03,2025-03-15,Sales Order,773.29,0
MFG_03,2025-03-16,Sales Order,833.49,0
MFG_03,2025-03-17,Sales Order,740.66,0
MFG_03,2025-03-18,Sales Order,1007.33,0
MFG_03,2025-03-19,Sales Order,943.9,0
MFG_03,2025-03-20,Sales Order,874.31,0
MFG_03,2025-03-21,Sales Order,618.23,0
MFG_03,2025-03-22,Sales Order,630.68,0
MFG_03,2025-03-23,Sales Order,697.75,0
MFG_03,2025-03-24,Sales Order,762.26,0
MFG_03,2025-03-25,Sales Order,869.0,0
MFG_03,2025-03-26,Sales Order,661.91,0
MFG_03,2025-03-27,Sales Order,981.29,0
MFG_03,2025-03-28,Sales Order,800.55,0
MFG_03,2025-03-29,Sales Order,489.99,0
MFG_03,2025-03-30,Sales Order,726.79,0
MFG_03,2025-03-31,Sales Order,401.83,0
MFG_03,2025-04-01,Sales Order,684.22,0
MFG_03,2025-04-02,Sales Order,715.42,0
MFG_03,2025-04-03,Sales Order,705.98,0
MFG_03,2025-04-04,Sales Order,749.9,0
MFG_03,2025-04-05,Sales Order,739.3,0
MFG_03,2025-04-06,Sales Order,708.55,0
MFG_03,2025-04-07,Sales Order,1031.42,0
MFG_03,2025-04-08,Sales Order,987.12,0
MFG_03,2025-04-09,Sales Order,624.13,0
MFG_03,2025-04-10,Sales Order,993.13,0
MFG_04,2025-01-01,Sales Order,443.43,0
MFG_04,2025-01-02,Sales Order,620.85,0
MFG_04,2025-01-03,Sales Order,1135.42,0
MFG_04,2025-01-04,Sales Order,307.48,0
MFG_04,2025-01-05,Sales Order,926.41,0
MFG_04,2025-01-06,Sales Order,524.33,0
MFG_04,2025-01-07,Sales Order,768.33,0
MFG_04,2025-01-08,Sales Order,760.37,0
MFG_04,2025-01-09,Sales Order,1173.25,0
MFG_04,2025-01-10,Sales Order,621.73,0
MFG_04,2025-01-11,Sales Order,784.82,0
MFG_04,2025-01-12,Sales Order,937.89,0
MFG_04,2025-01-13,Sales Order,744.63,0
MFG_04,2025-01-14,Sales Order,619.21,0
MFG_04,2025-01-15,Sales Order,786.98,0
MFG_04,2025-01-16,Sales Order,820.56,0
MFG_04,2025-01-17,Sales Order,994.42,0
MFG_04,2025-01-18,Sales Order,592.61,0
MFG_04,2025-01-19,Sales Order,701.23,0
MFG_04,2025-01-20,Sales Order,871.02,0
MFG_04,2025-01-21,Sales Order,763.24,0
MFG_04,2025-01-22,Sales Order,759.25,0
MFG_04,2025-01-23,Sales Order,796.26,0
MFG_04,2025-01-24,Sales Order,646.97,0
MFG_04,2025-01-25,Sales Order,624.13,0
MFG_04,2025-01-26,Sales Order,896.92,0
MFG_04,2025-01-27,Sales Order,559.17,0
MFG_04,2025-01-28,Sales Order,1056.29,0
MFG_04,2025-01-29,Sales Order,847.79,0
MFG_04,2025-01-30,Sales Order,519.27,0
MFG_04,2025-01-31,Sales Order,862.24,0
MFG_04,2025-02-01,Sales Order,836.79,0
MFG_04,2025-02-02,Sales Order,967.61,0
MFG_04,2025-02-03,Sales Order,1054.85,0
MFG_04,2025-02-04,Sales Order,719.42,0
MFG_04,2025-02-05,Sales Order,644.35,0
MFG_04,2025-02-06,Sales Order,666.73,0
MFG_04,2025-02-07,Sales Order,584.24,0
MFG_04,2025-02-08,Sales Order,635.84,0
MFG_04,2025-02-09,Sales Order,862.57,0
MFG_04,2025-02-10,Sales Order,803.36,0
MFG_04,2025-02-11,Sales Order,691.94,0
MFG_04,2025-02-12,Sales Order,637.64,0
MFG_04,2025-02-13,Sales Order,876.51,0
MFG_04,2025-02-14,Sales Order,689.69,0
MFG_04,2025-02-15,Sales Order,571.25,0
MFG_04,2025-02-16,Sales Order,766.64,0
MFG_04,2025-02-17,Sales Order,741.83,0
MFG_04,2025-02-18,Sales Order,564.68,0
MFG_04,2025-02-19,Sales Order,981.91,0
MFG_04,2025-02-20,Sales Order,986.05,0
MFG_04,2025-02-21,Sales Order,808.99,1
MFG_04,2025-02-22,Sales Order,909.93,0
MFG_04,2025-02-23,Sales Order,928.28,1
MFG_04,2025-02-24,Sales Order,797.44,0
MFG_04,2025-02-25,Sales Order,663.32,0
MFG_04,2025-02-26,Sales Order,383.68,0
MFG_04,2025-02-27,Sales Order,799.31,1
MFG_04,2025-02-28,Sales Order,841.77,1
MFG_04,2025-03-01,Sales Order,750.64,0
MFG_04,2025-03-02,Sales Order,986.5,0
MFG_04,2025-03-03,Sales Order,580.55,0
MFG_04,2025-03-04,Sales Order,705.43,1
MFG_04,2025-03-05,Sales Order,853.79,0
MFG_04,2025-03-06,Sales Order,896.7,0
MFG_04,2025-03-07,Sales Order,510.58,0
MFG_04,2025-03-08,Sales Order,1160.88,1
MFG_04,2025-03-09,Sales Order,1023.11,0
MFG_04,2025-03-10,Sales Order,581.75,0
MFG_04,2025-03-11,Sales Order,766.89,0
MFG_04,2025-03-12,Sales Order,733.47,0
MFG_04,2025-03-13,Sales Order,915.67,1
MFG_04,2025-03-14,Sales Order,322.78,0
MFG_04,2025-03-15,Sales Order,770.12,0
MFG_04,2025-03-16,Sales Order,969.61,1
MFG_04,2025-03-17,Sales Order,433.3,1
MFG_04,2025-03-18,Sales Order,897.15,0
MFG_04,2025-03-19,Sales Order,1082.44,0
MFG_04,2025-03-20,Sales Order,967.33,0
MFG_04,2025-03-21,Sales Order,1139.65,0
MFG_04,2025-03-22,Sales Order,814.89,0
MFG_04,2025-03-23,Sales Order,560.39,0
MFG_04,2025-03-24,Sales Order,596.87,0
MFG_04,2025-03-25,Sales Order,568.72,0
MFG_04,2025-03-26,Sales Order,848.21,0
MFG_04,2025-03-27,Sales Order,867.21,0
MFG_04,2025-03-28,Sales Order,788.45,0
MFG_04,2025-03-29,Sales Order,873.88,0
MFG_04,2025-03-30,Sales Order,728.14,0
MFG_04,2025-03-31,Sales Order,822.4,1
MFG_04,2025-04-01,Sales Order,1084.43,0
MFG_04,2025-04-02,Sales Order,474.3,0
MFG_04,2025-04-03,Sales Order,528.05,0
MFG_04,2025-04-04,Sales Order,864.91,0
MFG_04,2025-04-05,Sales Order,419.14,0
MFG_04,2025-04-06,Sales Order,924.45,0
MFG_04,2025-04-07,Sales Order,675.7,1
MFG_04,2025-04-08,Sales Order,819.18,1
MFG_04,2025-04-09,Sales Order,962.55,0
MFG_04,2025-04-10,Sales Order,680.53,0
MFG_05,2025-01-01,Sales Order,832.48,0
MFG_05,2025-01-02,Sales Order,861.4,0
MFG_05,2025-01-03,Sales Order,708.43,0
MFG_05,2025-01-04,Sales Order,837.76,0
MFG_05,2025-01-05,Sales Order,746.42,0
MFG_05,2025-01-06,Sales Order,792.29,0
MFG_05,2025-01-07,Sales Order,747.63,0
MFG_05,2025-01-08,Sales Order,853.8,0
MFG_05,2025-01-09,Sales Order,729.7,0
MFG_05,2025-01-10,Sales Order,845.38,0
MFG_05,2025-01-11,Sales Order,667.31,0
MFG_05,2025-01-12,Sales Order,706.27,0
MFG_05,2025-01-13,Sales Order,779.55,0
MFG_05,2025-01-14,Sales Order,772.84,0
MFG_05,2025-01-15,Sales Order,914.93,0
MFG_05,2025-01-16,Sales Order,877.59,0
MFG_05,2025-01-17,Sales Order,768.56,0
MFG_05,2025-01-18,Sales Order,944.28,0
MFG_05,2025-01-19,Sales Order,689.02,0
MFG_05,2025-01-20,Sales Order,633.19,0
MFG_05,2025-01-21,Sales Order,857.99,0
MFG_05,2025-01-22,Sales Order,740.75,0
MFG_05,2025-01-23,Sales Order,755.88,0
MFG_05,2025-01-24,Sales Order,774.74,0
MFG_05,2025-01-25,Sales Order,658.44,0
MFG_05,2025-01-26,Sales Order,995.31,0
MFG_05,2025-01-27,Sales Order,770.79,0
MFG_05,2025-01-28,Sales Order,712.94,0
MFG_05,2025-01-29,Sales Order,620.47,0
MFG_05,2025-01-30,Sales Order,677.92,0
MFG_05,2025-01-31,Sales Order,767.27,0
MFG_05,2025-02-01,Sales Order,883.31,0
MFG_05,2025-02-02,Sales Order,843.64,0
MFG_05,2025-02-03,Sales Order,637.11,0
MFG_05,2025-02-04,Sales Order,716.76,0
MFG_05,2025-02-05,Sales Order,648.33,0
MFG_05,2025-02-06,Sales Order,790.13,0
MFG_05,2025-02-07,Sales Order,660.34,0
MFG_05,2025-02-08,Sales Order,669.14,0
MFG_05,2025-02-09,Sales Order,778.1,0
MFG_05,2025-02-10,Sales Order,722.66,0
MFG_05,2025-02-11,Sales Order,840.39,0
MFG_05,2025-02-12,Sales Order,762.28,0
MFG_05,2025-02-13,Sales Order,844.12,0
MFG_05,2025-02-14,Sales Order,849.89,0
MFG_05,2025-02-15,Sales Order,1017.99,0
MFG_05,2025-02-16,Sales Order,734.26,0
MFG_05,2025-02-17,Sales Order,805.69,0
MFG_05,2025-02-18,Sales Order,823.95,0
MFG_05,2025-02-19,Sales Order,828.06,0
MFG_05,2025-02-20,Sales Order,823.77,0
MFG_05,2025-02-21,Sales Order,764.75,0
MFG_05,2025-02-22,Sales Order,822.86,0
MFG_05,2025-02-23,Sales Order,626.7,0
MFG_05,2025-02-24,Sales Order,819.02,0
MFG_05,2025-02-25,Sales Order,782.95,0
MFG_05,2025-02-26,Sales Order,718.6,0
MFG_05,2025-02-27,Sales Order,934.22,0
MFG_05,2025-02-28,Sales Order,860.85,0
MFG_05,2025-03-01,Sales Order,865.66,0
MFG_05,2025-03-02,Sales Order,890.99,0
MFG_05,2025-03-03,Sales Order,947.96,0
MFG_05,2025-03-04,Sales Order,822.14,0
MFG_05,2025-03-05,Sales Order,633.94,0
MFG_05,2025-03-06,Sales Order,850.0,0
MFG_05,2025-03-07,Sales Order,885.2,0
MFG_05,2025-03-08,Sales Order,682.84,0
MFG_05,2025-03-09,Sales Order,873.47,0
MFG_05,2025-03-10,Sales Order,807.81,0
MFG_05,2025-03-11,Sales Order,899.47,0
MFG_05,2025-03-12,Sales Order,766.7,0
MFG_05,2025-03-13,Sales Order,949.3,0
MFG_05,2025-03-14,Sales Order,692.04,0
MFG_05,2025-03-15,Sales Order,835.88,0
MFG_05,2025-03-16,Sales Order,738.89,0
MFG_05,2025-03-17,Sales Order,955.86,0
MFG_05,2025-03-18,Sales Order,628.51,0
MFG_05,2025-03-19,Sales Order,833.81,0
MFG_05,2025-03-20,Sales Order,649.41,0
MFG_05,2025-03-21,Sales Order,964.79,0
MFG_05,2025-03-22,Sales Order,901.97,0
MFG_05,2025-03-23,Sales Order,790.0,0
MFG_05,2025-03-24,Sales Order,782.09,0
MFG_05,2025-03-25,Sales Order,888.51,0
MFG_05,2025-03-26,Sales Order,563.87,0
MFG_05,2025-03-27,Sales Order,758.85,0
MFG_05,2025-03-28,Sales Order,867.53,0
MFG_05,2025-03-29,Sales Order,648.91,0
MFG_05,2025-03-30,Sales Order,845.05,0
MFG_05,2025-03-31,Sales Order,853.36,0
MFG_05,2025-04-01,Sales Order,681.6,0
MFG_05,2025-04-02,Sales Order,654.7,0
MFG_05,2025-04-03,Sales Order,759.66,0
MFG_05,2025-04-04,Sales Order,785.61,0
MFG_05,2025-04-05,Sales Order,901.83,0
MFG_05,2025-04-06,Sales Order,651.95,0
MFG_05,2025-04-07,Sales Order,765.86,0
MFG_05,2025-04-08,Sales Order,952.47,0
MFG_05,2025-04-09,Sales Order,771.47,0
MFG_05,2025-04-10,Sales Order,997.84,0
MFG_06,2025-01-01,Sales Order,934.96,0
MFG_06,2025-01-02,Sales Order,979.4,0
MFG_06,2025-01-03,Sales Order,939.98,0
MFG_06,2025-01-04,Sales Order,751.0,0
MFG_06,2025-01-05,Sales Order,614.97,0
MFG_06,2025-01-06,Sales Order,858.67,0
MFG_06,2025-01-07,Sales Order,868.27,0
MFG_06,2025-01-08,Sales Order,811.55,0
MFG_06,2025-01-09,Sales Order,646.54,0
MFG_06,2025-01-10,Sales Order,798.06,0
MFG_06,2025-01-11,Sales Order,1002.76,0
MFG_06,2025-01-12,Sales Order,793.02,0
MFG_06,2025-01-13,Sales Order,1276.16,0
MFG_06,2025-01-14,Sales Order,885.22,0
MFG_06,2025-01-15,Sales Order,961.16,0
MFG_06,2025-01-16,Sales Order,543.13,0
MFG_06,2025-01-17,Sales Order,829.28,0
MFG_06,2025-01-18,Sales Order,689.95,0
MFG_06,2025-01-19,Sales Order,709.56,0
MFG_06,2025-01-20,Sales Order,1183.3,0
MFG_06,2025-01-21,Sales Order,761.97,0
MFG_06,2025-01-22,Sales Order,692.1,0
MFG_06,2025-01-23,Sales Order,737.03,0
MFG_06,2025-01-24,Sales Order,580.5,0
MFG_06,2025-01-25,Sales Order,884.99,0
MFG_06,2025-01-26,Sales Order,802.81,0
MFG_06,2025-01-27,Sales Order,785.22,0
MFG_06,2025-01-28,Sales Order,1196.99,0
MFG_06,2025-01-29,Sales Order,478.39,0
MFG_06,2025-01-30,Sales Order,698.17,0
MFG_06,2025-01-31,Sales Order,699.93,0
MFG_06,2025-02-01,Sales Order,782.36,0
MFG_06,2025-02-02,Sales Order,757.99,0
MFG_06,2025-02-03,Sales Order,972.12,0
MFG_06,2025-02-04,Sales Order,1008.63,0
MFG_06,2025-02-05,Sales Order,864.54,0
MFG_06,2025-02-06,Sales Order,863.0,0
MFG_06,2025-02-07,Sales Order,577.42,0
MFG_06,2025-02-08,Sales Order,1148.43,0
MFG_06,2025-02-09,Sales Order,1091.43,0
MFG_06,2025-02-10,Sales Order,768.72,0
MFG_06,2025-02-11,Sales Order,778.24,0
MFG_06,2025-02-12,Sales Order,644.96,0
MFG_06,2025-02-13,Sales Order,784.97,0
MFG_06,2025-02-14,Sales Order,937.41,0
MFG_06,2025-02-15,Sales Order,973.91,0
MFG_06,2025-02-16,Sales Order,683.42,0
MFG_06,2025-02-17,Sales Order,697.46,0
MFG_06,2025-02-18,Sales Order,532.28,0
MFG_06,2025-02-19,Sales Order,954.79,0
MFG_06,2025-02-20,Sales Order,1287.27,0
MFG_06,2025-02-21,Sales Order,1090.71,0
MFG_06,2025-02-22,Sales Order,1032.97,0
MFG_06,2025-02-23,Sales Order,905.51,0
MFG_06,2025-02-24,Sales Order,176.25,0
MFG_06,2025-02-25,Sales Order,771.26,0
MFG_06,2025-02-26,Sales Order,603.7,0
MFG_06,2025-02-27,Sales Order,730.51,0
MFG_06,2025-02-28,Sales Order,507.82,0
MFG_06,2025-03-01,Sales Order,855.48,0
MFG_06,2025-03-02,Sales Order,958.95,0
MFG_06,2025-03-03,Sales Order,780.97,0
MFG_06,2025-03-04,Sales Order,1166.99,0
MFG_06,2025-03-05,Sales Order,837.58,0
MFG_06,2025-03-06,Sales Order,609.19,0
MFG_06,2025-03-07,Sales Order,1081.51,0
MFG_06,2025-03-08,Sales Order,550.98,0
MFG_06,2025-03-09,Sales Order,540.57,0
MFG_06,2025-03-10,Sales Order,782.51,0
MFG_06,2025-03-11,Sales Order,612.64,0
MFG_06,2025-03-12,Sales Order,1052.87,0
MFG_06,2025-03-13,Sales Order,872.32,0
MFG_06,2025-03-14,Sales Order,850.45,0
MFG_06,2025-03-15,Sales Order,680.35,0
MFG_06,2025-03-16,Sales Order,842.6,0
MFG_06,2025-03-17,Sales Order,569.97,0
MFG_06,2025-03-18,Sales Order,700.48,0
MFG_06,2025-03-19,Sales Order,521.43,0
MFG_06,2025-03-20,Sales Order,828.48,0
MFG_06,2025-03-21,Sales Order,730.01,0
MFG_06,2025-03-22,Sales Order,837.93,0
MFG_06,2025-03-23,Sales Order,571.61,0
MFG_06,2025-03-24,Sales Order,783.11,0
MFG_06,2025-03-25,Sales Order,860.32,0
MFG_06,2025-03-26,Sales Order,819.12,0
MFG_06,2025-03-27,Sales Order,858.18,0
MFG_06,2025-03-28,Sales Order,1030.15,0
MFG_06,2025-03-29,Sales Order,697.6,0
MFG_06,2025-03-30,Sales Order,1061.31,0
MFG_06,2025-03-31,Sales Order,782.11,0
MFG_06,2025-04-01,Sales Order,792.71,0
MFG_06,2025-04-02,Sales Order,1150.07,0
MFG_06,2025-04-03,Sales Order,871.13,0
MFG_06,2025-04-04,Sales Order,983.36,0
MFG_06,2025-04-05,Sales Order,880.77,0
MFG_06,2025-04-06,Sales Order,388.4,0
MFG_06,2025-04-07,Sales Order,746.87,0
MFG_06,2025-04-08,Sales Order,893.93,0
MFG_06,2025-04-09,Sales Order,503.32,0
MFG_06,2025-04-10,Sales Order,1123.92,0
DST_01,2025-01-01,Sales Order,1191.29,0
DST_01,2025-01-02,Sales Order,993.06,0
DST_01,2025-01-03,Sales Order,1000.64,0
DST_01,2025-01-04,Sales Order,1372.13,0
DST_01,2025-01-05,Sales Order,1085.49,0
DST_01,2025-01-06,Sales Order,1202.73,0
DST_01,2025-01-07,Sales Order,1305.05,0
DST_01,2025-01-08,Sales Order,1145.9,0
DST_01,2025-01-09,Sales Order,1249.7,0
DST_01,2025-01-10,Sales Order,1050.72,0
DST_01,2025-01-11,Sales Order,1316.63,0
DST_01,2025-01-12,Sales Order,1263.1,0
DST_01,2025-01-13,Sales Order,1253.83,0
DST_01,2025-01-14,Sales Order,1089.85,0
DST_01,2025-01-15,Sales Order,1182.74,0
DST_01,2025-01-16,Sales Order,1235.96,0
DST_01,2025-01-17,Sales Order,1155.65,0
DST_01,2025-01-18,Sales Order,1129.22,0
DST_01,2025-01-19,Sales Order,1117.77,0
DST_01,2025-01-20,Sales Order,1138.16,0
DST_01,2025-01-21,Sales Order,1166.42,0
DST_01,2025-01-22,Sales Order,1115.56,0
DST_01,2025-01-23,Sales Order,1390.28,0
DST_01,2025-01-24,Sales Order,1251.87,0
DST_01,2025-01-25,Sales Order,991.94,0
DST_01,2025-01-26,Sales Order,1476.9,0
DST_01,2025-01-27,Sales Order,1158.03,0
DST_01,2025-01-28,Sales Order,1469.89,0
DST_01,2025-01-29,Sales Order,1236.51,0
DST_01,2025-01-30,Sales Order,1187.6,0
DST_01,2025-01-31,Sales Order,1139.76,0
DST_01,2025-02-01,Sales Order,1129.45,0
DST_01,2025-02-02,Sales Order,1246.47,0
DST_01,2025-02-03,Sales Order,1060.26,0
DST_01,2025-02-04,Sales Order,1251.83,0
DST_01,2025-02-05,Sales Order,1184.16,0
DST_01,2025-02-06,Sales Order,1067.2,0
DST_01,2025-02-07,Sales Order,1093.5,0
DST_01,2025-02-08,Sales Order,1235.56,0
DST_01,2025-02-09,Sales Order,1207.9,0
DST_01,2025-02-10,Sales Order,1216.62,0
DST_01,2025-02-11,Sales Order,1108.23,0
DST_01,2025-02-12,Sales Order,1106.35,0
DST_01,2025-02-13,Sales Order,1284.83,0
DST_01,2025-02-14,Sales Order,1083.75,0
DST_01,2025-02-15,Sales Order,1109.72,0
DST_01,2025-02-16,Sales Order,1289.35,0
DST_01,2025-02-17,Sales Order,1170.24,0
DST_01,2025-02-18,Sales Order,1210.47,0
DST_01,2025-02-19,Sales Order,1072.9,0
DST_01,2025-02-20,Sales Order,1103.32,0
DST_01,2025-02-21,Sales Order,1181.9,0
DST_01,2025-02-22,Sales Order,1156.35,0
DST_01,2025-02-23,Sales Order,1140.26,0
DST_01,2025-02-24,Sales Order,1320.49,0
DST_01,2025-02-25,Sales Order,1304.15,0
DST_01,2025-02-26,Sales Order,1103.42,0
DST_01,2025-02-27,Sales Order,1200.58,0
DST_01,2025-02-28,Sales Order,1129.58,0
DST_01,2025-03-01,Sales Order,1171.26,0
DST_01,2025-03-02,Sales Order,1193.14,0
DST_01,2025-03-03,Sales Order,1305.93,0
DST_01,2025-03-04,Sales Order,1280.04,0
DST_01,2025-03-05,Sales Order,1198.17,0
DST_01,2025-03-06,Sales Order,1298.22,0
DST_01,2025-03-07,Sales Order,1143.14,0
DST_01,2025-03-08,Sales Order,1337.13,0
DST_01,2025-03-09,Sales Order,1333.12,0
DST_01,2025-03-10,Sales Order,1000.5,0
DST_01,2025-03-11,Sales Order,1262.0,0
DST_01,2025-03-12,Sales Order,1160.61,0
DST_01,2025-03-13,Sales Order,1214.15,0
DST_01,2025-03-14,Sales Order,1121.73,0
DST_01,2025-03-15,Sales Order,1028.31,0
DST_01,2025-03-16,Sales Order,1161.8,0
DST_01,2025-03-17,Sales Order,1281.72,0
DST_01,2025-03-18,Sales Order,1312.02,0
DST_01,2025-03-19,Sales Order,1248.42,0
DST_01,2025-03-20,Sales Order,1347.89,0
DST_01,2025-03-21,Sales Order,1079.72,0
DST_01,2025-03-22,Sales Order,1146.87,0
DST_01,2025-03-23,Sales Order,982.85,0
DST_01,2025-03-24,Sales Order,1087.51,0
DST_01,2025-03-25,Sales Order,1067.96,0
DST_01,2025-03-26,Sales Order,1150.41,0
DST_01,2025-03-27,Sales Order,1197.27,0
DST_01,2025-03-28,Sales Order,1216.18,0
DST_01,2025-03-29,Sales Order,1250.88,0
DST_01,2025-03-30,Sales Order,1205.65,0
DST_01,2025-03-31,Sales Order,1178.19,0
DST_01,2025-04-01,Sales Order,1111.67,0
DST_01,2025-04-02,Sales Order,1168.81,0
DST_01,2025-04-03,Sales Order,1240.91,0
DST_01,2025-04-04,Sales Order,1083.3,0
DST_01,2025-04-05,Sales Order,1168.38,0
DST_01,2025-04-06,Sales Order,1173.18,0
DST_01,2025-04-07,Sales Order,1059.54,0
DST_01,2025-04-08,Sales Order,1559.43,0
DST_01,2025-04-09,Sales Order,1176.82,0
DST_01,2025-04-10,Sales Order,1083.03,0
DST_02,2025-01-01,Sales Order,1209.63,0
DST_02,2025-01-02,Sales Order,1120.42,0
DST_02,2025-01-03,Sales Order,1303.18,0
DST_02,2025-01-04,Sales Order,1251.56,0
DST_02,2025-01-05,Sales Order,1170.53,0
DST_02,2025-01-06,Sales Order,1163.29,0
DST_02,2025-01-07,Sales Order,1183.18,0
DST_02,2025-01-08,Sales Order,1164.19,0
DST_02,2025-01-09,Sales Order,1253.97,0
DST_02,2025-01-10,Sales Order,1148.0,0
DST_02,2025-01-11,Sales Order,1182.58,0
DST_02,2025-01-12,Sales Order,1179.0,0
DST_02,2025-01-13,Sales Order,1244.81,0
DST_02,2025-01-14,Sales Order,1190.36,0
DST_02,2025-01-15,Sales Order,1212.31,0
DST_02,2025-01-16,Sales Order,1192.27,0
DST_02,2025-01-17,Sales Order,1217.64,0
DST_02,2025-01-18,Sales Order,1217.45,0
DST_02,2025-01-19,Sales Order,1219.41,0
DST_02,2025-01-20,Sales Order,1232.67,0
DST_02,2025-01-21,Sales Order,1189.97,0
DST_02,2025-01-22,Sales Order,1161.61,0
DST_02,2025-01-23,Sales Order,1285.16,0
DST_02,2025-01-24,Sales Order,1166.84,0
DST_02,2025-01-25,Sales Order,1218.54,0
DST_02,2025-01-26,Sales Order,1173.06,0
DST_02,2025-01-27,Sales Order,1164.0,0
DST_02,2025-01-28,Sales Order,1159.13,0
DST_02,2025-01-29,Sales Order,1225.83,0
DST_02,2025-01-30,Sales Order,1225.88,0
DST_02,2025-01-31,Sales Order,1150.25,0
DST_02,2025-02-01,Sales Order,1189.38,0
DST_02,2025-02-02,Sales Order,1250.2,0
DST_02,2025-02-03,Sales Order,1289.49,0
DST_02,2025-02-04,Sales Order,1235.75,0
DST_02,2025-02-05,Sales Order,1252.03,0
DST_02,2025-02-06,Sales Order,1189.23,0
DST_02,2025-02-07,Sales Order,1142.31,0
DST_02,2025-02-08,Sales Order,1230.45,0
DST_02,2025-02-09,Sales Order,1153.67,0
DST_02,2025-02-10,Sales Order,1204.7,0
DST_02,2025-02-11,Sales Order,1190.8,0
DST_02,2025-02-12,Sales Order,1259.16,0
DST_02,2025-02-13,Sales Order,1217.37,0
DST_02,2025-02-14,Sales Order,1144.65,0
DST_02,2025-02-15,Sales Order,1171.02,0
DST_02,2025-02-16,Sales Order,1204.75,0
DST_02,2025-02-17,Sales Order,1155.56,0
DST_02,2025-02-18,Sales Order,1167.54,0
DST_02,2025-02-19,Sales Order,1161.26,0
DST_02,2025-02-20,Sales Order,1175.17,0
DST_02,2025-02-21,Sales Order,1174.48,0
DST_02,2025-02-22,Sales Order,1122.64,0
DST_02,2025-02-23,Sales Order,1208.32,1
DST_02,2025-02-24,Sales Order,1213.57,0
DST_02,2025-02-25,Sales Order,1206.7,0
DST_02,2025-02-26,Sales Order,1216.75,0
DST_02,2025-02-27,Sales Order,1256.37,0
DST_02,2025-02-28,Sales Order,1191.53,0
DST_02,2025-03-01,Sales Order,1114.93,1
DST_02,2025-03-02,Sales Order,1162.02,0
DST_02,2025-03-03,Sales Order,1240.18,0
DST_02,2025-03-04,Sales Order,1196.44,1
DST_02,2025-03-05,Sales Order,1232.3,1
DST_02,2025-03-06,Sales Order,1155.57,1
DST_02,2025-03-07,Sales Order,1239.59,0
DST_02,2025-03-08,Sales Order,1220.61,0
DST_02,2025-03-09,Sales Order,1232.34,0
DST_02,2025-03-10,Sales Order,1204.16,0
DST_02,2025-03-11,Sales Order,1149.61,0
DST_02,2025-03-12,Sales Order,1196.65,0
DST_02,2025-03-13,Sales Order,1208.7,0
DST_02,2025-03-14,Sales Order,1229.31,0
DST_02,2025-03-15,Sales Order,1193.77,1
DST_02,2025-03-16,Sales Order,1110.99,0
DST_02,2025-03-17,Sales Order,1202.86,0
DST_02,2025-03-18,Sales Order,1118.77,0
DST_02,2025-03-19,Sales Order,1180.93,0
DST_02,2025-03-20,Sales Order,1189.7,0
DST_02,2025-03-21,Sales Order,1127.59,0
DST_02,2025-03-22,Sales Order,1174.39,0
DST_02,2025-03-23,Sales Order,1187.89,1
DST_02,2025-03-24,Sales Order,1126.83,1
DST_02,2025-03-25,Sales Order,1198.04,0
DST_02,2025-03-26,Sales Order,1190.83,0
DST_02,2025-03-27,Sales Order,1180.39,0
DST_02,2025-03-28,Sales Order,1210.91,0
DST_02,2025-03-29,Sales Order,1162.37,0
DST_02,2025-03-30,Sales Order,1216.16,0
DST_02,2025-03-31,Sales Order,1248.75,1
DST_02,2025-04-01,Sales Order,1225.25,0
DST_02,2025-04-02,Sales Order,1229.39,0
DST_02,2025-04-03,Sales Order,1159.3,0
DST_02,2025-04-04,Sales Order,1167.91,0
DST_02,2025-04-05,Sales Order,1268.73,0
DST_02,2025-04-06,Sales Order,1312.16,1
DST_02,2025-04-07,Sales Order,1158.26,0
DST_02,2025-04-08,Sales Order,1269.2,0
DST_02,2025-04-09,Sales Order,1175.63,0
DST_02,2025-04-10,Sales Order,1275.34,0
DST_03,2025-01-01,Sales Order,1563.16,0
DST_03,2025-01-02,Sales Order,1153.89,0
DST_03,2025-01-03,Sales Order,1328.72,0
DST_03,2025-01-04,Sales Order,774.52,0
DST_03,2025-01-05,Sales Order,1175.61,0
DST_03,2025-01-06,Sales Order,1140.54,0
DST_03,2025-01-07,Sales Order,486.71,0
DST_03,2025-01-08,Sales Order,1314.86,0
DST_03,2025-01-09,Sales Order,1298.21,0
DST_03,2025-01-10,Sales Order,731.76,0
DST_03,2025-01-11,Sales Order,809.48,0
DST_03,2025-01-12,Sales Order,992.81,0
DST_03,2025-01-13,Sales Order,1053.67,0
DST_03,2025-01-14,Sales Order,1115.29,0
DST_03,2025-01-15,Sales Order,935.06,0
DST_03,2025-01-16,Sales Order,921.31,0
DST_03,2025-01-17,Sales Order,1284.76,0
DST_03,2025-01-18,Sales Order,1068.59,0
DST_03,2025-01-19,Sales Order,1170.47,0
DST_03,2025-01-20,Sales Order,1136.49,0
DST_03,2025-01-21,Sales Order,1326.42,0
DST_03,2025-01-22,Sales Order,1157.34,0
DST_03,2025-01-23,Sales Order,1438.23,0
DST_03,2025-01-24,Sales Order,1228.48,0
DST_03,2025-01-25,Sales Order,1445.83,0
DST_03,2025-01-26,Sales Order,1544.84,0
DST_03,2025-01-27,Sales Order,796.16,0
DST_03,2025-01-28,Sales Order,1454.95,0
DST_03,2025-01-29,Sales Order,1692.98,0
DST_03,2025-01-30,Sales Order,931.08,0
DST_03,2025-01-31,Sales Order,1191.19,0
DST_03,2025-02-01,Sales Order,1101.23,0
DST_03,2025-02-02,Sales Order,1321.9,0
DST_03,2025-02-03,Sales Order,1343.79,0
DST_03,2025-02-04,Sales Order,1014.93,0
DST_03,2025-02-05,Sales Order,1562.94,0
DST_03,2025-02-06,Sales Order,963.12,0
DST_03,2025-02-07,Sales Order,1161.75,0
DST_03,2025-02-08,Sales Order,1483.04,0
DST_03,2025-02-09,Sales Order,1740.15,0
DST_03,2025-02-10,Sales Order,1058.24,0
DST_03,2025-02-11,Sales Order,1416.32,0
DST_03,2025-02-12,Sales Order,1260.84,0
DST_03,2025-02-13,Sales Order,762.43,0
DST_03,2025-02-14,Sales Order,935.88,0
DST_03,2025-02-15,Sales Order,866.86,0
DST_03,2025-02-16,Sales Order,1060.83,0
DST_03,2025-02-17,Sales Order,1084.75,0
DST_03,2025-02-18,Sales Order,1207.73,0
DST_03,2025-02-19,Sales Order,1553.3,0
DST_03,2025-02-20,Sales Order,1316.82,0
DST_03,2025-02-21,Sales Order,1933.61,1
DST_03,2025-02-22,Sales Order,1154.27,0
DST_03,2025-02-23,Sales Order,1382.84,0
DST_03,2025-02-24,Sales Order,825.29,0
DST_03,2025-02-25,Sales Order,1723.98,1
DST_03,2025-02-26,Sales Order,1499.51,0
DST_03,2025-02-27,Sales Order,1487.97,0
DST_03,2025-02-28,Sales Order,1486.44,0
DST_03,2025-03-01,Sales Order,574.82,1
DST_03,2025-03-02,Sales Order,1097.5,0
DST_03,2025-03-03,Sales Order,1625.43,0
DST_03,2025-03-04,Sales Order,1187.22,1
DST_03,2025-03-05,Sales Order,1515.54,0
DST_03,2025-03-06,Sales Order,1589.58,1
DST_03,2025-03-07,Sales Order,1025.64,0
DST_03,2025-03-08,Sales Order,1023.85,0
DST_03,2025-03-09,Sales Order,1093.07,0
DST_03,2025-03-10,Sales Order,1141.22,0
DST_03,2025-03-11,Sales Order,1130.79,0
DST_03,2025-03-12,Sales Order,1583.01,1
DST_03,2025-03-13,Sales Order,1480.28,0
DST_03,2025-03-14,Sales Order,1455.06,0
DST_03,2025-03-15,Sales Order,1078.21,0
DST_03,2025-03-16,Sales Order,1017.41,0
DST_03,2025-03-17,Sales Order,1226.05,0
DST_03,2025-03-18,Sales Order,832.53,1
DST_03,2025-03-19,Sales Order,720.7,0
DST_03,2025-03-20,Sales Order,767.62,0
DST_03,2025-03-21,Sales Order,1102.92,0
DST_03,2025-03-22,Sales Order,1459.45,1
DST_03,2025-03-23,Sales Order,1709.71,0
DST_03,2025-03-24,Sales Order,1478.08,0
DST_03,2025-03-25,Sales Order,1195.06,0
DST_03,2025-03-26,Sales Order,1813.28,0
DST_03,2025-03-27,Sales Order,1051.26,1
DST_03,2025-03-28,Sales Order,1080.08,0
DST_03,2025-03-29,Sales Order,1145.44,1
DST_03,2025-03-30,Sales Order,1545.38,0
DST_03,2025-03-31,Sales Order,1176.31,0
DST_03,2025-04-01,Sales Order,1384.28,1
DST_03,2025-04-02,Sales Order,949.88,1
DST_03,2025-04-03,Sales Order,1360.14,1
DST_03,2025-04-04,Sales Order,1461.3,1
DST_03,2025-04-05,Sales Order,1158.92,0
DST_03,2025-04-06,Sales Order,712.63,0
DST_03,2025-04-07,Sales Order,1445.7,0
DST_03,2025-04-08,Sales Order,1685.94,0
DST_03,2025-04-09,Sales Order,1082.75,0
DST_03,2025-04-10,Sales Order,1188.71,1
DST_04,2025-01-01,Sales Order,1340.11,0
DST_04,2025-01-02,Sales Order,1370.7,0
DST_04,2025-01-03,Sales Order,1202.38,0
DST_04,2025-01-04,Sales Order,1394.13,0
DST_04,2025-01-05,Sales Order,1237.98,0
DST_04,2025-01-06,Sales Order,1616.38,0
DST_04,2025-01-07,Sales Order,1402.98,0
DST_04,2025-01-08,Sales Order,1139.69,0
DST_04,2025-01-09,Sales Order,1193.58,0
DST_04,2025-01-10,Sales Order,1162.67,0
DST_04,2025-01-11,Sales Order,981.72,0
DST_04,2025-01-12,Sales Order,884.46,0
DST_04,2025-01-13,Sales Order,1315.86,0
DST_04,2025-01-14,Sales Order,1247.67,0
DST_04,2025-01-15,Sales Order,1111.02,0
DST_04,2025-01-16,Sales Order,1438.61,0
DST_04,2025-01-17,Sales Order,669.71,0
DST_04,2025-01-18,Sales Order,1191.6,0
DST_04,2025-01-19,Sales Order,1137.99,0
DST_04,2025-01-20,Sales Order,993.56,0
DST_04,2025-01-21,Sales Order,1611.46,0
DST_04,2025-01-22,Sales Order,1574.0,0
DST_04,2025-01-23,Sales Order,1103.7,0
DST_04,2025-01-24,Sales Order,1531.17,0
DST_04,2025-01-25,Sales Order,1225.78,0
DST_04,2025-01-26,Sales Order,1331.22,0
DST_04,2025-01-27,Sales Order,1436.87,0
DST_04,2025-01-28,Sales Order,1540.14,0
DST_04,2025-01-29,Sales Order,996.12,0
DST_04,2025-01-30,Sales Order,1040.33,0
DST_04,2025-01-31,Sales Order,931.61,0
DST_04,2025-02-01,Sales Order,1114.22,0
DST_04,2025-02-02,Sales Order,841.31,0
DST_04,2025-02-03,Sales Order,1113.84,0
DST_04,2025-02-04,Sales Order,1237.13,0
DST_04,2025-02-05,Sales Order,1384.62,0
DST_04,2025-02-06,Sales Order,1215.11,0
DST_04,2025-02-07,Sales Order,692.74,0
DST_04,2025-02-08,Sales Order,1436.57,0
DST_04,2025-02-09,Sales Order,1333.7,0
DST_04,2025-02-10,Sales Order,1171.15,0
DST_04,2025-02-11,Sales Order,1103.5,0
DST_04,2025-02-12,Sales Order,1117.98,0
DST_04,2025-02-13,Sales Order,1165.01,0
DST_04,2025-02-14,Sales Order,916.8,0
DST_04,2025-02-15,Sales Order,1112.59,0
DST_04,2025-02-16,Sales Order,1072.28,0
DST_04,2025-02-17,Sales Order,1137.23,0
DST_04,2025-02-18,Sales Order,1057.31,0
DST_04,2025-02-19,Sales Order,1466.99,0
DST_04,2025-02-20,Sales Order,1326.16,0
DST_04,2025-02-21,Sales Order,1312.98,0
DST_04,2025-02-22,Sales Order,1451.05,0
DST_04,2025-02-23,Sales Order,1361.41,0
DST_04,2025-02-24,Sales Order,925.05,1
DST_04,2025-02-25,Sales Order,1177.06,0
DST_04,2025-02-26,Sales Order,1340.13,0
DST_04,2025-02-27,Sales Order,825.0,0
DST_04,2025-02-28,Sales Order,1191.35,1
DST_04,2025-03-01,Sales Order,871.92,0
DST_04,2025-03-02,Sales Order,1937.1,0
DST_04,2025-03-03,Sales Order,1512.18,1
DST_04,2025-03-04,Sales Order,1258.01,0
DST_04,2025-03-05,Sales Order,1174.36,0
DST_04,2025-03-06,Sales Order,1268.64,0
DST_04,2025-03-07,Sales Order,512.04,0
DST_04,2025-03-08,Sales Order,1444.97,0
DST_04,2025-03-09,Sales Order,1189.0,0
DST_04,2025-03-10,Sales Order,931.33,0
DST_04,2025-03-11,Sales Order,1466.5,0
DST_04,2025-03-12,Sales Order,1068.47,1
DST_04,2025-03-13,Sales Order,1010.24,0
DST_04,2025-03-14,Sales Order,803.68,1
DST_04,2025-03-15,Sales Order,1127.38,1
DST_04,2025-03-16,Sales Order,1408.1,0
DST_04,2025-03-17,Sales Order,1229.93,0
DST_04,2025-03-18,Sales Order,744.3,1
DST_04,2025-03-19,Sales Order,1107.32,0
DST_04,2025-03-20,Sales Order,1105.66,0
DST_04,2025-03-21,Sales Order,1780.32,1
DST_04,2025-03-22,Sales Order,1295.05,0
DST_04,2025-03-23,Sales Order,957.61,0
DST_04,2025-03-24,Sales Order,1368.85,1
DST_04,2025-03-25,Sales Order,1216.65,1
DST_04,2025-03-26,Sales Order,881.89,1
DST_04,2025-03-27,Sales Order,975.58,0
DST_04,2025-03-28,Sales Order,1050.84,1
DST_04,2025-03-29,Sales Order,1305.16,0
DST_04,2025-03-30,Sales Order,1477.3,1
DST_04,2025-03-31,Sales Order,1302.69,0
DST_04,2025-04-01,Sales Order,1174.64,0
DST_04,2025-04-02,Sales Order,982.6,0
DST_04,2025-04-03,Sales Order,1109.07,1
DST_04,2025-04-04,Sales Order,1391.15,0
DST_04,2025-04-05,Sales Order,1238.2,1
DST_04,2025-04-06,Sales Order,1407.66,0
DST_04,2025-04-07,Sales Order,1600.31,0
DST_04,2025-04-08,Sales Order,822.73,0
DST_04,2025-04-09,Sales Order,531.43,0
DST_04,2025-04-10,Sales Order,1218.4,0
DST_05,2025-01-01,Sales Order,1224.15,0
DST_05,2025-01-02,Sales Order,1094.49,0
DST_05,2025-01-03,Sales Order,1139.25,0
DST_05,2025-01-04,Sales Order,1235.25,0
DST_05,2025-01-05,Sales Order,1052.27,0
DST_05,2025-01-06,Sales Order,1345.04,0
DST_05,2025-01-07,Sales Order,962.95,0
DST_05,2025-01-08,Sales Order,1239.81,0
DST_05,2025-01-09,Sales Order,1139.28,0
DST_05,2025-01-10,Sales Order,1383.97,0
DST_05,2025-01-11,Sales Order,1294.12,0
DST_05,2025-01-12,Sales Order,942.52,0
DST_05,2025-01-13,Sales Order,900.73,0
DST_05,2025-01-14,Sales Order,1076.29,0
DST_05,2025-01-15,Sales Order,1137.95,0
DST_05,2025-01-16,Sales Order,1176.65,0
DST_05,2025-01-17,Sales Order,1203.74,0
DST_05,2025-01-18,Sales Order,1283.22,0
DST_05,2025-01-19,Sales Order,1031.24,0
DST_05,2025-01-20,Sales Order,977.56,0
DST_05,2025-01-21,Sales Order,1231.19,0
DST_05,2025-01-22,Sales Order,1155.4,0
DST_05,2025-01-23,Sales Order,1187.23,0
DST_05,2025-01-24,Sales Order,1120.71,0
DST_05,2025-01-25,Sales Order,1178.6,0
DST_05,2025-01-26,Sales Order,1383.65,0
DST_05,2025-01-27,Sales Order,999.46,0
DST_05,2025-01-28,Sales Order,1048.6,0
DST_05,2025-01-29,Sales Order,1279.26,0
DST_05,2025-01-30,Sales Order,1393.64,0
DST_05,2025-01-31,Sales Order,1174.59,0
DST_05,2025-02-01,Sales Order,1044.0,0
DST_05,2025-02-02,Sales Order,952.78,0
DST_05,2025-02-03,Sales Order,1232.19,0
DST_05,2025-02-04,Sales Order,1045.65,0
DST_05,2025-02-05,Sales Order,1468.78,0
DST_05,2025-02-06,Sales Order,1489.29,0
DST_05,2025-02-07,Sales Order,1227.96,0
DST_05,2025-02-08,Sales Order,1259.97,0
DST_05,2025-02-09,Sales Order,1185.43,0
DST_05,2025-02-10,Sales Order,1341.06,0
DST_05,2025-02-11,Sales Order,1199.62,0
DST_05,2025-02-12,Sales Order,1207.83,0
DST_05,2025-02-13,Sales Order,1368.07,0
DST_05,2025-02-14,Sales Order,1277.36,0
DST_05,2025-02-15,Sales Order,1463.27,0
DST_05,2025-02-16,Sales Order,997.78,0
DST_05,2025-02-17,Sales Order,1131.36,0
DST_05,2025-02-18,Sales Order,1088.33,0
DST_05,2025-02-19,Sales Order,1303.99,0
DST_05,2025-02-20,Sales Order,1139.02,0
DST_05,2025-02-21,Sales Order,1274.41,0
DST_05,2025-02-22,Sales Order,1055.58,0
DST_05,2025-02-23,Sales Order,1188.34,0
DST_05,2025-02-24,Sales Order,1483.78,0
DST_05,2025-02-25,Sales Order,1402.41,0
DST_05,2025-02-26,Sales Order,967.92,0
DST_05,2025-02-27,Sales Order,1245.04,0
DST_05,2025-02-28,Sales Order,1302.09,0
DST_05,2025-03-01,Sales Order,1139.04,0
DST_05,2025-03-02,Sales Order,1063.81,0
DST_05,2025-03-03,Sales Order,1281.78,0
DST_05,2025-03-04,Sales Order,1212.46,0
DST_05,2025-03-05,Sales Order,1268.26,0
DST_05,2025-03-06,Sales Order,1180.47,0
DST_05,2025-03-07,Sales Order,1488.0,0
DST_05,2025-03-08,Sales Order,1087.1,0
DST_05,2025-03-09,Sales Order,1138.72,0
DST_05,2025-03-10,Sales Order,1263.61,0
DST_05,2025-03-11,Sales Order,1290.4,0
DST_05,2025-03-12,Sales Order,1029.67,0
DST_05,2025-03-13,Sales Order,1360.27,0
DST_05,2025-03-14,Sales Order,1019.86,0
DST_05,2025-03-15,Sales Order,1200.79,0
DST_05,2025-03-16,Sales Order,1162.07,0
DST_05,2025-03-17,Sales Order,1112.58,0
DST_05,2025-03-18,Sales Order,1340.0,0
DST_05,2025-03-19,Sales Order,910.04,0
DST_05,2025-03-20,Sales Order,1109.72,0
DST_05,2025-03-21,Sales Order,1088.47,0
DST_05,2025-03-22,Sales Order,1308.09,0
DST_05,2025-03-23,Sales Order,1391.54,0
DST_05,2025-03-24,Sales Order,1295.8,0
DST_05,2025-03-25,Sales Order,1372.38,0
DST_05,2025-03-26,Sales Order,925.17,0
DST_05,2025-03-27,Sales Order,1220.21,0
DST_05,2025-03-28,Sales Order,1029.14,0
DST_05,2025-03-29,Sales Order,1153.68,0
DST_05,2025-03-30,Sales Order,1230.23,0
DST_05,2025-03-31,Sales Order,1211.69,0
DST_05,2025-04-01,Sales Order,1369.96,0
DST_05,2025-04-02,Sales Order,955.56,0
DST_05,2025-04-03,Sales Order,1096.75,0
DST_05,2025-04-04,Sales Order,1017.08,0
DST_05,2025-04-05,Sales Order,997.54,0
DST_05,2025-04-06,Sales Order,1324.26,0
DST_05,2025-04-07,Sales Order,1222.54,0
DST_05,2025-04-08,Sales Order,1392.31,0
DST_05,2025-04-09,Sales Order,1346.42,0
DST_05,2025-04-10,Sales Order,1208.42,0
DST_06,2025-01-01,Sales Order,1061.94,0
DST_06,2025-01-02,Sales Order,1341.21,0
DST_06,2025-01-03,Sales Order,1101.53,0
DST_06,2025-01-04,Sales Order,1029.22,0
DST_06,2025-01-05,Sales Order,1036.2,0
DST_06,2025-01-06,Sales Order,1217.35,0
DST_06,2025-01-07,Sales Order,1380.19,0
DST_06,2025-01-08,Sales Order,1207.49,0
DST_06,2025-01-09,Sales Order,1374.34,0
DST_06,2025-01-10,Sales Order,1213.01,0
DST_06,2025-01-11,Sales Order,1139.28,0
DST_06,2025-01-12,Sales Order,1587.45,0
DST_06,2025-01-13,Sales Order,1459.29,0
DST_06,2025-01-14,Sales Order,1228.04,0
DST_06,2025-01-15,Sales Order,1081.51,0
DST_06,2025-01-16,Sales Order,970.9,0
DST_06,2025-01-17,Sales Order,1257.15,0
DST_06,2025-01-18,Sales Order,1163.62,0
DST_06,2025-01-19,Sales Order,1266.49,0
DST_06,2025-01-20,Sales Order,1246.0,0
DST_06,2025-01-21,Sales Order,1262.12,0
DST_06,2025-01-22,Sales Order,1362.63,0
DST_06,2025-01-23,Sales Order,1244.74,0
DST_06,2025-01-24,Sales Order,1096.99,0
DST_06,2025-01-25,Sales Order,1090.29,0
DST_06,2025-01-26,Sales Order,1283.03,0
DST_06,2025-01-27,Sales Order,1047.39,0
DST_06,2025-01-28,Sales Order,1302.28,0
DST_06,2025-01-29,Sales Order,1301.69,0
DST_06,2025-01-30,Sales Order,1193.75,0
DST_06,2025-01-31,Sales Order,1088.74,0
DST_06,2025-02-01,Sales Order,947.08,0
DST_06,2025-02-02,Sales Order,1039.97,0
DST_06,2025-02-03,Sales Order,968.5,0
DST_06,2025-02-04,Sales Order,1203.8,0
DST_06,2025-02-05,Sales Order,1137.03,0
DST_06,2025-02-06,Sales Order,1068.91,0
DST_06,2025-02-07,Sales Order,1324.24,0
DST_06,2025-02-08,Sales Order,1218.41,0
DST_06,2025-02-09,Sales Order,1206.78,0
DST_06,2025-02-10,Sales Order,1279.47,0
DST_06,2025-02-11,Sales Order,1347.57,0
DST_06,2025-02-12,Sales Order,971.79,0
DST_06,2025-02-13,Sales Order,1300.62,0
DST_06,2025-02-14,Sales Order,942.44,0
DST_06,2025-02-15,Sales Order,1086.89,0
DST_06,2025-02-16,Sales Order,1344.11,0
DST_06,2025-02-17,Sales Order,1298.42,0
DST_06,2025-02-18,Sales Order,1294.65,0
DST_06,2025-02-19,Sales Order,1225.93,0
DST_06,2025-02-20,Sales Order,1401.18,0
DST_06,2025-02-21,Sales Order,980.62,0
DST_06,2025-02-22,Sales Order,1253.59,0
DST_06,2025-02-23,Sales Order,1216.14,0
DST_06,2025-02-24,Sales Order,1166.06,0
DST_06,2025-02-25,Sales Order,1185.69,0
DST_06,2025-02-26,Sales Order,1383.84,0
DST_06,2025-02-27,Sales Order,1154.6,0
DST_06,2025-02-28,Sales Order,1154.27,1
DST_06,2025-03-01,Sales Order,1233.98,1
DST_06,2025-03-02,Sales Order,1271.7,0
DST_06,2025-03-03,Sales Order,1078.16,0
DST_06,2025-03-04,Sales Order,1202.75,0
DST_06,2025-03-05,Sales Order,1121.86,0
DST_06,2025-03-06,Sales Order,814.67,1
DST_06,2025-03-07,Sales Order,1198.08,0
DST_06,2025-03-08,Sales Order,1268.71,0
DST_06,2025-03-09,Sales Order,1089.71,0
DST_06,2025-03-10,Sales Order,1004.5,1
DST_06,2025-03-11,Sales Order,1348.32,1
DST_06,2025-03-12,Sales Order,1365.2,0
DST_06,2025-03-13,Sales Order,1192.3,0
DST_06,2025-03-14,Sales Order,1004.55,0
DST_06,2025-03-15,Sales Order,1289.22,1
DST_06,2025-03-16,Sales Order,1012.83,0
DST_06,2025-03-17,Sales Order,1027.28,1
DST_06,2025-03-18,Sales Order,1327.13,0
DST_06,2025-03-19,Sales Order,1385.11,0
DST_06,2025-03-20,Sales Order,1172.5,1
DST_06,2025-03-21,Sales Order,1261.74,0
DST_06,2025-03-22,Sales Order,1128.08,1
DST_06,2025-03-23,Sales Order,1287.03,1
DST_06,2025-03-24,Sales Order,1028.15,0
DST_06,2025-03-25,Sales Order,1257.22,1
DST_06,2025-03-26,Sales Order,1161.77,0
DST_06,2025-03-27,Sales Order,1249.99,0
DST_06,2025-03-28,Sales Order,1111.15,0
DST_06,2025-03-29,Sales Order,1278.09,1
DST_06,2025-03-30,Sales Order,1451.34,0
DST_06,2025-03-31,Sales Order,1020.12,0
DST_06,2025-04-01,Sales Order,1267.47,1
DST_06,2025-04-02,Sales Order,1321.97,0
DST_06,2025-04-03,Sales Order,1148.57,0
DST_06,2025-04-04,Sales Order,1202.22,0
DST_06,2025-04-05,Sales Order,1143.31,1
DST_06,2025-04-06,Sales Order,1205.63,1
DST_06,2025-04-07,Sales Order,1064.88,1
DST_06,2025-04-08,Sales Order,1064.83,1
DST_06,2025-04-09,Sales Order,1083.11,0
DST_06,2025-04-10,Sales Order,1526.89,0
DST_07,2025-01-01,Sales Order,1289.66,0
DST_07,2025-01-02,Sales Order,946.36,0
DST_07,2025-01-03,Sales Order,919.23,0
DST_07,2025-01-04,Sales Order,1676.55,0
DST_07,2025-01-05,Sales Order,1716.8,0
DST_07,2025-01-06,Sales Order,571.36,0
DST_07,2025-01-07,Sales Order,1373.55,0
DST_07,2025-01-08,Sales Order,1399.68,0
DST_07,2025-01-09,Sales Order,1390.51,0
DST_07,2025-01-10,Sales Order,1134.48,0
DST_07,2025-01-11,Sales Order,894.84,0
DST_07,2025-01-12,Sales Order,1915.24,0
DST_07,2025-01-13,Sales Order,1444.93,0
DST_07,2025-01-14,Sales Order,1151.24,0
DST_07,2025-01-15,Sales Order,1081.47,0
DST_07,2025-01-16,Sales Order,871.06,0
DST_07,2025-01-17,Sales Order,1000.81,0
DST_07,2025-01-18,Sales Order,1097.12,0
DST_07,2025-01-19,Sales Order,805.66,0
DST_07,2025-01-20,Sales Order,1589.14,0
DST_07,2025-01-21,Sales Order,1084.28,0
DST_07,2025-01-22,Sales Order,1292.19,0
DST_07,2025-01-23,Sales Order,829.02,0
DST_07,2025-01-24,Sales Order,1042.63,0
DST_07,2025-01-25,Sales Order,763.34,0
DST_07,2025-01-26,Sales Order,1071.27,0
DST_07,2025-01-27,Sales Order,492.56,0
DST_07,2025-01-28,Sales Order,969.65,0
DST_07,2025-01-29,Sales Order,741.36,0
DST_07,2025-01-30,Sales Order,1312.79,0
DST_07,2025-01-31,Sales Order,968.76,0
DST_07,2025-02-01,Sales Order,1294.16,0
DST_07,2025-02-02,Sales Order,1004.48,0
DST_07,2025-02-03,Sales Order,679.27,0
DST_07,2025-02-04,Sales Order,1287.33,0
DST_07,2025-02-05,Sales Order,903.98,0
DST_07,2025-02-06,Sales Order,773.83,0
DST_07,2025-02-07,Sales Order,1201.87,0
DST_07,2025-02-08,Sales Order,1222.11,0
DST_07,2025-02-09,Sales Order,1640.56,0
DST_07,2025-02-10,Sales Order,1084.98,0
DST_07,2025-02-11,Sales Order,681.83,0
DST_07,2025-02-12,Sales Order,2022.63,0
DST_07,2025-02-13,Sales Order,1612.43,0
DST_07,2025-02-14,Sales Order,898.09,0
DST_07,2025-02-15,Sales Order,1239.62,0
DST_07,2025-02-16,Sales Order,523.74,0
DST_07,2025-02-17,Sales Order,1171.89,0
DST_07,2025-02-18,Sales Order,1065.04,0
DST_07,2025-02-19,Sales Order,848.15,0
DST_07,2025-02-20,Sales Order,1271.87,0
DST_07,2025-02-21,Sales Order,925.24,0
DST_07,2025-02-22,Sales Order,1495.69,0
DST_07,2025-02-23,Sales Order,972.13,0
DST_07,2025-02-24,Sales Order,1118.07,0
DST_07,2025-02-25,Sales Order,1103.23,0
DST_07,2025-02-26,Sales Order,1252.33,0
DST_07,2025-02-27,Sales Order,762.64,0
DST_07,2025-02-28,Sales Order,933.88,0
DST_07,2025-03-01,Sales Order,1543.05,0
DST_07,2025-03-02,Sales Order,2029.47,0
DST_07,2025-03-03,Sales Order,1437.01,0
DST_07,2025-03-04,Sales Order,1066.25,0
DST_07,2025-03-05,Sales Order,927.11,0
DST_07,2025-03-06,Sales Order,1213.17,0
DST_07,2025-03-07,Sales Order,418.69,0
DST_07,2025-03-08,Sales Order,1160.3,0
DST_07,2025-03-09,Sales Order,1218.54,0
DST_07,2025-03-10,Sales Order,1180.26,0
DST_07,2025-03-11,Sales Order,1559.16,0
DST_07,2025-03-12,Sales Order,806.2,0
DST_07,2025-03-13,Sales Order,1153.27,0
DST_07,2025-03-14,Sales Order,908.98,0
DST_07,2025-03-15,Sales Order,1051.18,0
DST_07,2025-03-16,Sales Order,798.84,0
DST_07,2025-03-17,Sales Order,1527.08,0
DST_07,2025-03-18,Sales Order,899.04,0
DST_07,2025-03-19,Sales Order,1012.73,0
DST_07,2025-03-20,Sales Order,1162.3,0
DST_07,2025-03-21,Sales Order,1255.5,0
DST_07,2025-03-22,Sales Order,1447.09,0
DST_07,2025-03-23,Sales Order,1390.54,0
DST_07,2025-03-24,Sales Order,1345.15,0
DST_07,2025-03-25,Sales Order,1164.41,0
DST_07,2025-03-26,Sales Order,1354.88,0
DST_07,2025-03-27,Sales Order,1139.44,0
DST_07,2025-03-28,Sales Order,1074.26,0
DST_07,2025-03-29,Sales Order,1506.89,0
DST_07,2025-03-30,Sales Order,1292.5,0
DST_07,2025-03-31,Sales Order,1532.93,0
DST_07,2025-04-01,Sales Order,880.55,0
DST_07,2025-04-02,Sales Order,1248.21,0
DST_07,2025-04-03,Sales Order,1113.44,0
DST_07,2025-04-04,Sales Order,950.94,0
DST_07,2025-04-05,Sales Order,1029.65,0
DST_07,2025-04-06,Sales Order,1721.34,0
DST_07,2025-04-07,Sales Order,1638.75,0
DST_07,2025-04-08,Sales Order,1587.23,0
DST_07,2025-04-09,Sales Order,929.44,0
DST_07,2025-04-10,Sales Order,837.43,0
DST_08,2025-01-01,Sales Order,1460.3,0
DST_08,2025-01-02,Sales Order,1636.09,0
DST_08,2025-01-03,Sales Order,1204.18,0
DST_08,2025-01-04,Sales Order,1309.35,0
DST_08,2025-01-05,Sales Order,1321.16,0
DST_08,2025-01-06,Sales Order,1391.27,0
DST_08,2025-01-07,Sales Order,1324.02,0
DST_08,2025-01-08,Sales Order,1166.88,0
DST_08,2025-01-09,Sales Order,1106.64,0
DST_08,2025-01-10,Sales Order,1263.41,0
DST_08,2025-01-11,Sales Order,1080.59,0
DST_08,2025-01-12,Sales Order,1054.77,0
DST_08,2025-01-13,Sales Order,1439.8,0
DST_08,2025-01-14,Sales Order,1244.48,0
DST_08,2025-01-15,Sales Order,1276.92,0
DST_08,2025-01-16,Sales Order,1423.87,0
DST_08,2025-01-17,Sales Order,988.59,0
DST_08,2025-01-18,Sales Order,1377.51,0
DST_08,2025-01-19,Sales Order,1280.98,0
DST_08,2025-01-20,Sales Order,1483.95,0
DST_08,2025-01-21,Sales Order,1222.91,0
DST_08,2025-01-22,Sales Order,1140.75,0
DST_08,2025-01-23,Sales Order,1487.57,0
DST_08,2025-01-24,Sales Order,1413.8,0
DST_08,2025-01-25,Sales Order,1260.57,0
DST_08,2025-01-26,Sales Order,1344.83,0
DST_08,2025-01-27,Sales Order,1067.0,0
DST_08,2025-01-28,Sales Order,1236.34,0
DST_08,2025-01-29,Sales Order,1340.73,0
DST_08,2025-01-30,Sales Order,1035.51,0
DST_08,2025-01-31,Sales Order,1047.1,0
DST_08,2025-02-01,Sales Order,1017.27,0
DST_08,2025-02-02,Sales Order,1020.14,0
DST_08,2025-02-03,Sales Order,1048.7,0
DST_08,2025-02-04,Sales Order,1002.85,0
DST_08,2025-02-05,Sales Order,1478.93,0
DST_08,2025-02-06,Sales Order,960.16,0
DST_08,2025-02-07,Sales Order,982.14,0
DST_08,2025-02-08,Sales Order,1159.46,0
DST_08,2025-02-09,Sales Order,1057.14,0
DST_08,2025-02-10,Sales Order,1144.05,0
DST_08,2025-02-11,Sales Order,1150.99,0
DST_08,2025-02-12,Sales Order,1258.97,0
DST_08,2025-02-13,Sales Order,1266.0,0
DST_08,2025-02-14,Sales Order,1161.68,0
DST_08,2025-02-15,Sales Order,1305.64,0
DST_08,2025-02-16,Sales Order,1126.46,0
DST_08,2025-02-17,Sales Order,1001.86,0
DST_08,2025-02-18,Sales Order,1116.16,0
DST_08,2025-02-19,Sales Order,1247.31,0
DST_08,2025-02-20,Sales Order,1115.62,0
DST_08,2025-02-21,Sales Order,1275.61,0
DST_08,2025-02-22,Sales Order,1020.92,0
DST_08,2025-02-23,Sales Order,995.58,0
DST_08,2025-02-24,Sales Order,736.19,0
DST_08,2025-02-25,Sales Order,600.04,0
DST_08,2025-02-26,Sales Order,1007.1,0
DST_08,2025-02-27,Sales Order,1130.67,0
DST_08,2025-02-28,Sales Order,1297.69,0
DST_08,2025-03-01,Sales Order,1318.54,0
DST_08,2025-03-02,Sales Order,1144.09,0
DST_08,2025-03-03,Sales Order,1217.78,0
DST_08,2025-03-04,Sales Order,1184.48,0
DST_08,2025-03-05,Sales Order,1218.99,0
DST_08,2025-03-06,Sales Order,1412.42,0
DST_08,2025-03-07,Sales Order,1445.68,0
DST_08,2025-03-08,Sales Order,1404.33,0
DST_08,2025-03-09,Sales Order,1152.75,0
DST_08,2025-03-10,Sales Order,931.62,0
DST_08,2025-03-11,Sales Order,1208.49,0
DST_08,2025-03-12,Sales Order,908.15,0
DST_08,2025-03-13,Sales Order,1371.05,0
DST_08,2025-03-14,Sales Order,1126.77,0
DST_08,2025-03-15,Sales Order,1205.21,0
DST_08,2025-03-16,Sales Order,1493.43,0
DST_08,2025-03-17,Sales Order,1257.62,0
DST_08,2025-03-18,Sales Order,1162.96,0
DST_08,2025-03-19,Sales Order,1336.76,0
DST_08,2025-03-20,Sales Order,1095.72,0
DST_08,2025-03-21,Sales Order,1174.89,0
DST_08,2025-03-22,Sales Order,919.27,0
DST_08,2025-03-23,Sales Order,1277.14,0
DST_08,2025-03-24,Sales Order,1222.29,0
DST_08,2025-03-25,Sales Order,977.86,0
DST_08,2025-03-26,Sales Order,1265.93,0
DST_08,2025-03-27,Sales Order,1256.82,0
DST_08,2025-03-28,Sales Order,1251.7,0
DST_08,2025-03-29,Sales Order,875.04,0
DST_08,2025-03-30,Sales Order,979.77,0
DST_08,2025-03-31,Sales Order,1443.99,0
DST_08,2025-04-01,Sales Order,1472.02,0
DST_08,2025-04-02,Sales Order,1272.78,0
DST_08,2025-04-03,Sales Order,687.47,0
DST_08,2025-04-04,Sales Order,1046.36,0
DST_08,2025-04-05,Sales Order,1466.19,0
DST_08,2025-04-06,Sales Order,1399.64,0
DST_08,2025-04-07,Sales Order,1201.26,0
DST_08,2025-04-08,Sales Order,1051.42,0
DST_08,2025-04-09,Sales Order,1393.17,0
DST_08,2025-04-10,Sales Order,1199.17,0
RTL_01,2025-01-01,Sales Order,1209.2,0
RTL_01,2025-01-02,Sales Order,1907.88,0
RTL_01,2025-01-03,Sales Order,693.7,0
RTL_01,2025-01-04,Sales Order,1824.7,0
RTL_01,2025-01-05,Sales Order,1532.07,0
RTL_01,2025-01-06,Sales Order,1302.61,0
RTL_01,2025-01-07,Sales Order,1634.78,0
RTL_01,2025-01-08,Sales Order,1163.93,0
RTL_01,2025-01-09,Sales Order,1246.87,0
RTL_01,2025-01-10,Sales Order,1845.51,0
RTL_01,2025-01-11,Sales Order,1389.94,0
RTL_01,2025-01-12,Sales Order,1378.64,0
RTL_01,2025-01-13,Sales Order,1618.61,0
RTL_01,2025-01-14,Sales Order,1641.98,0
RTL_01,2025-01-15,Sales Order,1525.42,0
RTL_01,2025-01-16,Sales Order,1591.67,0
RTL_01,2025-01-17,Sales Order,1369.23,0
RTL_01,2025-01-18,Sales Order,1678.06,0
RTL_01,2025-01-19,Sales Order,1266.62,0
RTL_01,2025-01-20,Sales Order,1442.0,0
RTL_01,2025-01-21,Sales Order,1436.02,0
RTL_01,2025-01-22,Sales Order,1284.55,0
RTL_01,2025-01-23,Sales Order,1441.57,0
RTL_01,2025-01-24,Sales Order,2034.1,0
RTL_01,2025-01-25,Sales Order,1908.4,0
RTL_01,2025-01-26,Sales Order,1462.66,0
RTL_01,2025-01-27,Sales Order,2076.42,0
RTL_01,2025-01-28,Sales Order,1892.93,0
RTL_01,2025-01-29,Sales Order,1635.5,0
RTL_01,2025-01-30,Sales Order,905.95,0
RTL_01,2025-01-31,Sales Order,2045.65,0
RTL_01,2025-02-01,Sales Order,1474.22,0
RTL_01,2025-02-02,Sales Order,1880.97,0
RTL_01,2025-02-03,Sales Order,1890.11,0
RTL_01,2025-02-04,Sales Order,1500.87,0
RTL_01,2025-02-05,Sales Order,1928.69,0
RTL_01,2025-02-06,Sales Order,1717.94,0
RTL_01,2025-02-07,Sales Order,1094.46,0
RTL_01,2025-02-08,Sales Order,1359.04,0
RTL_01,2025-02-09,Sales Order,1217.95,0
RTL_01,2025-02-10,Sales Order,1309.83,0
RTL_01,2025-02-11,Sales Order,1399.42,0
RTL_01,2025-02-12,Sales Order,1244.03,0
RTL_01,2025-02-13,Sales Order,1653.07,0
RTL_01,2025-02-14,Sales Order,1125.99,0
RTL_01,2025-02-15,Sales Order,1083.07,0
RTL_01,2025-02-16,Sales Order,1772.98,0
RTL_01,2025-02-17,Sales Order,1680.78,0
RTL_01,2025-02-18,Sales Order,1387.41,0
RTL_01,2025-02-19,Sales Order,2128.19,0
RTL_01,2025-02-20,Sales Order,1046.82,0
RTL_01,2025-02-21,Sales Order,1988.27,0
RTL_01,2025-02-22,Sales Order,1491.07,0
RTL_01,2025-02-23,Sales Order,1516.92,0
RTL_01,2025-02-24,Sales Order,1566.73,0
RTL_01,2025-02-25,Sales Order,1063.33,0
RTL_01,2025-02-26,Sales Order,1464.0,0
RTL_01,2025-02-27,Sales Order,1200.99,0
RTL_01,2025-02-28,Sales Order,1368.45,0
RTL_01,2025-03-01,Sales Order,1280.26,0
RTL_01,2025-03-02,Sales Order,1809.97,0
RTL_01,2025-03-03,Sales Order,1630.29,0
RTL_01,2025-03-04,Sales Order,1557.85,0
RTL_01,2025-03-05,Sales Order,1782.29,0
RTL_01,2025-03-06,Sales Order,1551.05,0
RTL_01,2025-03-07,Sales Order,1708.9,0
RTL_01,2025-03-08,Sales Order,1616.67,0
RTL_01,2025-03-09,Sales Order,1282.44,0
RTL_01,2025-03-10,Sales Order,1189.88,0
RTL_01,2025-03-11,Sales Order,1334.72,0
RTL_01,2025-03-12,Sales Order,1251.48,0
RTL_01,2025-03-13,Sales Order,1522.96,0
RTL_01,2025-03-14,Sales Order,1464.77,0
RTL_01,2025-03-15,Sales Order,1421.92,0
RTL_01,2025-03-16,Sales Order,1885.82,0
RTL_01,2025-03-17,Sales Order,1778.74,0
RTL_01,2025-03-18,Sales Order,1364.43,0
RTL_01,2025-03-19,Sales Order,1535.19,0
RTL_01,2025-03-20,Sales Order,1683.67,0
RTL_01,2025-03-21,Sales Order,1271.19,0
RTL_01,2025-03-22,Sales Order,2184.77,0
RTL_01,2025-03-23,Sales Order,1502.91,0
RTL_01,2025-03-24,Sales Order,1622.59,0
RTL_01,2025-03-25,Sales Order,1896.87,0
RTL_01,2025-03-26,Sales Order,1766.25,0
RTL_01,2025-03-27,Sales Order,1790.45,0
RTL_01,2025-03-28,Sales Order,1841.94,0
RTL_01,2025-03-29,Sales Order,2031.24,0
RTL_01,2025-03-30,Sales Order,1440.39,0
RTL_01,2025-03-31,Sales Order,1891.98,0
RTL_01,2025-04-01,Sales Order,1499.36,0
RTL_01,2025-04-02,Sales Order,1762.22,0
RTL_01,2025-04-03,Sales Order,1634.6,0
RTL_01,2025-04-04,Sales Order,1407.03,0
RTL_01,2025-04-05,Sales Order,1315.34,0
RTL_01,2025-04-06,Sales Order,1640.76,0
RTL_01,2025-04-07,Sales Order,1437.96,0
RTL_01,2025-04-08,Sales Order,1311.32,0
RTL_01,2025-04-09,Sales Order,1262.68,0
RTL_01,2025-04-10,Sales Order,1148.49,0
RTL_02,2025-01-01,Sales Order,1835.1,0
RTL_02,2025-01-02,Sales Order,1502.29,0
RTL_02,2025-01-03,Sales Order,1641.7,0
RTL_02,2025-01-04,Sales Order,1656.12,0
RTL_02,2025-01-05,Sales Order,1482.87,0
RTL_02,2025-01-06,Sales Order,1463.61,0
RTL_02,2025-01-07,Sales Order,1318.09,0
RTL_02,2025-01-08,Sales Order,988.72,0
RTL_02,2025-01-09,Sales Order,1807.57,0
RTL_02,2025-01-10,Sales Order,1477.07,0
RTL_02,2025-01-11,Sales Order,1576.12,0
RTL_02,2025-01-12,Sales Order,1583.31,0
RTL_02,2025-01-13,Sales Order,1146.1,0
RTL_02,2025-01-14,Sales Order,1819.72,0
RTL_02,2025-01-15,Sales Order,1704.21,0
RTL_02,2025-01-16,Sales Order,1653.18,0
RTL_02,2025-01-17,Sales Order,1617.24,0
RTL_02,2025-01-18,Sales Order,1391.27,0
RTL_02,2025-01-19,Sales Order,1572.33,0
RTL_02,2025-01-20,Sales Order,1012.88,0
RTL_02,2025-01-21,Sales Order,2120.85,0
RTL_02,2025-01-22,Sales Order,2187.9,0
RTL_02,2025-01-23,Sales Order,1725.73,0
RTL_02,2025-01-24,Sales Order,1783.05,0
RTL_02,2025-01-25,Sales Order,1926.01,0
RTL_02,2025-01-26,Sales Order,1522.71,0
RTL_02,2025-01-27,Sales Order,1061.63,0
RTL_02,2025-01-28,Sales Order,1673.25,0
RTL_02,2025-01-29,Sales Order,1383.05,0
RTL_02,2025-01-30,Sales Order,1378.44,0
RTL_02,2025-01-31,Sales Order,1118.79,0
RTL_02,2025-02-01,Sales Order,1736.22,0
RTL_02,2025-02-02,Sales Order,1579.89,0
RTL_02,2025-02-03,Sales Order,1403.38,0
RTL_02,2025-02-04,Sales Order,1897.15,0
RTL_02,2025-02-05,Sales Order,1790.33,0
RTL_02,2025-02-06,Sales Order,1254.88,0
RTL_02,2025-02-07,Sales Order,1345.36,0
RTL_02,2025-02-08,Sales Order,1749.06,0
RTL_02,2025-02-09,Sales Order,1441.44,0
RTL_02,2025-02-10,Sales Order,1651.33,0
RTL_02,2025-02-11,Sales Order,1682.53,0
RTL_02,2025-02-12,Sales Order,1822.65,0
RTL_02,2025-02-13,Sales Order,1688.77,0
RTL_02,2025-02-14,Sales Order,1174.23,0
RTL_02,2025-02-15,Sales Order,1263.29,0
RTL_02,2025-02-16,Sales Order,1581.62,0
RTL_02,2025-02-17,Sales Order,1056.57,0
RTL_02,2025-02-18,Sales Order,1748.99,0
RTL_02,2025-02-19,Sales Order,1147.57,0
RTL_02,2025-02-20,Sales Order,1386.63,0
RTL_02,2025-02-21,Sales Order,1837.0,0
RTL_02,2025-02-22,Sales Order,1496.66,1
RTL_02,2025-02-23,Sales Order,1253.59,0
RTL_02,2025-02-24,Sales Order,1830.22,1
RTL_02,2025-02-25,Sales Order,1403.32,0
RTL_02,2025-02-26,Sales Order,1200.14,0
RTL_02,2025-02-27,Sales Order,1299.15,0
RTL_02,2025-02-28,Sales Order,1643.34,0
RTL_02,2025-03-01,Sales Order,1436.82,0
RTL_02,2025-03-02,Sales Order,1204.03,0
RTL_02,2025-03-03,Sales Order,1833.96,0
RTL_02,2025-03-04,Sales Order,1506.89,1
RTL_02,2025-03-05,Sales Order,1446.43,1
RTL_02,2025-03-06,Sales Order,1600.75,0
RTL_02,2025-03-07,Sales Order,1525.75,0
RTL_02,2025-03-08,Sales Order,1260.09,0
RTL_02,2025-03-09,Sales Order,1249.07,0
RTL_02,2025-03-10,Sales Order,1817.25,0
RTL_02,2025-03-11,Sales Order,1680.76,1
RTL_02,2025-03-12,Sales Order,1370.5,1
RTL_02,2025-03-13,Sales Order,1827.65,0
RTL_02,2025-03-14,Sales Order,1214.55,0
RTL_02,2025-03-15,Sales Order,1433.57,0
RTL_02,2025-03-16,Sales Order,1454.29,0
RTL_02,2025-03-17,Sales Order,1401.17,0
RTL_02,2025-03-18,Sales Order,1557.93,1
RTL_02,2025-03-19,Sales Order,1416.43,0
RTL_02,2025-03-20,Sales Order,1113.81,0
RTL_02,2025-03-21,Sales Order,1616.49,0
RTL_02,2025-03-22,Sales Order,1491.29,0
RTL_02,2025-03-23,Sales Order,1351.76,0
RTL_02,2025-03-24,Sales Order,1875.21,0
RTL_02,2025-03-25,Sales Order,2123.95,0
RTL_02,2025-03-26,Sales Order,1467.5,1
RTL_02,2025-03-27,Sales Order,1325.04,0
RTL_02,2025-03-28,Sales Order,1427.77,0
RTL_02,2025-03-29,Sales Order,2109.8,1
RTL_02,2025-03-30,Sales Order,1582.38,1
RTL_02,2025-03-31,Sales Order,1280.36,0
RTL_02,2025-04-01,Sales Order,1395.5,0
RTL_02,2025-04-02,Sales Order,1445.38,0
RTL_02,2025-04-03,Sales Order,1119.14,0
RTL_02,2025-04-04,Sales Order,1500.93,1
RTL_02,2025-04-05,Sales Order,1806.94,0
RTL_02,2025-04-06,Sales Order,1731.68,1
RTL_02,2025-04-07,Sales Order,1411.78,0
RTL_02,2025-04-08,Sales Order,1495.1,1
RTL_02,2025-04-09,Sales Order,1215.23,1
RTL_02,2025-04-10,Sales Order,1551.06,0
RTL_03,2025-01-01,Sales Order,1824.73,0
RTL_03,2025-01-02,Sales Order,1094.59,0
RTL_03,2025-01-03,Sales Order,2076.67,0
RTL_03,2025-01-04,Sales Order,1153.79,0
RTL_03,2025-01-05,Sales Order,1184.53,0
RTL_03,2025-01-06,Sales Order,1675.06,0
RTL_03,2025-01-07,Sales Order,934.9,0
RTL_03,2025-01-08,Sales Order,1828.2,0
RTL_03,2025-01-09,Sales Order,1478.04,0
RTL_03,2025-01-10,Sales Order,1663.4,0
RTL_03,2025-01-11,Sales Order,1162.89,0
RTL_03,2025-01-12,Sales Order,1846.52,0
RTL_03,2025-01-13,Sales Order,1710.07,0
RTL_03,2025-01-14,Sales Order,1351.26,0
RTL_03,2025-01-15,Sales Order,1886.99,0
RTL_03,2025-01-16,Sales Order,410.89,0
RTL_03,2025-01-17,Sales Order,1648.33,0
RTL_03,2025-01-18,Sales Order,1455.97,0
RTL_03,2025-01-19,Sales Order,1174.53,0
RTL_03,2025-01-20,Sales Order,1572.55,0
RTL_03,2025-01-21,Sales Order,1704.62,0
RTL_03,2025-01-22,Sales Order,1198.29,0
RTL_03,2025-01-23,Sales Order,1451.07,0
RTL_03,2025-01-24,Sales Order,1483.04,0
RTL_03,2025-01-25,Sales Order,1660.85,0
RTL_03,2025-01-26,Sales Order,2002.24,0
RTL_03,2025-01-27,Sales Order,1310.06,0
RTL_03,2025-01-28,Sales Order,2039.14,0
RTL_03,2025-01-29,Sales Order,966.06,0
RTL_03,2025-01-30,Sales Order,1623.14,0
RTL_03,2025-01-31,Sales Order,796.0,0
RTL_03,2025-02-01,Sales Order,1529.39,0
RTL_03,2025-02-02,Sales Order,1795.69,0
RTL_03,2025-02-03,Sales Order,2328.19,0
RTL_03,2025-02-04,Sales Order,1520.21,0
RTL_03,2025-02-05,Sales Order,1193.64,0
RTL_03,2025-02-06,Sales Order,1920.24,0
RTL_03,2025-02-07,Sales Order,1516.85,0
RTL_03,2025-02-08,Sales Order,1540.26,0
RTL_03,2025-02-09,Sales Order,1875.42,0
RTL_03,2025-02-10,Sales Order,1947.37,0
RTL_03,2025-02-11,Sales Order,790.87,0
RTL_03,2025-02-12,Sales Order,1521.1,0
RTL_03,2025-02-13,Sales Order,1493.29,0
RTL_03,2025-02-14,Sales Order,1062.12,0
RTL_03,2025-02-15,Sales Order,835.18,0
RTL_03,2025-02-16,Sales Order,1472.63,0
RTL_03,2025-02-17,Sales Order,1310.15,0
RTL_03,2025-02-18,Sales Order,1203.31,0
RTL_03,2025-02-19,Sales Order,1443.76,0
RTL_03,2025-02-20,Sales Order,1356.29,0
RTL_03,2025-02-21,Sales Order,1507.2,0
RTL_03,2025-02-22,Sales Order,1456.83,0
RTL_03,2025-02-23,Sales Order,1324.31,0
RTL_03,2025-02-24,Sales Order,868.87,0
RTL_03,2025-02-25,Sales Order,1421.24,0
RTL_03,2025-02-26,Sales Order,1658.01,1
RTL_03,2025-02-27,Sales Order,1593.32,0
RTL_03,2025-02-28,Sales Order,1972.75,0
RTL_03,2025-03-01,Sales Order,1740.24,0
RTL_03,2025-03-02,Sales Order,1526.43,0
RTL_03,2025-03-03,Sales Order,1817.31,0
RTL_03,2025-03-04,Sales Order,1296.61,0
RTL_03,2025-03-05,Sales Order,864.2,1
RTL_03,2025-03-06,Sales Order,1745.78,0
RTL_03,2025-03-07,Sales Order,1624.62,0
RTL_03,2025-03-08,Sales Order,1637.38,0
RTL_03,2025-03-09,Sales Order,1703.28,0
RTL_03,2025-03-10,Sales Order,468.42,1
RTL_03,2025-03-11,Sales Order,1263.11,0
RTL_03,2025-03-12,Sales Order,1480.52,1
RTL_03,2025-03-13,Sales Order,1706.01,0
RTL_03,2025-03-14,Sales Order,1792.07,1
RTL_03,2025-03-15,Sales Order,938.92,0
RTL_03,2025-03-16,Sales Order,1415.92,1
RTL_03,2025-03-17,Sales Order,1658.09,0
RTL_03,2025-03-18,Sales Order,886.56,1
RTL_03,2025-03-19,Sales Order,1448.0,0
RTL_03,2025-03-20,Sales Order,1908.85,0
RTL_03,2025-03-21,Sales Order,1580.88,0
RTL_03,2025-03-22,Sales Order,1500.42,0
RTL_03,2025-03-23,Sales Order,1955.87,1
RTL_03,2025-03-24,Sales Order,2269.0,0
RTL_03,2025-03-25,Sales Order,1557.88,1
RTL_03,2025-03-26,Sales Order,1676.41,0
RTL_03,2025-03-27,Sales Order,1146.52,0
RTL_03,2025-03-28,Sales Order,1224.59,0
RTL_03,2025-03-29,Sales Order,1343.31,1
RTL_03,2025-03-30,Sales Order,2311.86,0
RTL_03,2025-03-31,Sales Order,1848.13,1
RTL_03,2025-04-01,Sales Order,2136.96,0
RTL_03,2025-04-02,Sales Order,1067.58,1
RTL_03,2025-04-03,Sales Order,1259.13,0
RTL_03,2025-04-04,Sales Order,1560.24,0
RTL_03,2025-04-05,Sales Order,1420.86,0
RTL_03,2025-04-06,Sales Order,1561.39,1
RTL_03,2025-04-07,Sales Order,1557.95,1
RTL_03,2025-04-08,Sales Order,1757.1,0
RTL_03,2025-04-09,Sales Order,2055.45,1
RTL_03,2025-04-10,Sales Order,1622.87,1
RTL_04,2025-01-01,Sales Order,1047.11,0
RTL_04,2025-01-02,Sales Order,1779.52,0
RTL_04,2025-01-03,Sales Order,1816.15,0
RTL_04,2025-01-04,Sales Order,1627.43,0
RTL_04,2025-01-05,Sales Order,1682.62,0
RTL_04,2025-01-06,Sales Order,1713.1,0
RTL_04,2025-01-07,Sales Order,1884.79,0
RTL_04,2025-01-08,Sales Order,1159.27,0
RTL_04,2025-01-09,Sales Order,984.15,0
RTL_04,2025-01-10,Sales Order,945.43,0
RTL_04,2025-01-11,Sales Order,1852.81,0
RTL_04,2025-01-12,Sales Order,281.23,0
RTL_04,2025-01-13,Sales Order,1579.05,0
RTL_04,2025-01-14,Sales Order,1111.08,0
RTL_04,2025-01-15,Sales Order,1034.36,0
RTL_04,2025-01-16,Sales Order,1366.25,0
RTL_04,2025-01-17,Sales Order,1924.12,0
RTL_04,2025-01-18,Sales Order,1240.74,0
RTL_04,2025-01-19,Sales Order,1297.61,0
RTL_04,2025-01-20,Sales Order,1670.93,0
RTL_04,2025-01-21,Sales Order,1375.93,0
RTL_04,2025-01-22,Sales Order,1768.56,0
RTL_04,2025-01-23,Sales Order,2079.39,0
RTL_04,2025-01-24,Sales Order,1055.02,0
RTL_04,2025-01-25,Sales Order,2712.62,0
RTL_04,2025-01-26,Sales Order,1967.74,0
RTL_04,2025-01-27,Sales Order,794.27,0
RTL_04,2025-01-28,Sales Order,1367.98,0
RTL_04,2025-01-29,Sales Order,2636.58,0
RTL_04,2025-01-30,Sales Order,1497.18,0
RTL_04,2025-01-31,Sales Order,1997.54,0
RTL_04,2025-02-01,Sales Order,1862.13,0
RTL_04,2025-02-02,Sales Order,1419.72,0
RTL_04,2025-02-03,Sales Order,2270.34,0
RTL_04,2025-02-04,Sales Order,1623.86,0
RTL_04,2025-02-05,Sales Order,1429.1,0
RTL_04,2025-02-06,Sales Order,1796.06,0
RTL_04,2025-02-07,Sales Order,1493.29,0
RTL_04,2025-02-08,Sales Order,1928.44,0
RTL_04,2025-02-09,Sales Order,882.22,0
RTL_04,2025-02-10,Sales Order,1007.75,0
RTL_04,2025-02-11,Sales Order,2136.21,0
RTL_04,2025-02-12,Sales Order,1647.5,0
RTL_04,2025-02-13,Sales Order,1283.61,0
RTL_04,2025-02-14,Sales Order,862.99,0
RTL_04,2025-02-15,Sales Order,1081.45,0
RTL_04,2025-02-16,Sales Order,1198.83,0
RTL_04,2025-02-17,Sales Order,618.07,0
RTL_04,2025-02-18,Sales Order,2143.15,0
RTL_04,2025-02-19,Sales Order,1615.19,0
RTL_04,2025-02-20,Sales Order,2012.67,0
RTL_04,2025-02-21,Sales Order,1324.68,0
RTL_04,2025-02-22,Sales Order,1249.36,0
RTL_04,2025-02-23,Sales Order,1395.06,0
RTL_04,2025-02-24,Sales Order,2366.71,0
RTL_04,2025-02-25,Sales Order,1434.56,0
RTL_04,2025-02-26,Sales Order,1138.65,0
RTL_04,2025-02-27,Sales Order,1517.66,0
RTL_04,2025-02-28,Sales Order,1317.33,0
RTL_04,2025-03-01,Sales Order,1510.99,0
RTL_04,2025-03-02,Sales Order,1532.22,0
RTL_04,2025-03-03,Sales Order,1793.91,0
RTL_04,2025-03-04,Sales Order,1484.66,0
RTL_04,2025-03-05,Sales Order,1497.43,0
RTL_04,2025-03-06,Sales Order,1745.49,0
RTL_04,2025-03-07,Sales Order,1360.78,0
RTL_04,2025-03-08,Sales Order,1956.08,0
RTL_04,2025-03-09,Sales Order,1988.68,0
RTL_04,2025-03-10,Sales Order,2208.04,0
RTL_04,2025-03-11,Sales Order,1103.66,0
RTL_04,2025-03-12,Sales Order,1460.49,0
RTL_04,2025-03-13,Sales Order,1579.27,0
RTL_04,2025-03-14,Sales Order,696.46,0
RTL_04,2025-03-15,Sales Order,1013.75,0
RTL_04,2025-03-16,Sales Order,1624.21,0
RTL_04,2025-03-17,Sales Order,695.01,0
RTL_04,2025-03-18,Sales Order,2185.41,0
RTL_04,2025-03-19,Sales Order,678.55,0
RTL_04,2025-03-20,Sales Order,796.53,0
RTL_04,2025-03-21,Sales Order,2216.04,0
RTL_04,2025-03-22,Sales Order,1346.12,0
RTL_04,2025-03-23,Sales Order,1618.44,0
RTL_04,2025-03-24,Sales Order,1427.18,0
RTL_04,2025-03-25,Sales Order,1715.95,0
RTL_04,2025-03-26,Sales Order,2062.95,0
RTL_04,2025-03-27,Sales Order,2357.05,0
RTL_04,2025-03-28,Sales Order,1778.15,0
RTL_04,2025-03-29,Sales Order,466.5,0
RTL_04,2025-03-30,Sales Order,1345.91,0
RTL_04,2025-03-31,Sales Order,1290.19,0
RTL_04,2025-04-01,Sales Order,2134.65,0
RTL_04,2025-04-02,Sales Order,1373.73,0
RTL_04,2025-04-03,Sales Order,2167.2,0
RTL_04,2025-04-04,Sales Order,1180.11,0
RTL_04,2025-04-05,Sales Order,1593.9,0
RTL_04,2025-04-06,Sales Order,2053.11,0
RTL_04,2025-04-07,Sales Order,1662.82,0
RTL_04,2025-04-08,Sales Order,1821.3,0
RTL_04,2025-04-09,Sales Order,1417.24,0
RTL_04,2025-04-10,Sales Order,1296.59,0
RTL_05,2025-01-01,Sales Order,1435.53,0
RTL_05,2025-01-02,Sales Order,1018.19,0
RTL_05,2025-01-03,Sales Order,1688.54,0
RTL_05,2025-01-04,Sales Order,1437.03,0
RTL_05,2025-01-05,Sales Order,2016.37,0
RTL_05,2025-01-06,Sales Order,1481.44,0
RTL_05,2025-01-07,Sales Order,1765.22,0
RTL_05,2025-01-08,Sales Order,1554.72,0
RTL_05,2025-01-09,Sales Order,1959.1,0
RTL_05,2025-01-10,Sales Order,1251.49,0
RTL_05,2025-01-11,Sales Order,1546.82,0
RTL_05,2025-01-12,Sales Order,1753.17,0
RTL_05,2025-01-13,Sales Order,1601.21,0
RTL_05,2025-01-14,Sales Order,1457.47,0
RTL_05,2025-01-15,Sales Order,1495.7,0
RTL_05,2025-01-16,Sales Order,1353.05,0
RTL_05,2025-01-17,Sales Order,1620.15,0
RTL_05,2025-01-18,Sales Order,1486.64,0
RTL_05,2025-01-19,Sales Order,1564.59,0
RTL_05,2025-01-20,Sales Order,1443.29,0
RTL_05,2025-01-21,Sales Order,1427.42,0
RTL_05,2025-01-22,Sales Order,1224.74,0
RTL_05,2025-01-23,Sales Order,1664.19,0
RTL_05,2025-01-24,Sales Order,1358.25,0
RTL_05,2025-01-25,Sales Order,1485.58,0
RTL_05,2025-01-26,Sales Order,1650.39,0
RTL_05,2025-01-27,Sales Order,1639.85,0
RTL_05,2025-01-28,Sales Order,1563.46,0
RTL_05,2025-01-29,Sales Order,1507.86,0
RTL_05,2025-01-30,Sales Order,1506.34,0
RTL_05,2025-01-31,Sales Order,1255.82,0
RTL_05,2025-02-01,Sales Order,1712.73,0
RTL_05,2025-02-02,Sales Order,1906.54,0
RTL_05,2025-02-03,Sales Order,1420.07,0
RTL_05,2025-02-04,Sales Order,1305.64,0
RTL_05,2025-02-05,Sales Order,1508.45,0
RTL_05,2025-02-06,Sales Order,1411.61,0
RTL_05,2025-02-07,Sales Order,1473.7,0
RTL_05,2025-02-08,Sales Order,1104.97,0
RTL_05,2025-02-09,Sales Order,1551.19,0
RTL_05,2025-02-10,Sales Order,1322.83,0
RTL_05,2025-02-11,Sales Order,1253.0,0
RTL_05,2025-02-12,Sales Order,1540.7,0
RTL_05,2025-02-13,Sales Order,1566.57,0
RTL_05,2025-02-14,Sales Order,1594.35,0
RTL_05,2025-02-15,Sales Order,1362.59,0
RTL_05,2025-02-16,Sales Order,1294.61,0
RTL_05,2025-02-17,Sales Order,1945.76,0
RTL_05,2025-02-18,Sales Order,1608.77,0
RTL_05,2025-02-19,Sales Order,1554.73,0
RTL_05,2025-02-20,Sales Order,1270.55,0
RTL_05,2025-02-21,Sales Order,1728.14,0
RTL_05,2025-02-22,Sales Order,1092.33,0
RTL_05,2025-02-23,Sales Order,1375.85,0
RTL_05,2025-02-24,Sales Order,1723.21,0
RTL_05,2025-02-25,Sales Order,1647.84,0
RTL_05,2025-02-26,Sales Order,1326.98,0
RTL_05,2025-02-27,Sales Order,1350.06,0
RTL_05,2025-02-28,Sales Order,1967.45,0
RTL_05,2025-03-01,Sales Order,1592.2,0
RTL_05,2025-03-02,Sales Order,1713.15,0
RTL_05,2025-03-03,Sales Order,1860.41,0
RTL_05,2025-03-04,Sales Order,1550.78,0
RTL_05,2025-03-05,Sales Order,1576.88,0
RTL_05,2025-03-06,Sales Order,1535.68,0
RTL_05,2025-03-07,Sales Order,1624.42,0
RTL_05,2025-03-08,Sales Order,1396.08,0
RTL_05,2025-03-09,Sales Order,1198.34,0
RTL_05,2025-03-10,Sales Order,1480.35,0
RTL_05,2025-03-11,Sales Order,1344.68,0
RTL_05,2025-03-12,Sales Order,1471.1,0
RTL_05,2025-03-13,Sales Order,1643.98,0
RTL_05,2025-03-14,Sales Order,1747.16,0
RTL_05,2025-03-15,Sales Order,1579.68,0
RTL_05,2025-03-16,Sales Order,1561.61,0
RTL_05,2025-03-17,Sales Order,1402.72,0
RTL_05,2025-03-18,Sales Order,1364.9,0
RTL_05,2025-03-19,Sales Order,1661.59,0
RTL_05,2025-03-20,Sales Order,1418.86,0
RTL_05,2025-03-21,Sales Order,1782.26,0
RTL_05,2025-03-22,Sales Order,1392.44,0
RTL_05,2025-03-23,Sales Order,1421.63,0
RTL_05,2025-03-24,Sales Order,1620.46,0
RTL_05,2025-03-25,Sales Order,1519.65,0
RTL_05,2025-03-26,Sales Order,1478.59,0
RTL_05,2025-03-27,Sales Order,1579.62,0
RTL_05,2025-03-28,Sales Order,1595.14,0
RTL_05,2025-03-29,Sales Order,1357.65,0
RTL_05,2025-03-30,Sales Order,1315.23,0
RTL_05,2025-03-31,Sales Order,1638.78,0
RTL_05,2025-04-01,Sales Order,1453.77,0
RTL_05,2025-04-02,Sales Order,1426.1,0
RTL_05,2025-04-03,Sales Order,1377.38,0
RTL_05,2025-04-04,Sales Order,1465.1,0
RTL_05,2025-04-05,Sales Order,1644.02,0
RTL_05,2025-04-06,Sales Order,1373.82,0
RTL_05,2025-04-07,Sales Order,1353.09,0
RTL_05,2025-04-08,Sales Order,1552.09,0
RTL_05,2025-04-09,Sales Order,1360.62,0
RTL_05,2025-04-10,Sales Order,1531.1,0
RTL_06,2025-01-01,Sales Order,1493.75,0
RTL_06,2025-01-02,Sales Order,1553.37,0
RTL_06,2025-01-03,Sales Order,1503.14,0
RTL_06,2025-01-04,Sales Order,1276.47,0
RTL_06,2025-01-05,Sales Order,1618.71,0
RTL_06,2025-01-06,Sales Order,1570.92,0
RTL_06,2025-01-07,Sales Order,1113.2,0
RTL_06,2025-01-08,Sales Order,1396.92,0
RTL_06,2025-01-09,Sales Order,1338.28,0
RTL_06,2025-01-10,Sales Order,1397.76,0
RTL_06,2025-01-11,Sales Order,1650.28,0
RTL_06,2025-01-12,Sales Order,1265.8,0
RTL_06,2025-01-13,Sales Order,1337.29,0
RTL_06,2025-01-14,Sales Order,1591.28,0
RTL_06,2025-01-15,Sales Order,1614.58,0
RTL_06,2025-01-16,Sales Order,1373.11,0
RTL_06,2025-01-17,Sales Order,1626.11,0
RTL_06,2025-01-18,Sales Order,1384.02,0
RTL_06,2025-01-19,Sales Order,1786.04,0
RTL_06,2025-01-20,Sales Order,1654.82,0
RTL_06,2025-01-21,Sales Order,1460.43,0
RTL_06,2025-01-22,Sales Order,1326.54,0
RTL_06,2025-01-23,Sales Order,1719.27,0
RTL_06,2025-01-24,Sales Order,1341.65,0
RTL_06,2025-01-25,Sales Order,1407.81,0
RTL_06,2025-01-26,Sales Order,1311.71,0
RTL_06,2025-01-27,Sales Order,1684.46,0
RTL_06,2025-01-28,Sales Order,1673.84,0
RTL_06,2025-01-29,Sales Order,1702.38,0
RTL_06,2025-01-30,Sales Order,1884.43,0
RTL_06,2025-01-31,Sales Order,1769.71,0
RTL_06,2025-02-01,Sales Order,1452.34,0
RTL_06,2025-02-02,Sales Order,1610.94,0
RTL_06,2025-02-03,Sales Order,1612.61,0
RTL_06,2025-02-04,Sales Order,1660.64,0
RTL_06,2025-02-05,Sales Order,1488.15,0
RTL_06,2025-02-06,Sales Order,1711.6,0
RTL_06,2025-02-07,Sales Order,1496.37,0
RTL_06,2025-02-08,Sales Order,1558.66,0
RTL_06,2025-02-09,Sales Order,1399.52,0
RTL_06,2025-02-10,Sales Order,1782.77,0
RTL_06,2025-02-11,Sales Order,1322.55,0
RTL_06,2025-02-12,Sales Order,1636.27,0
RTL_06,2025-02-13,Sales Order,1561.03,0
RTL_06,2025-02-14,Sales Order,1393.04,0
RTL_06,2025-02-15,Sales Order,1580.46,0
RTL_06,2025-02-16,Sales Order,1472.67,0
RTL_06,2025-02-17,Sales Order,1664.52,0
RTL_06,2025-02-18,Sales Order,1685.4,0
RTL_06,2025-02-19,Sales Order,1310.99,0
RTL_06,2025-02-20,Sales Order,1368.9,0
RTL_06,2025-02-21,Sales Order,1372.06,0
RTL_06,2025-02-22,Sales Order,1426.71,0
RTL_06,2025-02-23,Sales Order,1543.69,0
RTL_06,2025-02-24,Sales Order,1818.47,0
RTL_06,2025-02-25,Sales Order,1373.1,1
RTL_06,2025-02-26,Sales Order,1458.05,0
RTL_06,2025-02-27,Sales Order,1681.82,0
RTL_06,2025-02-28,Sales Order,1371.13,0
RTL_06,2025-03-01,Sales Order,1616.46,1
RTL_06,2025-03-02,Sales Order,1486.65,0
RTL_06,2025-03-03,Sales Order,1582.89,0
RTL_06,2025-03-04,Sales Order,1806.9,0
RTL_06,2025-03-05,Sales Order,1576.3,1
RTL_06,2025-03-06,Sales Order,1490.94,0
RTL_06,2025-03-07,Sales Order,1160.83,1
RTL_06,2025-03-08,Sales Order,1552.6,1
RTL_06,2025-03-09,Sales Order,1383.29,0
RTL_06,2025-03-10,Sales Order,1477.28,0
RTL_06,2025-03-11,Sales Order,1435.38,1
RTL_06,2025-03-12,Sales Order,1660.87,0
RTL_06,2025-03-13,Sales Order,1473.71,1
RTL_06,2025-03-14,Sales Order,1312.02,1
RTL_06,2025-03-15,Sales Order,1608.36,1
RTL_06,2025-03-16,Sales Order,1610.98,0
RTL_06,2025-03-17,Sales Order,1278.66,0
RTL_06,2025-03-18,Sales Order,1578.24,1
RTL_06,2025-03-19,Sales Order,1336.45,0
RTL_06,2025-03-20,Sales Order,1418.73,0
RTL_06,2025-03-21,Sales Order,1496.53,0
RTL_06,2025-03-22,Sales Order,1596.96,0
RTL_06,2025-03-23,Sales Order,1517.83,0
RTL_06,2025-03-24,Sales Order,1500.53,0
RTL_06,2025-03-25,Sales Order,1666.34,0
RTL_06,2025-03-26,Sales Order,1457.89,0
RTL_06,2025-03-27,Sales Order,1777.4,0
RTL_06,2025-03-28,Sales Order,1526.73,0
RTL_06,2025-03-29,Sales Order,1526.35,0
RTL_06,2025-03-30,Sales Order,1633.85,0
RTL_06,2025-03-31,Sales Order,1773.6,0
RTL_06,2025-04-01,Sales Order,1665.2,0
RTL_06,2025-04-02,Sales Order,1773.47,0
RTL_06,2025-04-03,Sales Order,1467.45,1
RTL_06,2025-04-04,Sales Order,1645.33,0
RTL_06,2025-04-05,Sales Order,1789.98,0
RTL_06,2025-04-06,Sales Order,1435.02,0
RTL_06,2025-04-07,Sales Order,1481.5,1
RTL_06,2025-04-08,Sales Order,1653.52,0
RTL_06,2025-04-09,Sales Order,1502.22,0
RTL_06,2025-04-10,Sales Order,1479.98,0
RTL_07,2025-01-01,Sales Order,1471.97,0
RTL_07,2025-01-02,Sales Order,1479.33,0
RTL_07,2025-01-03,Sales Order,1492.74,0
RTL_07,2025-01-04,Sales Order,1983.02,0
RTL_07,2025-01-05,Sales Order,1261.73,0
RTL_07,2025-01-06,Sales Order,2155.87,0
RTL_07,2025-01-07,Sales Order,1324.95,0
RTL_07,2025-01-08,Sales Order,1280.83,0
RTL_07,2025-01-09,Sales Order,1323.46,0
RTL_07,2025-01-10,Sales Order,1673.29,0
RTL_07,2025-01-11,Sales Order,1496.24,0
RTL_07,2025-01-12,Sales Order,1799.51,0
RTL_07,2025-01-13,Sales Order,1279.98,0
RTL_07,2025-01-14,Sales Order,1053.04,0
RTL_07,2025-01-15,Sales Order,1400.91,0
RTL_07,2025-01-16,Sales Order,1574.73,0
RTL_07,2025-01-17,Sales Order,1107.39,0
RTL_07,2025-01-18,Sales Order,1471.55,0
RTL_07,2025-01-19,Sales Order,1643.07,0
RTL_07,2025-01-20,Sales Order,1284.52,0
RTL_07,2025-01-21,Sales Order,1279.89,0
RTL_07,2025-01-22,Sales Order,1207.45,0
RTL_07,2025-01-23,Sales Order,1461.68,0
RTL_07,2025-01-24,Sales Order,1621.9,0
RTL_07,2025-01-25,Sales Order,2233.94,0
RTL_07,2025-01-26,Sales Order,1811.26,0
RTL_07,2025-01-27,Sales Order,1162.96,0
RTL_07,2025-01-28,Sales Order,1089.48,0
RTL_07,2025-01-29,Sales Order,1470.54,0
RTL_07,2025-01-30,Sales Order,1919.92,0
RTL_07,2025-01-31,Sales Order,1675.54,0
RTL_07,2025-02-01,Sales Order,1359.14,0
RTL_07,2025-02-02,Sales Order,1767.56,0
RTL_07,2025-02-03,Sales Order,1867.93,0
RTL_07,2025-02-04,Sales Order,1890.47,0
RTL_07,2025-02-05,Sales Order,1215.13,0
RTL_07,2025-02-06,Sales Order,1616.85,0
RTL_07,2025-02-07,Sales Order,1157.76,0
RTL_07,2025-02-08,Sales Order,1284.84,0
RTL_07,2025-02-09,Sales Order,1158.45,0
RTL_07,2025-02-10,Sales Order,1430.03,0
RTL_07,2025-02-11,Sales Order,1116.4,0
RTL_07,2025-02-12,Sales Order,1707.0,0
RTL_07,2025-02-13,Sales Order,1496.71,0
RTL_07,2025-02-14,Sales Order,1269.08,0
RTL_07,2025-02-15,Sales Order,1629.67,0
RTL_07,2025-02-16,Sales Order,1908.9,0
RTL_07,2025-02-17,Sales Order,1592.26,0
RTL_07,2025-02-18,Sales Order,1344.09,0
RTL_07,2025-02-19,Sales Order,1424.17,0
RTL_07,2025-02-20,Sales Order,1472.19,0
RTL_07,2025-02-21,Sales Order,1312.6,0
RTL_07,2025-02-22,Sales Order,1042.75,0
RTL_07,2025-02-23,Sales Order,1398.89,0
RTL_07,2025-02-24,Sales Order,1831.96,0
RTL_07,2025-02-25,Sales Order,1279.02,0
RTL_07,2025-02-26,Sales Order,984.36,0
RTL_07,2025-02-27,Sales Order,1476.28,0
RTL_07,2025-02-28,Sales Order,1794.59,0
RTL_07,2025-03-01,Sales Order,1039.89,0
RTL_07,2025-03-02,Sales Order,1550.76,0
RTL_07,2025-03-03,Sales Order,1609.91,0
RTL_07,2025-03-04,Sales Order,1643.41,0
RTL_07,2025-03-05,Sales Order,1648.81,0
RTL_07,2025-03-06,Sales Order,1662.45,0
RTL_07,2025-03-07,Sales Order,1076.89,0
RTL_07,2025-03-08,Sales Order,1664.57,0
RTL_07,2025-03-09,Sales Order,1867.97,0
RTL_07,2025-03-10,Sales Order,1440.79,0
RTL_07,2025-03-11,Sales Order,1599.22,0
RTL_07,2025-03-12,Sales Order,1229.02,0
RTL_07,2025-03-13,Sales Order,1848.06,0
RTL_07,2025-03-14,Sales Order,1334.81,0
RTL_07,2025-03-15,Sales Order,1940.62,0
RTL_07,2025-03-16,Sales Order,1398.51,0
RTL_07,2025-03-17,Sales Order,1681.05,0
RTL_07,2025-03-18,Sales Order,1357.51,0
RTL_07,2025-03-19,Sales Order,2001.6,0
RTL_07,2025-03-20,Sales Order,973.19,0
RTL_07,2025-03-21,Sales Order,1598.65,0
RTL_07,2025-03-22,Sales Order,944.52,0
RTL_07,2025-03-23,Sales Order,1178.17,0
RTL_07,2025-03-24,Sales Order,2005.4,0
RTL_07,2025-03-25,Sales Order,1742.56,0
RTL_07,2025-03-26,Sales Order,962.93,0
RTL_07,2025-03-27,Sales Order,1498.39,0
RTL_07,2025-03-28,Sales Order,1334.47,0
RTL_07,2025-03-29,Sales Order,1652.21,0
RTL_07,2025-03-30,Sales Order,1994.29,0
RTL_07,2025-03-31,Sales Order,1674.67,0
RTL_07,2025-04-01,Sales Order,1616.11,0
RTL_07,2025-04-02,Sales Order,1635.71,0
RTL_07,2025-04-03,Sales Order,1208.16,0
RTL_07,2025-04-04,Sales Order,1687.29,0
RTL_07,2025-04-05,Sales Order,1746.05,0
RTL_07,2025-04-06,Sales Order,1336.42,0
RTL_07,2025-04-07,Sales Order,1328.38,0
RTL_07,2025-04-08,Sales Order,1887.33,0
RTL_07,2025-04-09,Sales Order,1555.86,0
RTL_07,2025-04-10,Sales Order,1196.19,0
RTL_08,2025-01-01,Sales Order,1318.51,0
RTL_08,2025-01-02,Sales Order,1304.2,0
RTL_08,2025-01-03,Sales Order,1472.39,0
RTL_08,2025-01-04,Sales Order,1468.88,0
RTL_08,2025-01-05,Sales Order,1393.32,0
RTL_08,2025-01-06,Sales Order,2216.37,0
RTL_08,2025-01-07,Sales Order,1856.18,0
RTL_08,2025-01-08,Sales Order,2134.65,0
RTL_08,2025-01-09,Sales Order,774.76,0
RTL_08,2025-01-10,Sales Order,1547.56,0
RTL_08,2025-01-11,Sales Order,2002.75,0
RTL_08,2025-01-12,Sales Order,1810.44,0
RTL_08,2025-01-13,Sales Order,1209.27,0
RTL_08,2025-01-14,Sales Order,1176.48,0
RTL_08,2025-01-15,Sales Order,1910.85,0
RTL_08,2025-01-16,Sales Order,1409.05,0
RTL_08,2025-01-17,Sales Order,1777.44,0
RTL_08,2025-01-18,Sales Order,1567.02,0
RTL_08,2025-01-19,Sales Order,1449.66,0
RTL_08,2025-01-20,Sales Order,1551.56,0
RTL_08,2025-01-21,Sales Order,1144.97,0
RTL_08,2025-01-22,Sales Order,2228.03,0
RTL_08,2025-01-23,Sales Order,1734.6,0
RTL_08,2025-01-24,Sales Order,2098.85,0
RTL_08,2025-01-25,Sales Order,1273.53,0
RTL_08,2025-01-26,Sales Order,1268.67,0
RTL_08,2025-01-27,Sales Order,1363.38,0
RTL_08,2025-01-28,Sales Order,1131.28,0
RTL_08,2025-01-29,Sales Order,1790.22,0
RTL_08,2025-01-30,Sales Order,1804.92,0
RTL_08,2025-01-31,Sales Order,1280.4,0
RTL_08,2025-02-01,Sales Order,1363.2,0
RTL_08,2025-02-02,Sales Order,1661.17,0
RTL_08,2025-02-03,Sales Order,1177.93,0
RTL_08,2025-02-04,Sales Order,1324.83,0
RTL_08,2025-02-05,Sales Order,2167.82,0
RTL_08,2025-02-06,Sales Order,1180.5,0
RTL_08,2025-02-07,Sales Order,1278.82,0
RTL_08,2025-02-08,Sales Order,2571.91,0
RTL_08,2025-02-09,Sales Order,590.01,0
RTL_08,2025-02-10,Sales Order,993.14,0
RTL_08,2025-02-11,Sales Order,2269.17,0
RTL_08,2025-02-12,Sales Order,1324.73,0
RTL_08,2025-02-13,Sales Order,1713.9,0
RTL_08,2025-02-14,Sales Order,2407.12,0
RTL_08,2025-02-15,Sales Order,1193.14,0
RTL_08,2025-02-16,Sales Order,1246.86,0
RTL_08,2025-02-17,Sales Order,1675.8,0
RTL_08,2025-02-18,Sales Order,1467.55,0
RTL_08,2025-02-19,Sales Order,1275.35,0
RTL_08,2025-02-20,Sales Order,1442.94,0
RTL_08,2025-02-21,Sales Order,931.62,0
RTL_08,2025-02-22,Sales Order,1699.31,0
RTL_08,2025-02-23,Sales Order,1857.13,0
RTL_08,2025-02-24,Sales Order,1430.91,0
RTL_08,2025-02-25,Sales Order,1404.22,0
RTL_08,2025-02-26,Sales Order,1734.85,0
RTL_08,2025-02-27,Sales Order,1269.66,0
RTL_08,2025-02-28,Sales Order,1368.13,0
RTL_08,2025-03-01,Sales Order,1470.76,0
RTL_08,2025-03-02,Sales Order,2129.96,0
RTL_08,2025-03-03,Sales Order,1478.94,0
RTL_08,2025-03-04,Sales Order,1451.33,0
RTL_08,2025-03-05,Sales Order,1429.75,0
RTL_08,2025-03-06,Sales Order,1335.75,0
RTL_08,2025-03-07,Sales Order,1087.06,0
RTL_08,2025-03-08,Sales Order,1106.66,0
RTL_08,2025-03-09,Sales Order,1868.19,0
RTL_08,2025-03-10,Sales Order,1256.45,0
RTL_08,2025-03-11,Sales Order,1539.52,0
RTL_08,2025-03-12,Sales Order,1296.18,0
RTL_08,2025-03-13,Sales Order,931.71,0
RTL_08,2025-03-14,Sales Order,1301.11,0
RTL_08,2025-03-15,Sales Order,2097.83,0
RTL_08,2025-03-16,Sales Order,1322.58,0
RTL_08,2025-03-17,Sales Order,1210.54,0
RTL_08,2025-03-18,Sales Order,1316.89,0
RTL_08,2025-03-19,Sales Order,1356.79,0
RTL_08,2025-03-20,Sales Order,1597.79,0
RTL_08,2025-03-21,Sales Order,1323.83,0
RTL_08,2025-03-22,Sales Order,1458.23,0
RTL_08,2025-03-23,Sales Order,1289.91,0
RTL_08,2025-03-24,Sales Order,1652.99,0
RTL_08,2025-03-25,Sales Order,1633.2,0
RTL_08,2025-03-26,Sales Order,1590.59,0
RTL_08,2025-03-27,Sales Order,1770.95,0
RTL_08,2025-03-28,Sales Order,1457.53,0
RTL_08,2025-03-29,Sales Order,2019.09,0
RTL_08,2025-03-30,Sales Order,1699.51,0
RTL_08,2025-03-31,Sales Order,2136.73,0
RTL_08,2025-04-01,Sales Order,1465.89,0
RTL_08,2025-04-02,Sales Order,1616.46,0
RTL_08,2025-04-03,Sales Order,1208.06,0
RTL_08,2025-04-04,Sales Order,1506.69,0
RTL_08,2025-04-05,Sales Order,1850.08,0
RTL_08,2025-04-06,Sales Order,1343.58,0
RTL_08,2025-04-07,Sales Order,2138.58,0
RTL_08,2025-04-08,Sales Order,1510.99,0
RTL_08,2025-04-09,Sales Order,2177.53,0
RTL_08,2025-04-10,Sales Order,1051.16,0
